<?xml version="1.0" encoding="utf-8" standalone="yes"?>
<gpx version="1.1" creator="GPS Visualizer https://www.gpsvisualizer.com/" xmlns="http://www.topografix.com/GPX/1/1" xmlns:xsi="http://www.w3.org/2001/XMLSchema-instance" xsi:schemaLocation="http://www.topografix.com/GPX/1/1 http://www.topografix.com/GPX/1/1/gpx.xsd http://www.garmin.com/xmlschemas/TrackPointExtension/v2 http://www.garmin.com/xmlschemas/TrackPointExtensionv2.xsd" xmlns:gpxtpx="http://www.garmin.com/xmlschemas/TrackPointExtension/v2">
<trk>
  <name>CSN - Sapri Torraca 2025</name>
  <trkseg>
    <trkpt lat="40.07294" lon="15.62983">
      <ele>3.0</ele>
    </trkpt>
    <trkpt lat="40.07292" lon="15.62979">
      <ele>3.0</ele>
    </trkpt>
    <trkpt lat="40.07314" lon="15.63002">
      <ele>3.0</ele>
    </trkpt>
    <trkpt lat="40.07336" lon="15.63025">
      <ele>3.0</ele>
    </trkpt>
    <trkpt lat="40.07337" lon="15.63025">
      <ele>3.0</ele>
    </trkpt>
    <trkpt lat="40.074" lon="15.63089">
      <ele>3.4</ele>
    </trkpt>
    <trkpt lat="40.07421" lon="15.63111">
      <ele>4.0</ele>
    </trkpt>
    <trkpt lat="40.07468" lon="15.63156">
      <ele>4.0</ele>
    </trkpt>
    <trkpt lat="40.07468" lon="15.63156">
      <ele>4.0</ele>
    </trkpt>
    <trkpt lat="40.07518" lon="15.63201">
      <ele>4.0</ele>
    </trkpt>
    <trkpt lat="40.07518" lon="15.63201">
      <ele>4.0</ele>
    </trkpt>
    <trkpt lat="40.07518" lon="15.63201">
      <ele>4.0</ele>
    </trkpt>
    <trkpt lat="40.07498" lon="15.63233">
      <ele>4.0</ele>
    </trkpt>
    <trkpt lat="40.07454" lon="15.6331">
      <ele>4.895</ele>
    </trkpt>
    <trkpt lat="40.07451" lon="15.63318">
      <ele>4.658</ele>
    </trkpt>
    <trkpt lat="40.07448" lon="15.63331">
      <ele>4.201</ele>
    </trkpt>
    <trkpt lat="40.07447" lon="15.63336">
      <ele>4.092</ele>
    </trkpt>
    <trkpt lat="40.07457" lon="15.63336">
      <ele>4.452</ele>
    </trkpt>
    <trkpt lat="40.07464" lon="15.63339">
      <ele>4.704</ele>
    </trkpt>
    <trkpt lat="40.07474" lon="15.63345">
      <ele>5.027</ele>
    </trkpt>
    <trkpt lat="40.07485" lon="15.63352">
      <ele>5.309</ele>
    </trkpt>
    <trkpt lat="40.07497" lon="15.63357">
      <ele>5.76</ele>
    </trkpt>
    <trkpt lat="40.07497" lon="15.63357">
      <ele>5.76</ele>
    </trkpt>
    <trkpt lat="40.07497" lon="15.63357">
      <ele>5.76</ele>
    </trkpt>
    <trkpt lat="40.07475" lon="15.63388">
      <ele>5.1</ele>
    </trkpt>
    <trkpt lat="40.07442" lon="15.63419">
      <ele>4.912</ele>
    </trkpt>
    <trkpt lat="40.07439" lon="15.63422">
      <ele>4.804</ele>
    </trkpt>
    <trkpt lat="40.07414" lon="15.63443">
      <ele>4.091</ele>
    </trkpt>
    <trkpt lat="40.07407" lon="15.6345">
      <ele>4.478</ele>
    </trkpt>
    <trkpt lat="40.07396" lon="15.63457">
      <ele>4.86</ele>
    </trkpt>
    <trkpt lat="40.07389" lon="15.6346">
      <ele>4.998</ele>
    </trkpt>
    <trkpt lat="40.0737" lon="15.63463">
      <ele>5.0</ele>
    </trkpt>
    <trkpt lat="40.0737" lon="15.63463">
      <ele>5.0</ele>
    </trkpt>
    <trkpt lat="40.0737" lon="15.63463">
      <ele>5.0</ele>
    </trkpt>
    <trkpt lat="40.07373" lon="15.63548">
      <ele>5.0</ele>
    </trkpt>
    <trkpt lat="40.07373" lon="15.63556">
      <ele>5.007</ele>
    </trkpt>
    <trkpt lat="40.07371" lon="15.63567">
      <ele>5.147</ele>
    </trkpt>
    <trkpt lat="40.07368" lon="15.63577">
      <ele>5.191</ele>
    </trkpt>
    <trkpt lat="40.07357" lon="15.6361">
      <ele>6.108</ele>
    </trkpt>
    <trkpt lat="40.07355" lon="15.63619">
      <ele>6.379</ele>
    </trkpt>
    <trkpt lat="40.07355" lon="15.63631">
      <ele>6.621</ele>
    </trkpt>
    <trkpt lat="40.07356" lon="15.63645">
      <ele>6.996</ele>
    </trkpt>
    <trkpt lat="40.0736" lon="15.63663">
      <ele>7.793</ele>
    </trkpt>
    <trkpt lat="40.07363" lon="15.6372">
      <ele>7.931</ele>
    </trkpt>
    <trkpt lat="40.07365" lon="15.63759">
      <ele>8.0</ele>
    </trkpt>
    <trkpt lat="40.07364" lon="15.63772">
      <ele>8.0</ele>
    </trkpt>
    <trkpt lat="40.07362" lon="15.63783">
      <ele>8.0</ele>
    </trkpt>
    <trkpt lat="40.07352" lon="15.63819">
      <ele>8.653</ele>
    </trkpt>
    <trkpt lat="40.07351" lon="15.63832">
      <ele>8.969</ele>
    </trkpt>
    <trkpt lat="40.07352" lon="15.63844">
      <ele>9.0</ele>
    </trkpt>
    <trkpt lat="40.07355" lon="15.63861">
      <ele>9.0</ele>
    </trkpt>
    <trkpt lat="40.07353" lon="15.63868">
      <ele>10.477</ele>
    </trkpt>
    <trkpt lat="40.07345" lon="15.63881">
      <ele>11.821</ele>
    </trkpt>
    <trkpt lat="40.07344" lon="15.63888">
      <ele>12.57</ele>
    </trkpt>
    <trkpt lat="40.07343" lon="15.63896">
      <ele>13.76</ele>
    </trkpt>
    <trkpt lat="40.07358" lon="15.6393">
      <ele>13.9</ele>
    </trkpt>
    <trkpt lat="40.07335" lon="15.63951">
      <ele>13.436</ele>
    </trkpt>
    <trkpt lat="40.07332" lon="15.63961">
      <ele>12.953</ele>
    </trkpt>
    <trkpt lat="40.07327" lon="15.6404">
      <ele>12.212</ele>
    </trkpt>
    <trkpt lat="40.07317" lon="15.64088">
      <ele>14.237</ele>
    </trkpt>
    <trkpt lat="40.07317" lon="15.64088">
      <ele>14.237</ele>
    </trkpt>
    <trkpt lat="40.07317" lon="15.64088">
      <ele>14.237</ele>
    </trkpt>
    <trkpt lat="40.07314" lon="15.64112">
      <ele>15.326</ele>
    </trkpt>
    <trkpt lat="40.07314" lon="15.64131">
      <ele>15.802</ele>
    </trkpt>
    <trkpt lat="40.07318" lon="15.64147">
      <ele>16.0</ele>
    </trkpt>
    <trkpt lat="40.0733" lon="15.64176">
      <ele>16.215</ele>
    </trkpt>
    <trkpt lat="40.07349" lon="15.6421">
      <ele>16.828</ele>
    </trkpt>
    <trkpt lat="40.07359" lon="15.64228">
      <ele>17.372</ele>
    </trkpt>
    <trkpt lat="40.07366" lon="15.64238">
      <ele>17.064</ele>
    </trkpt>
    <trkpt lat="40.07375" lon="15.64248">
      <ele>17.072</ele>
    </trkpt>
    <trkpt lat="40.07439" lon="15.6429">
      <ele>17.948</ele>
    </trkpt>
    <trkpt lat="40.07473" lon="15.6431">
      <ele>19.74</ele>
    </trkpt>
    <trkpt lat="40.07503" lon="15.64327">
      <ele>21.866</ele>
    </trkpt>
    <trkpt lat="40.07512" lon="15.64337">
      <ele>22.725</ele>
    </trkpt>
    <trkpt lat="40.07518" lon="15.64352">
      <ele>21.59</ele>
    </trkpt>
    <trkpt lat="40.07521" lon="15.64371">
      <ele>20.512</ele>
    </trkpt>
    <trkpt lat="40.07525" lon="15.64385">
      <ele>20.8</ele>
    </trkpt>
    <trkpt lat="40.07551" lon="15.64422">
      <ele>21.867</ele>
    </trkpt>
    <trkpt lat="40.07566" lon="15.64434">
      <ele>22.141</ele>
    </trkpt>
    <trkpt lat="40.07566" lon="15.64458">
      <ele>22.0</ele>
    </trkpt>
    <trkpt lat="40.07566" lon="15.64468">
      <ele>22.0</ele>
    </trkpt>
    <trkpt lat="40.0757" lon="15.64474">
      <ele>22.097</ele>
    </trkpt>
    <trkpt lat="40.07582" lon="15.64476">
      <ele>22.265</ele>
    </trkpt>
    <trkpt lat="40.076" lon="15.64475">
      <ele>24.12</ele>
    </trkpt>
    <trkpt lat="40.07613" lon="15.64479">
      <ele>26.215</ele>
    </trkpt>
    <trkpt lat="40.07626" lon="15.64486">
      <ele>28.596</ele>
    </trkpt>
    <trkpt lat="40.07642" lon="15.645">
      <ele>31.56</ele>
    </trkpt>
    <trkpt lat="40.07658" lon="15.64523">
      <ele>36.354</ele>
    </trkpt>
    <trkpt lat="40.0767" lon="15.6453">
      <ele>39.07</ele>
    </trkpt>
    <trkpt lat="40.0768" lon="15.64527">
      <ele>41.291</ele>
    </trkpt>
    <trkpt lat="40.0768" lon="15.64527">
      <ele>41.291</ele>
    </trkpt>
    <trkpt lat="40.0768" lon="15.64527">
      <ele>41.291</ele>
    </trkpt>
    <trkpt lat="40.07733" lon="15.64488">
      <ele>48.706</ele>
    </trkpt>
    <trkpt lat="40.07744" lon="15.64486">
      <ele>50.675</ele>
    </trkpt>
    <trkpt lat="40.07753" lon="15.64487">
      <ele>51.888</ele>
    </trkpt>
    <trkpt lat="40.07815" lon="15.64518">
      <ele>56.666</ele>
    </trkpt>
    <trkpt lat="40.07821" lon="15.64525">
      <ele>57.174</ele>
    </trkpt>
    <trkpt lat="40.07825" lon="15.6454">
      <ele>59.296</ele>
    </trkpt>
    <trkpt lat="40.07831" lon="15.64572">
      <ele>63.361</ele>
    </trkpt>
    <trkpt lat="40.0784" lon="15.64596">
      <ele>67.253</ele>
    </trkpt>
    <trkpt lat="40.07854" lon="15.64621">
      <ele>70.416</ele>
    </trkpt>
    <trkpt lat="40.07863" lon="15.64631">
      <ele>71.49</ele>
    </trkpt>
    <trkpt lat="40.07873" lon="15.64645">
      <ele>74.894</ele>
    </trkpt>
    <trkpt lat="40.07875" lon="15.64651">
      <ele>75.962</ele>
    </trkpt>
    <trkpt lat="40.07873" lon="15.64685">
      <ele>77.909</ele>
    </trkpt>
    <trkpt lat="40.07874" lon="15.64694">
      <ele>77.796</ele>
    </trkpt>
    <trkpt lat="40.07879" lon="15.64715">
      <ele>78.236</ele>
    </trkpt>
    <trkpt lat="40.07888" lon="15.64758">
      <ele>83.866</ele>
    </trkpt>
    <trkpt lat="40.07892" lon="15.64767">
      <ele>84.405</ele>
    </trkpt>
    <trkpt lat="40.07898" lon="15.64773">
      <ele>85.256</ele>
    </trkpt>
    <trkpt lat="40.07913" lon="15.64782">
      <ele>87.54</ele>
    </trkpt>
    <trkpt lat="40.0792" lon="15.64788">
      <ele>88.305</ele>
    </trkpt>
    <trkpt lat="40.07937" lon="15.64806">
      <ele>91.592</ele>
    </trkpt>
    <trkpt lat="40.07942" lon="15.64816">
      <ele>93.241</ele>
    </trkpt>
    <trkpt lat="40.07945" lon="15.64826">
      <ele>94.16</ele>
    </trkpt>
    <trkpt lat="40.07946" lon="15.64835">
      <ele>94.385</ele>
    </trkpt>
    <trkpt lat="40.07949" lon="15.64839">
      <ele>95.075</ele>
    </trkpt>
    <trkpt lat="40.07951" lon="15.64841">
      <ele>95.547</ele>
    </trkpt>
    <trkpt lat="40.07979" lon="15.64907">
      <ele>98.629</ele>
    </trkpt>
    <trkpt lat="40.07989" lon="15.64924">
      <ele>100.33</ele>
    </trkpt>
    <trkpt lat="40.07995" lon="15.64941">
      <ele>100.279</ele>
    </trkpt>
    <trkpt lat="40.07998" lon="15.64946">
      <ele>100.856</ele>
    </trkpt>
    <trkpt lat="40.08004" lon="15.64953">
      <ele>101.989</ele>
    </trkpt>
    <trkpt lat="40.08017" lon="15.64978">
      <ele>103.512</ele>
    </trkpt>
    <trkpt lat="40.0802" lon="15.64987">
      <ele>103.512</ele>
    </trkpt>
    <trkpt lat="40.08021" lon="15.65005">
      <ele>102.963</ele>
    </trkpt>
    <trkpt lat="40.08021" lon="15.65011">
      <ele>104.033</ele>
    </trkpt>
    <trkpt lat="40.08016" lon="15.65018">
      <ele>104.054</ele>
    </trkpt>
    <trkpt lat="40.07956" lon="15.65072">
      <ele>109.862</ele>
    </trkpt>
    <trkpt lat="40.07945" lon="15.65081">
      <ele>109.742</ele>
    </trkpt>
    <trkpt lat="40.07943" lon="15.65085">
      <ele>109.912</ele>
    </trkpt>
    <trkpt lat="40.07939" lon="15.65104">
      <ele>110.704</ele>
    </trkpt>
    <trkpt lat="40.07938" lon="15.65118">
      <ele>110.939</ele>
    </trkpt>
    <trkpt lat="40.07947" lon="15.65127">
      <ele>111.796</ele>
    </trkpt>
    <trkpt lat="40.07954" lon="15.6513">
      <ele>112.696</ele>
    </trkpt>
    <trkpt lat="40.07959" lon="15.6513">
      <ele>113.416</ele>
    </trkpt>
    <trkpt lat="40.07979" lon="15.65123">
      <ele>116.757</ele>
    </trkpt>
    <trkpt lat="40.07989" lon="15.65129">
      <ele>118.55</ele>
    </trkpt>
    <trkpt lat="40.07991" lon="15.65135">
      <ele>119.007</ele>
    </trkpt>
    <trkpt lat="40.08003" lon="15.65138">
      <ele>121.505</ele>
    </trkpt>
    <trkpt lat="40.08008" lon="15.65144">
      <ele>122.178</ele>
    </trkpt>
    <trkpt lat="40.08019" lon="15.65146">
      <ele>124.258</ele>
    </trkpt>
    <trkpt lat="40.08029" lon="15.6515">
      <ele>126.238</ele>
    </trkpt>
    <trkpt lat="40.08032" lon="15.65149">
      <ele>126.815</ele>
    </trkpt>
    <trkpt lat="40.08034" lon="15.65145">
      <ele>127.169</ele>
    </trkpt>
    <trkpt lat="40.08037" lon="15.65144">
      <ele>127.721</ele>
    </trkpt>
    <trkpt lat="40.08049" lon="15.65149">
      <ele>130.098</ele>
    </trkpt>
    <trkpt lat="40.08049" lon="15.65153">
      <ele>130.208</ele>
    </trkpt>
    <trkpt lat="40.0805" lon="15.65163">
      <ele>130.694</ele>
    </trkpt>
    <trkpt lat="40.08065" lon="15.65172">
      <ele>133.573</ele>
    </trkpt>
    <trkpt lat="40.08093" lon="15.65196">
      <ele>139.399</ele>
    </trkpt>
    <trkpt lat="40.08105" lon="15.65209">
      <ele>142.345</ele>
    </trkpt>
    <trkpt lat="40.08117" lon="15.65245">
      <ele>144.876</ele>
    </trkpt>
    <trkpt lat="40.08138" lon="15.65279">
      <ele>146.709</ele>
    </trkpt>
    <trkpt lat="40.08142" lon="15.65288">
      <ele>147.772</ele>
    </trkpt>
    <trkpt lat="40.08143" lon="15.65299">
      <ele>147.845</ele>
    </trkpt>
    <trkpt lat="40.08142" lon="15.65305">
      <ele>147.567</ele>
    </trkpt>
    <trkpt lat="40.08157" lon="15.65316">
      <ele>149.753</ele>
    </trkpt>
    <trkpt lat="40.08174" lon="15.65341">
      <ele>151.971</ele>
    </trkpt>
    <trkpt lat="40.08196" lon="15.65367">
      <ele>153.064</ele>
    </trkpt>
    <trkpt lat="40.08218" lon="15.65382">
      <ele>152.574</ele>
    </trkpt>
    <trkpt lat="40.08244" lon="15.65408">
      <ele>152.578</ele>
    </trkpt>
    <trkpt lat="40.08247" lon="15.65421">
      <ele>151.161</ele>
    </trkpt>
    <trkpt lat="40.08247" lon="15.65429">
      <ele>152.056</ele>
    </trkpt>
    <trkpt lat="40.08244" lon="15.65435">
      <ele>152.475</ele>
    </trkpt>
    <trkpt lat="40.08226" lon="15.65456">
      <ele>155.354</ele>
    </trkpt>
    <trkpt lat="40.08218" lon="15.65461">
      <ele>155.412</ele>
    </trkpt>
    <trkpt lat="40.08214" lon="15.65468">
      <ele>156.456</ele>
    </trkpt>
    <trkpt lat="40.08219" lon="15.6548">
      <ele>159.69</ele>
    </trkpt>
    <trkpt lat="40.08229" lon="15.65482">
      <ele>162.152</ele>
    </trkpt>
    <trkpt lat="40.08244" lon="15.65479">
      <ele>164.523</ele>
    </trkpt>
    <trkpt lat="40.08251" lon="15.65481">
      <ele>166.295</ele>
    </trkpt>
    <trkpt lat="40.08269" lon="15.65488">
      <ele>169.733</ele>
    </trkpt>
    <trkpt lat="40.08274" lon="15.65486">
      <ele>169.629</ele>
    </trkpt>
    <trkpt lat="40.0829" lon="15.65499">
      <ele>173.664</ele>
    </trkpt>
    <trkpt lat="40.08301" lon="15.65514">
      <ele>178.371</ele>
    </trkpt>
    <trkpt lat="40.08297" lon="15.65519">
      <ele>179.735</ele>
    </trkpt>
    <trkpt lat="40.08299" lon="15.65524">
      <ele>181.368</ele>
    </trkpt>
    <trkpt lat="40.08324" lon="15.65545">
      <ele>189.744</ele>
    </trkpt>
    <trkpt lat="40.08326" lon="15.6555">
      <ele>191.397</ele>
    </trkpt>
    <trkpt lat="40.08326" lon="15.65561">
      <ele>193.625</ele>
    </trkpt>
    <trkpt lat="40.08333" lon="15.65564">
      <ele>195.161</ele>
    </trkpt>
    <trkpt lat="40.08343" lon="15.6556">
      <ele>195.099</ele>
    </trkpt>
    <trkpt lat="40.08358" lon="15.65563">
      <ele>196.436</ele>
    </trkpt>
    <trkpt lat="40.08376" lon="15.65598">
      <ele>201.395</ele>
    </trkpt>
    <trkpt lat="40.08384" lon="15.65603">
      <ele>202.839</ele>
    </trkpt>
    <trkpt lat="40.08384" lon="15.65608">
      <ele>204.353</ele>
    </trkpt>
    <trkpt lat="40.08378" lon="15.65615">
      <ele>204.912</ele>
    </trkpt>
    <trkpt lat="40.08379" lon="15.65623">
      <ele>206.107</ele>
    </trkpt>
    <trkpt lat="40.08397" lon="15.65636">
      <ele>211.527</ele>
    </trkpt>
    <trkpt lat="40.084" lon="15.65648">
      <ele>214.24</ele>
    </trkpt>
    <trkpt lat="40.08408" lon="15.65649">
      <ele>215.572</ele>
    </trkpt>
    <trkpt lat="40.08416" lon="15.65669">
      <ele>220.316</ele>
    </trkpt>
    <trkpt lat="40.08421" lon="15.65677">
      <ele>222.092</ele>
    </trkpt>
    <trkpt lat="40.0844" lon="15.6569">
      <ele>227.022</ele>
    </trkpt>
    <trkpt lat="40.08443" lon="15.65694">
      <ele>228.651</ele>
    </trkpt>
    <trkpt lat="40.08445" lon="15.65708">
      <ele>232.038</ele>
    </trkpt>
    <trkpt lat="40.08456" lon="15.65717">
      <ele>236.29</ele>
    </trkpt>
    <trkpt lat="40.08465" lon="15.65712">
      <ele>236.96</ele>
    </trkpt>
    <trkpt lat="40.08474" lon="15.65714">
      <ele>239.127</ele>
    </trkpt>
    <trkpt lat="40.08506" lon="15.65731">
      <ele>248.776</ele>
    </trkpt>
    <trkpt lat="40.08503" lon="15.65737">
      <ele>250.277</ele>
    </trkpt>
    <trkpt lat="40.08531" lon="15.65744">
      <ele>257.445</ele>
    </trkpt>
    <trkpt lat="40.08528" lon="15.65756">
      <ele>260.771</ele>
    </trkpt>
    <trkpt lat="40.08538" lon="15.65759">
      <ele>263.67</ele>
    </trkpt>
    <trkpt lat="40.0854" lon="15.65774">
      <ele>268.872</ele>
    </trkpt>
    <trkpt lat="40.08585" lon="15.6578">
      <ele>282.2</ele>
    </trkpt>
    <trkpt lat="40.08588" lon="15.65785">
      <ele>284.684</ele>
    </trkpt>
    <trkpt lat="40.08605" lon="15.65787">
      <ele>290.228</ele>
    </trkpt>
    <trkpt lat="40.08618" lon="15.65794">
      <ele>296.591</ele>
    </trkpt>
    <trkpt lat="40.08636" lon="15.65794">
      <ele>302.693</ele>
    </trkpt>
    <trkpt lat="40.08641" lon="15.65792">
      <ele>303.704</ele>
    </trkpt>
    <trkpt lat="40.08646" lon="15.65784">
      <ele>302.84</ele>
    </trkpt>
    <trkpt lat="40.08667" lon="15.65781">
      <ele>308.047</ele>
    </trkpt>
    <trkpt lat="40.08674" lon="15.65777">
      <ele>309.606</ele>
    </trkpt>
    <trkpt lat="40.08681" lon="15.65783">
      <ele>313.567</ele>
    </trkpt>
    <trkpt lat="40.08694" lon="15.65784">
      <ele>318.412</ele>
    </trkpt>
    <trkpt lat="40.08704" lon="15.65792">
      <ele>323.848</ele>
    </trkpt>
    <trkpt lat="40.08718" lon="15.65795">
      <ele>329.294</ele>
    </trkpt>
    <trkpt lat="40.08737" lon="15.65794">
      <ele>336.088</ele>
    </trkpt>
    <trkpt lat="40.08752" lon="15.65788">
      <ele>341.785</ele>
    </trkpt>
    <trkpt lat="40.08754" lon="15.65775">
      <ele>343.114</ele>
    </trkpt>
    <trkpt lat="40.08759" lon="15.65775">
      <ele>345.256</ele>
    </trkpt>
    <trkpt lat="40.08776" lon="15.65785">
      <ele>351.502</ele>
    </trkpt>
    <trkpt lat="40.08786" lon="15.65796">
      <ele>353.206</ele>
    </trkpt>
    <trkpt lat="40.08793" lon="15.65792">
      <ele>355.567</ele>
    </trkpt>
    <trkpt lat="40.08797" lon="15.65793">
      <ele>356.513</ele>
    </trkpt>
    <trkpt lat="40.08801" lon="15.65801">
      <ele>356.481</ele>
    </trkpt>
    <trkpt lat="40.08808" lon="15.65805">
      <ele>357.78</ele>
    </trkpt>
    <trkpt lat="40.08828" lon="15.65804">
      <ele>363.598</ele>
    </trkpt>
    <trkpt lat="40.08865" lon="15.65844">
      <ele>373.935</ele>
    </trkpt>
    <trkpt lat="40.08866" lon="15.65863">
      <ele>381.08</ele>
    </trkpt>
    <trkpt lat="40.08896" lon="15.65887">
      <ele>388.716</ele>
    </trkpt>
    <trkpt lat="40.08903" lon="15.65934">
      <ele>410.297</ele>
    </trkpt>
    <trkpt lat="40.08928" lon="15.65945">
      <ele>412.356</ele>
    </trkpt>
    <trkpt lat="40.08972" lon="15.65991">
      <ele>420.515</ele>
    </trkpt>
    <trkpt lat="40.09058" lon="15.66042">
      <ele>437.707</ele>
    </trkpt>
    <trkpt lat="40.09076" lon="15.66042">
      <ele>434.135</ele>
    </trkpt>
    <trkpt lat="40.09087" lon="15.66071">
      <ele>448.585</ele>
    </trkpt>
    <trkpt lat="40.09111" lon="15.66067">
      <ele>437.396</ele>
    </trkpt>
    <trkpt lat="40.09128" lon="15.66083">
      <ele>436.94</ele>
    </trkpt>
    <trkpt lat="40.09144" lon="15.66131">
      <ele>446.0</ele>
    </trkpt>
    <trkpt lat="40.09139" lon="15.66159">
      <ele>457.725</ele>
    </trkpt>
    <trkpt lat="40.09152" lon="15.66169">
      <ele>453.388</ele>
    </trkpt>
    <trkpt lat="40.0914" lon="15.66175">
      <ele>461.292</ele>
    </trkpt>
    <trkpt lat="40.09174" lon="15.66209">
      <ele>467.821</ele>
    </trkpt>
    <trkpt lat="40.09237" lon="15.66242">
      <ele>475.362</ele>
    </trkpt>
    <trkpt lat="40.09278" lon="15.66258">
      <ele>483.931</ele>
    </trkpt>
    <trkpt lat="40.09297" lon="15.66249">
      <ele>481.834</ele>
    </trkpt>
    <trkpt lat="40.09301" lon="15.66264">
      <ele>490.905</ele>
    </trkpt>
    <trkpt lat="40.0934" lon="15.66282">
      <ele>502.946</ele>
    </trkpt>
    <trkpt lat="40.09407" lon="15.66317">
      <ele>522.492</ele>
    </trkpt>
    <trkpt lat="40.0944" lon="15.66319">
      <ele>529.611</ele>
    </trkpt>
    <trkpt lat="40.09476" lon="15.66303">
      <ele>525.622</ele>
    </trkpt>
    <trkpt lat="40.09492" lon="15.66293">
      <ele>521.315</ele>
    </trkpt>
    <trkpt lat="40.09521" lon="15.66294">
      <ele>527.188</ele>
    </trkpt>
    <trkpt lat="40.09534" lon="15.66302">
      <ele>532.797</ele>
    </trkpt>
    <trkpt lat="40.09544" lon="15.66294">
      <ele>533.587</ele>
    </trkpt>
    <trkpt lat="40.09543" lon="15.66283">
      <ele>530.333</ele>
    </trkpt>
    <trkpt lat="40.09518" lon="15.6626">
      <ele>528.891</ele>
    </trkpt>
    <trkpt lat="40.09471" lon="15.66217">
      <ele>525.452</ele>
    </trkpt>
    <trkpt lat="40.09443" lon="15.66182">
      <ele>526.671</ele>
    </trkpt>
    <trkpt lat="40.09392" lon="15.66128">
      <ele>530.596</ele>
    </trkpt>
    <trkpt lat="40.09385" lon="15.66115">
      <ele>533.259</ele>
    </trkpt>
    <trkpt lat="40.09356" lon="15.66041">
      <ele>542.648</ele>
    </trkpt>
    <trkpt lat="40.09354" lon="15.66023">
      <ele>544.952</ele>
    </trkpt>
    <trkpt lat="40.09358" lon="15.65946">
      <ele>559.642</ele>
    </trkpt>
    <trkpt lat="40.09347" lon="15.65933">
      <ele>554.428</ele>
    </trkpt>
    <trkpt lat="40.09352" lon="15.65924">
      <ele>558.688</ele>
    </trkpt>
    <trkpt lat="40.09351" lon="15.6592">
      <ele>558.766</ele>
    </trkpt>
    <trkpt lat="40.09357" lon="15.65921">
      <ele>561.625</ele>
    </trkpt>
    <trkpt lat="40.09354" lon="15.6591">
      <ele>561.939</ele>
    </trkpt>
    <trkpt lat="40.0937" lon="15.659">
      <ele>567.744</ele>
    </trkpt>
    <trkpt lat="40.0938" lon="15.65879">
      <ele>569.378</ele>
    </trkpt>
    <trkpt lat="40.09387" lon="15.65869">
      <ele>569.794</ele>
    </trkpt>
    <trkpt lat="40.09379" lon="15.65853">
      <ele>571.276</ele>
    </trkpt>
    <trkpt lat="40.09389" lon="15.65862">
      <ele>569.972</ele>
    </trkpt>
    <trkpt lat="40.09405" lon="15.65868">
      <ele>570.764</ele>
    </trkpt>
    <trkpt lat="40.09416" lon="15.65869">
      <ele>571.524</ele>
    </trkpt>
    <trkpt lat="40.09421" lon="15.65866">
      <ele>571.957</ele>
    </trkpt>
    <trkpt lat="40.09437" lon="15.65859">
      <ele>572.933</ele>
    </trkpt>
    <trkpt lat="40.09459" lon="15.6584">
      <ele>571.065</ele>
    </trkpt>
    <trkpt lat="40.09484" lon="15.65807">
      <ele>563.836</ele>
    </trkpt>
    <trkpt lat="40.09493" lon="15.658">
      <ele>562.65</ele>
    </trkpt>
    <trkpt lat="40.09502" lon="15.65797">
      <ele>561.825</ele>
    </trkpt>
    <trkpt lat="40.0951" lon="15.65812">
      <ele>561.004</ele>
    </trkpt>
    <trkpt lat="40.09524" lon="15.65828">
      <ele>559.962</ele>
    </trkpt>
    <trkpt lat="40.09524" lon="15.65828">
      <ele>559.962</ele>
    </trkpt>
    <trkpt lat="40.09524" lon="15.65828">
      <ele>559.962</ele>
    </trkpt>
    <trkpt lat="40.09531" lon="15.65835">
      <ele>560.249</ele>
    </trkpt>
    <trkpt lat="40.09548" lon="15.65842">
      <ele>560.605</ele>
    </trkpt>
    <trkpt lat="40.09575" lon="15.65858">
      <ele>562.346</ele>
    </trkpt>
    <trkpt lat="40.09581" lon="15.65858">
      <ele>561.291</ele>
    </trkpt>
    <trkpt lat="40.09588" lon="15.65856">
      <ele>560.969</ele>
    </trkpt>
    <trkpt lat="40.0961" lon="15.65837">
      <ele>557.287</ele>
    </trkpt>
    <trkpt lat="40.09615" lon="15.65831">
      <ele>556.48</ele>
    </trkpt>
    <trkpt lat="40.09627" lon="15.65814">
      <ele>554.088</ele>
    </trkpt>
    <trkpt lat="40.09683" lon="15.65772">
      <ele>549.946</ele>
    </trkpt>
    <trkpt lat="40.0971" lon="15.65762">
      <ele>550.0</ele>
    </trkpt>
    <trkpt lat="40.0974" lon="15.65754">
      <ele>549.812</ele>
    </trkpt>
    <trkpt lat="40.09755" lon="15.65747">
      <ele>549.053</ele>
    </trkpt>
    <trkpt lat="40.09769" lon="15.65732">
      <ele>546.217</ele>
    </trkpt>
    <trkpt lat="40.09839" lon="15.65683">
      <ele>541.668</ele>
    </trkpt>
    <trkpt lat="40.09848" lon="15.65679">
      <ele>540.912</ele>
    </trkpt>
    <trkpt lat="40.0988" lon="15.65676">
      <ele>542.392</ele>
    </trkpt>
    <trkpt lat="40.09888" lon="15.65672">
      <ele>541.24</ele>
    </trkpt>
    <trkpt lat="40.09925" lon="15.65656">
      <ele>541.923</ele>
    </trkpt>
    <trkpt lat="40.09965" lon="15.65632">
      <ele>540.648</ele>
    </trkpt>
    <trkpt lat="40.09979" lon="15.65629">
      <ele>541.729</ele>
    </trkpt>
    <trkpt lat="40.09994" lon="15.65625">
      <ele>541.46</ele>
    </trkpt>
    <trkpt lat="40.10011" lon="15.65626">
      <ele>544.539</ele>
    </trkpt>
    <trkpt lat="40.10016" lon="15.65625">
      <ele>545.168</ele>
    </trkpt>
    <trkpt lat="40.10022" lon="15.65621">
      <ele>545.198</ele>
    </trkpt>
    <trkpt lat="40.10066" lon="15.65577">
      <ele>550.807</ele>
    </trkpt>
    <trkpt lat="40.10081" lon="15.65568">
      <ele>553.352</ele>
    </trkpt>
    <trkpt lat="40.10121" lon="15.6555">
      <ele>546.173</ele>
    </trkpt>
    <trkpt lat="40.10179" lon="15.65539">
      <ele>544.441</ele>
    </trkpt>
    <trkpt lat="40.10207" lon="15.65531">
      <ele>539.477</ele>
    </trkpt>
    <trkpt lat="40.10218" lon="15.65527">
      <ele>536.577</ele>
    </trkpt>
    <trkpt lat="40.1024" lon="15.65516">
      <ele>531.112</ele>
    </trkpt>
    <trkpt lat="40.10245" lon="15.65509">
      <ele>528.808</ele>
    </trkpt>
    <trkpt lat="40.10248" lon="15.65505">
      <ele>527.476</ele>
    </trkpt>
    <trkpt lat="40.10254" lon="15.65489">
      <ele>525.346</ele>
    </trkpt>
    <trkpt lat="40.10327" lon="15.65354">
      <ele>508.501</ele>
    </trkpt>
    <trkpt lat="40.10334" lon="15.6532">
      <ele>501.76</ele>
    </trkpt>
    <trkpt lat="40.10333" lon="15.65304">
      <ele>497.548</ele>
    </trkpt>
    <trkpt lat="40.10318" lon="15.65257">
      <ele>483.004</ele>
    </trkpt>
    <trkpt lat="40.10312" lon="15.65255">
      <ele>481.42</ele>
    </trkpt>
    <trkpt lat="40.10308" lon="15.65263">
      <ele>482.716</ele>
    </trkpt>
    <trkpt lat="40.10306" lon="15.65309">
      <ele>493.826</ele>
    </trkpt>
    <trkpt lat="40.103" lon="15.65314">
      <ele>492.963</ele>
    </trkpt>
    <trkpt lat="40.10293" lon="15.65304">
      <ele>488.591</ele>
    </trkpt>
    <trkpt lat="40.10267" lon="15.65253">
      <ele>474.006</ele>
    </trkpt>
    <trkpt lat="40.1025" lon="15.65244">
      <ele>470.568</ele>
    </trkpt>
    <trkpt lat="40.10204" lon="15.65236">
      <ele>461.36</ele>
    </trkpt>
    <trkpt lat="40.1017" lon="15.65227">
      <ele>453.056</ele>
    </trkpt>
    <trkpt lat="40.1014" lon="15.65225">
      <ele>448.524</ele>
    </trkpt>
    <trkpt lat="40.10113" lon="15.65228">
      <ele>446.341</ele>
    </trkpt>
    <trkpt lat="40.10102" lon="15.6523">
      <ele>445.777</ele>
    </trkpt>
    <trkpt lat="40.10082" lon="15.65238">
      <ele>445.189</ele>
    </trkpt>
    <trkpt lat="40.10079" lon="15.65238">
      <ele>444.695</ele>
    </trkpt>
    <trkpt lat="40.10078" lon="15.65235">
      <ele>443.904</ele>
    </trkpt>
    <trkpt lat="40.1008" lon="15.65231">
      <ele>443.378</ele>
    </trkpt>
    <trkpt lat="40.10091" lon="15.65218">
      <ele>441.75</ele>
    </trkpt>
    <trkpt lat="40.10093" lon="15.65213">
      <ele>440.92</ele>
    </trkpt>
    <trkpt lat="40.10092" lon="15.65208">
      <ele>439.904</ele>
    </trkpt>
    <trkpt lat="40.10091" lon="15.65205">
      <ele>439.281</ele>
    </trkpt>
    <trkpt lat="40.10087" lon="15.65202">
      <ele>438.528</ele>
    </trkpt>
    <trkpt lat="40.10086" lon="15.65198">
      <ele>437.748</ele>
    </trkpt>
    <trkpt lat="40.10086" lon="15.65192">
      <ele>436.602</ele>
    </trkpt>
    <trkpt lat="40.10094" lon="15.65151">
      <ele>430.75</ele>
    </trkpt>
    <trkpt lat="40.101" lon="15.65129">
      <ele>427.382</ele>
    </trkpt>
    <trkpt lat="40.10106" lon="15.65111">
      <ele>422.669</ele>
    </trkpt>
    <trkpt lat="40.10155" lon="15.65052">
      <ele>410.383</ele>
    </trkpt>
    <trkpt lat="40.10227" lon="15.64921">
      <ele>388.092</ele>
    </trkpt>
    <trkpt lat="40.10251" lon="15.64867">
      <ele>373.584</ele>
    </trkpt>
    <trkpt lat="40.10284" lon="15.64844">
      <ele>373.102</ele>
    </trkpt>
    <trkpt lat="40.10334" lon="15.64792">
      <ele>367.777</ele>
    </trkpt>
    <trkpt lat="40.1035" lon="15.64779">
      <ele>364.99</ele>
    </trkpt>
    <trkpt lat="40.10369" lon="15.64769">
      <ele>363.833</ele>
    </trkpt>
    <trkpt lat="40.10375" lon="15.64764">
      <ele>363.3</ele>
    </trkpt>
    <trkpt lat="40.10388" lon="15.64753">
      <ele>362.878</ele>
    </trkpt>
    <trkpt lat="40.10397" lon="15.64748">
      <ele>361.479</ele>
    </trkpt>
    <trkpt lat="40.1041" lon="15.64746">
      <ele>361.067</ele>
    </trkpt>
    <trkpt lat="40.1042" lon="15.64746">
      <ele>360.433</ele>
    </trkpt>
    <trkpt lat="40.10432" lon="15.64748">
      <ele>357.998</ele>
    </trkpt>
    <trkpt lat="40.10454" lon="15.64757">
      <ele>354.345</ele>
    </trkpt>
    <trkpt lat="40.10459" lon="15.64756">
      <ele>352.792</ele>
    </trkpt>
    <trkpt lat="40.10461" lon="15.64752">
      <ele>351.7</ele>
    </trkpt>
    <trkpt lat="40.10459" lon="15.6474">
      <ele>350.999</ele>
    </trkpt>
    <trkpt lat="40.10447" lon="15.64725">
      <ele>350.362</ele>
    </trkpt>
    <trkpt lat="40.10438" lon="15.64717">
      <ele>349.812</ele>
    </trkpt>
    <trkpt lat="40.10437" lon="15.64714">
      <ele>349.597</ele>
    </trkpt>
    <trkpt lat="40.10439" lon="15.64712">
      <ele>349.388</ele>
    </trkpt>
    <trkpt lat="40.10444" lon="15.64707">
      <ele>348.911</ele>
    </trkpt>
    <trkpt lat="40.10447" lon="15.64701">
      <ele>348.521</ele>
    </trkpt>
    <trkpt lat="40.10446" lon="15.64696">
      <ele>348.162</ele>
    </trkpt>
    <trkpt lat="40.10443" lon="15.64692">
      <ele>348.088</ele>
    </trkpt>
    <trkpt lat="40.10434" lon="15.64687">
      <ele>348.268</ele>
    </trkpt>
    <trkpt lat="40.10425" lon="15.64685">
      <ele>348.34</ele>
    </trkpt>
    <trkpt lat="40.1039" lon="15.64682">
      <ele>348.018</ele>
    </trkpt>
    <trkpt lat="40.1038" lon="15.6468">
      <ele>347.526</ele>
    </trkpt>
    <trkpt lat="40.10371" lon="15.64674">
      <ele>347.186</ele>
    </trkpt>
    <trkpt lat="40.10365" lon="15.64662">
      <ele>347.332</ele>
    </trkpt>
    <trkpt lat="40.10364" lon="15.64644">
      <ele>348.005</ele>
    </trkpt>
    <trkpt lat="40.10369" lon="15.64576">
      <ele>357.289</ele>
    </trkpt>
    <trkpt lat="40.10372" lon="15.64565">
      <ele>361.425</ele>
    </trkpt>
    <trkpt lat="40.10379" lon="15.64551">
      <ele>365.806</ele>
    </trkpt>
    <trkpt lat="40.10423" lon="15.64457">
      <ele>369.368</ele>
    </trkpt>
    <trkpt lat="40.10428" lon="15.64445">
      <ele>370.448</ele>
    </trkpt>
    <trkpt lat="40.10428" lon="15.64435">
      <ele>370.989</ele>
    </trkpt>
    <trkpt lat="40.10423" lon="15.64419">
      <ele>370.991</ele>
    </trkpt>
    <trkpt lat="40.10417" lon="15.64407">
      <ele>370.773</ele>
    </trkpt>
    <trkpt lat="40.10362" lon="15.64329">
      <ele>374.977</ele>
    </trkpt>
    <trkpt lat="40.10356" lon="15.64314">
      <ele>376.432</ele>
    </trkpt>
    <trkpt lat="40.10358" lon="15.64295">
      <ele>380.1</ele>
    </trkpt>
    <trkpt lat="40.10366" lon="15.64271">
      <ele>386.072</ele>
    </trkpt>
    <trkpt lat="40.10365" lon="15.64255">
      <ele>386.9</ele>
    </trkpt>
    <trkpt lat="40.10353" lon="15.64224">
      <ele>383.256</ele>
    </trkpt>
    <trkpt lat="40.10353" lon="15.64198">
      <ele>383.865</ele>
    </trkpt>
    <trkpt lat="40.10352" lon="15.64166">
      <ele>382.727</ele>
    </trkpt>
    <trkpt lat="40.10347" lon="15.64157">
      <ele>383.034</ele>
    </trkpt>
    <trkpt lat="40.10365" lon="15.64126">
      <ele>386.773</ele>
    </trkpt>
    <trkpt lat="40.10375" lon="15.64115">
      <ele>389.51</ele>
    </trkpt>
    <trkpt lat="40.10398" lon="15.64101">
      <ele>391.627</ele>
    </trkpt>
    <trkpt lat="40.10402" lon="15.64095">
      <ele>391.719</ele>
    </trkpt>
    <trkpt lat="40.1043" lon="15.64073">
      <ele>391.952</ele>
    </trkpt>
    <trkpt lat="40.10444" lon="15.64061">
      <ele>391.736</ele>
    </trkpt>
    <trkpt lat="40.10435" lon="15.64063">
      <ele>391.052</ele>
    </trkpt>
    <trkpt lat="40.10435" lon="15.64063">
      <ele>391.052</ele>
    </trkpt>
    <trkpt lat="40.10435" lon="15.64063">
      <ele>391.052</ele>
    </trkpt>
    <trkpt lat="40.10444" lon="15.64061">
      <ele>391.736</ele>
    </trkpt>
    <trkpt lat="40.10483" lon="15.64049">
      <ele>393.873</ele>
    </trkpt>
    <trkpt lat="40.10483" lon="15.64045">
      <ele>393.185</ele>
    </trkpt>
    <trkpt lat="40.10484" lon="15.64041">
      <ele>392.46</ele>
    </trkpt>
    <trkpt lat="40.10488" lon="15.64034">
      <ele>391.014</ele>
    </trkpt>
    <trkpt lat="40.10498" lon="15.64027">
      <ele>389.004</ele>
    </trkpt>
    <trkpt lat="40.10527" lon="15.64003">
      <ele>382.701</ele>
    </trkpt>
    <trkpt lat="40.10554" lon="15.63978">
      <ele>380.606</ele>
    </trkpt>
    <trkpt lat="40.10558" lon="15.63974">
      <ele>380.046</ele>
    </trkpt>
    <trkpt lat="40.10564" lon="15.63963">
      <ele>379.021</ele>
    </trkpt>
    <trkpt lat="40.10569" lon="15.63953">
      <ele>377.149</ele>
    </trkpt>
    <trkpt lat="40.10584" lon="15.63941">
      <ele>373.883</ele>
    </trkpt>
    <trkpt lat="40.10589" lon="15.63938">
      <ele>375.406</ele>
    </trkpt>
    <trkpt lat="40.10592" lon="15.63933">
      <ele>375.81</ele>
    </trkpt>
    <trkpt lat="40.10597" lon="15.63918">
      <ele>375.151</ele>
    </trkpt>
    <trkpt lat="40.10604" lon="15.63905">
      <ele>374.54</ele>
    </trkpt>
    <trkpt lat="40.10616" lon="15.63887">
      <ele>373.744</ele>
    </trkpt>
    <trkpt lat="40.10619" lon="15.63873">
      <ele>370.822</ele>
    </trkpt>
    <trkpt lat="40.10621" lon="15.6385">
      <ele>365.594</ele>
    </trkpt>
    <trkpt lat="40.10626" lon="15.63827">
      <ele>361.206</ele>
    </trkpt>
    <trkpt lat="40.10641" lon="15.63791">
      <ele>355.932</ele>
    </trkpt>
    <trkpt lat="40.10648" lon="15.63783">
      <ele>354.456</ele>
    </trkpt>
    <trkpt lat="40.10661" lon="15.63778">
      <ele>353.844</ele>
    </trkpt>
    <trkpt lat="40.10672" lon="15.63768">
      <ele>351.799</ele>
    </trkpt>
    <trkpt lat="40.10701" lon="15.63752">
      <ele>347.963</ele>
    </trkpt>
    <trkpt lat="40.10709" lon="15.63746">
      <ele>347.119</ele>
    </trkpt>
    <trkpt lat="40.10722" lon="15.63733">
      <ele>345.779</ele>
    </trkpt>
    <trkpt lat="40.10727" lon="15.6373">
      <ele>345.684</ele>
    </trkpt>
    <trkpt lat="40.10734" lon="15.63729">
      <ele>345.809</ele>
    </trkpt>
    <trkpt lat="40.10739" lon="15.6373">
      <ele>345.995</ele>
    </trkpt>
    <trkpt lat="40.10745" lon="15.63734">
      <ele>346.32</ele>
    </trkpt>
    <trkpt lat="40.10748" lon="15.63738">
      <ele>346.537</ele>
    </trkpt>
    <trkpt lat="40.10751" lon="15.63739">
      <ele>346.654</ele>
    </trkpt>
    <trkpt lat="40.10753" lon="15.63739">
      <ele>346.755</ele>
    </trkpt>
    <trkpt lat="40.10755" lon="15.63738">
      <ele>346.826</ele>
    </trkpt>
    <trkpt lat="40.10774" lon="15.63722">
      <ele>347.737</ele>
    </trkpt>
    <trkpt lat="40.10782" lon="15.63716">
      <ele>348.596</ele>
    </trkpt>
    <trkpt lat="40.10785" lon="15.63715">
      <ele>348.915</ele>
    </trkpt>
    <trkpt lat="40.1079" lon="15.63715">
      <ele>349.369</ele>
    </trkpt>
    <trkpt lat="40.10821" lon="15.63724">
      <ele>353.828</ele>
    </trkpt>
    <trkpt lat="40.10834" lon="15.63729">
      <ele>357.134</ele>
    </trkpt>
    <trkpt lat="40.10861" lon="15.63742">
      <ele>371.515</ele>
    </trkpt>
    <trkpt lat="40.10863" lon="15.63741">
      <ele>372.714</ele>
    </trkpt>
    <trkpt lat="40.10863" lon="15.63739">
      <ele>372.853</ele>
    </trkpt>
    <trkpt lat="40.10858" lon="15.63727">
      <ele>370.883</ele>
    </trkpt>
    <trkpt lat="40.10852" lon="15.63705">
      <ele>368.779</ele>
    </trkpt>
    <trkpt lat="40.10847" lon="15.63695">
      <ele>366.848</ele>
    </trkpt>
    <trkpt lat="40.10831" lon="15.63671">
      <ele>363.49</ele>
    </trkpt>
    <trkpt lat="40.10827" lon="15.63662">
      <ele>363.01</ele>
    </trkpt>
    <trkpt lat="40.10835" lon="15.63654">
      <ele>365.149</ele>
    </trkpt>
    <trkpt lat="40.10838" lon="15.63649">
      <ele>365.998</ele>
    </trkpt>
    <trkpt lat="40.10865" lon="15.63658">
      <ele>377.033</ele>
    </trkpt>
    <trkpt lat="40.10865" lon="15.63658">
      <ele>377.033</ele>
    </trkpt>
    <trkpt lat="40.10865" lon="15.63658">
      <ele>377.033</ele>
    </trkpt>
    <trkpt lat="40.10872" lon="15.63657">
      <ele>380.427</ele>
    </trkpt>
    <trkpt lat="40.10881" lon="15.63654">
      <ele>384.393</ele>
    </trkpt>
    <trkpt lat="40.10899" lon="15.63644">
      <ele>391.526</ele>
    </trkpt>
    <trkpt lat="40.10907" lon="15.63634">
      <ele>394.782</ele>
    </trkpt>
    <trkpt lat="40.10915" lon="15.6361">
      <ele>396.777</ele>
    </trkpt>
    <trkpt lat="40.10922" lon="15.63595">
      <ele>396.863</ele>
    </trkpt>
    <trkpt lat="40.10931" lon="15.63592">
      <ele>398.538</ele>
    </trkpt>
    <trkpt lat="40.10939" lon="15.63582">
      <ele>399.561</ele>
    </trkpt>
    <trkpt lat="40.1094" lon="15.63574">
      <ele>399.436</ele>
    </trkpt>
    <trkpt lat="40.10942" lon="15.63568">
      <ele>399.735</ele>
    </trkpt>
    <trkpt lat="40.1095" lon="15.63563">
      <ele>401.068</ele>
    </trkpt>
    <trkpt lat="40.10952" lon="15.63581">
      <ele>402.004</ele>
    </trkpt>
    <trkpt lat="40.10957" lon="15.63584">
      <ele>402.845</ele>
    </trkpt>
    <trkpt lat="40.10959" lon="15.63581">
      <ele>403.012</ele>
    </trkpt>
    <trkpt lat="40.11004" lon="15.63605">
      <ele>409.324</ele>
    </trkpt>
    <trkpt lat="40.11004" lon="15.63605">
      <ele>409.324</ele>
    </trkpt>
    <trkpt lat="40.11004" lon="15.63605">
      <ele>409.324</ele>
    </trkpt>
    <trkpt lat="40.11021" lon="15.63569">
      <ele>409.752</ele>
    </trkpt>
    <trkpt lat="40.11024" lon="15.63569">
      <ele>410.076</ele>
    </trkpt>
    <trkpt lat="40.11035" lon="15.63574">
      <ele>411.617</ele>
    </trkpt>
    <trkpt lat="40.11037" lon="15.63571">
      <ele>411.737</ele>
    </trkpt>
    <trkpt lat="40.11051" lon="15.63576">
      <ele>413.859</ele>
    </trkpt>
    <trkpt lat="40.11081" lon="15.63596">
      <ele>418.204</ele>
    </trkpt>
    <trkpt lat="40.11076" lon="15.63611">
      <ele>418.204</ele>
    </trkpt>
    <trkpt lat="40.1107" lon="15.6363">
      <ele>417.206</ele>
    </trkpt>
  </trkseg>
</trk>
<trk>
  <name>CSN 2 - PULITA</name>
  <trkseg>
    <trkpt lat="40.11081" lon="15.63596">
      <ele>418.204</ele>
    </trkpt>
    <trkpt lat="40.11076" lon="15.63611">
      <ele>418.204</ele>
    </trkpt>
    <trkpt lat="40.1107" lon="15.6363">
      <ele>417.206</ele>
    </trkpt>
    <trkpt lat="40.11064" lon="15.63661">
      <ele>416.054</ele>
    </trkpt>
    <trkpt lat="40.11061" lon="15.63673">
      <ele>415.409</ele>
    </trkpt>
    <trkpt lat="40.11061" lon="15.63673">
      <ele>415.409</ele>
    </trkpt>
    <trkpt lat="40.11061" lon="15.63673">
      <ele>415.409</ele>
    </trkpt>
    <trkpt lat="40.11077" lon="15.63682">
      <ele>415.611</ele>
    </trkpt>
    <trkpt lat="40.11086" lon="15.63694">
      <ele>414.16</ele>
    </trkpt>
    <trkpt lat="40.11088" lon="15.63693">
      <ele>414.376</ele>
    </trkpt>
    <trkpt lat="40.11088" lon="15.63693">
      <ele>414.376</ele>
    </trkpt>
    <trkpt lat="40.11135" lon="15.63697">
      <ele>416.365</ele>
    </trkpt>
    <trkpt lat="40.11181" lon="15.63701">
      <ele>420.1</ele>
    </trkpt>
    <trkpt lat="40.11181" lon="15.63701">
      <ele>420.1</ele>
    </trkpt>
    <trkpt lat="40.11247" lon="15.63719">
      <ele>429.489</ele>
    </trkpt>
    <trkpt lat="40.11247" lon="15.63719">
      <ele>429.489</ele>
    </trkpt>
    <trkpt lat="40.1126" lon="15.63705">
      <ele>433.35</ele>
    </trkpt>
    <trkpt lat="40.11278" lon="15.63685">
      <ele>439.725</ele>
    </trkpt>
    <trkpt lat="40.11276" lon="15.63688">
      <ele>439.031</ele>
    </trkpt>
    <trkpt lat="40.11276" lon="15.63688">
      <ele>439.031</ele>
    </trkpt>
    <trkpt lat="40.11323" lon="15.63733">
      <ele>435.073</ele>
    </trkpt>
    <trkpt lat="40.11369" lon="15.63777">
      <ele>437.452</ele>
    </trkpt>
    <trkpt lat="40.11369" lon="15.63777">
      <ele>437.452</ele>
    </trkpt>
    <trkpt lat="40.11363" lon="15.63854">
      <ele>452.556</ele>
    </trkpt>
    <trkpt lat="40.11357" lon="15.63931">
      <ele>474.68</ele>
    </trkpt>
    <trkpt lat="40.11357" lon="15.63931">
      <ele>474.68</ele>
    </trkpt>
    <trkpt lat="40.11281" lon="15.63975">
      <ele>467.632</ele>
    </trkpt>
    <trkpt lat="40.11281" lon="15.63975">
      <ele>467.632</ele>
    </trkpt>
    <trkpt lat="40.11246" lon="15.64015">
      <ele>481.605</ele>
    </trkpt>
    <trkpt lat="40.11211" lon="15.64054">
      <ele>492.453</ele>
    </trkpt>
    <trkpt lat="40.11176" lon="15.64094">
      <ele>493.098</ele>
    </trkpt>
    <trkpt lat="40.11176" lon="15.64094">
      <ele>493.098</ele>
    </trkpt>
    <trkpt lat="40.11179" lon="15.64172">
      <ele>505.604</ele>
    </trkpt>
    <trkpt lat="40.11182" lon="15.64249">
      <ele>506.616</ele>
    </trkpt>
    <trkpt lat="40.11182" lon="15.64249">
      <ele>506.616</ele>
    </trkpt>
    <trkpt lat="40.11216" lon="15.64338">
      <ele>512.779</ele>
    </trkpt>
    <trkpt lat="40.11216" lon="15.64338">
      <ele>512.779</ele>
    </trkpt>
    <trkpt lat="40.11243" lon="15.64398">
      <ele>530.765</ele>
    </trkpt>
    <trkpt lat="40.11243" lon="15.64398">
      <ele>530.765</ele>
    </trkpt>
    <trkpt lat="40.1121" lon="15.64419">
      <ele>532.467</ele>
    </trkpt>
    <trkpt lat="40.1121" lon="15.64419">
      <ele>532.467</ele>
    </trkpt>
    <trkpt lat="40.11239" lon="15.64436">
      <ele>544.06</ele>
    </trkpt>
    <trkpt lat="40.11239" lon="15.64436">
      <ele>544.06</ele>
    </trkpt>
    <trkpt lat="40.11255" lon="15.64513">
      <ele>568.539</ele>
    </trkpt>
    <trkpt lat="40.11255" lon="15.64513">
      <ele>568.539</ele>
    </trkpt>
    <trkpt lat="40.11289" lon="15.64605">
      <ele>577.181</ele>
    </trkpt>
    <trkpt lat="40.11289" lon="15.64605">
      <ele>577.181</ele>
    </trkpt>
    <trkpt lat="40.11275" lon="15.64697">
      <ele>591.768</ele>
    </trkpt>
    <trkpt lat="40.11275" lon="15.64697">
      <ele>591.768</ele>
    </trkpt>
    <trkpt lat="40.11291" lon="15.64773">
      <ele>602.746</ele>
    </trkpt>
    <trkpt lat="40.11291" lon="15.64773">
      <ele>602.746</ele>
    </trkpt>
    <trkpt lat="40.11294" lon="15.6484">
      <ele>609.868</ele>
    </trkpt>
    <trkpt lat="40.11298" lon="15.64907">
      <ele>616.5</ele>
    </trkpt>
    <trkpt lat="40.11301" lon="15.64974">
      <ele>625.064</ele>
    </trkpt>
    <trkpt lat="40.11304" lon="15.65041">
      <ele>626.973</ele>
    </trkpt>
    <trkpt lat="40.11304" lon="15.65041">
      <ele>626.973</ele>
    </trkpt>
    <trkpt lat="40.1136" lon="15.6508">
      <ele>627.885</ele>
    </trkpt>
    <trkpt lat="40.1136" lon="15.6508">
      <ele>627.885</ele>
    </trkpt>
    <trkpt lat="40.11409" lon="15.65049">
      <ele>628.317</ele>
    </trkpt>
    <trkpt lat="40.11457" lon="15.65018">
      <ele>629.952</ele>
    </trkpt>
    <trkpt lat="40.11457" lon="15.65018">
      <ele>629.952</ele>
    </trkpt>
    <trkpt lat="40.11509" lon="15.65011">
      <ele>635.708</ele>
    </trkpt>
    <trkpt lat="40.11561" lon="15.65004">
      <ele>635.18</ele>
    </trkpt>
    <trkpt lat="40.11561" lon="15.65004">
      <ele>635.18</ele>
    </trkpt>
    <trkpt lat="40.11562" lon="15.65015">
      <ele>636.137</ele>
    </trkpt>
    <trkpt lat="40.11576" lon="15.65122">
      <ele>644.44</ele>
    </trkpt>
    <trkpt lat="40.11582" lon="15.65145">
      <ele>646.687</ele>
    </trkpt>
    <trkpt lat="40.11581" lon="15.6514">
      <ele>646.197</ele>
    </trkpt>
    <trkpt lat="40.11581" lon="15.6514">
      <ele>646.197</ele>
    </trkpt>
    <trkpt lat="40.11582" lon="15.65145">
      <ele>646.687</ele>
    </trkpt>
    <trkpt lat="40.11593" lon="15.65154">
      <ele>646.24</ele>
    </trkpt>
    <trkpt lat="40.11605" lon="15.65179">
      <ele>647.114</ele>
    </trkpt>
    <trkpt lat="40.11604" lon="15.652">
      <ele>649.219</ele>
    </trkpt>
    <trkpt lat="40.11581" lon="15.65244">
      <ele>656.034</ele>
    </trkpt>
    <trkpt lat="40.11561" lon="15.65279">
      <ele>657.755</ele>
    </trkpt>
    <trkpt lat="40.11559" lon="15.65296">
      <ele>659.915</ele>
    </trkpt>
    <trkpt lat="40.11565" lon="15.65312">
      <ele>661.142</ele>
    </trkpt>
    <trkpt lat="40.11611" lon="15.65388">
      <ele>664.04</ele>
    </trkpt>
    <trkpt lat="40.11623" lon="15.65397">
      <ele>666.579</ele>
    </trkpt>
    <trkpt lat="40.11631" lon="15.65419">
      <ele>667.08</ele>
    </trkpt>
    <trkpt lat="40.11644" lon="15.6544">
      <ele>668.917</ele>
    </trkpt>
    <trkpt lat="40.11653" lon="15.65452">
      <ele>671.706</ele>
    </trkpt>
    <trkpt lat="40.11671" lon="15.65497">
      <ele>675.871</ele>
    </trkpt>
    <trkpt lat="40.11681" lon="15.65516">
      <ele>676.688</ele>
    </trkpt>
    <trkpt lat="40.11702" lon="15.65523">
      <ele>677.019</ele>
    </trkpt>
    <trkpt lat="40.1173" lon="15.6554">
      <ele>673.714</ele>
    </trkpt>
    <trkpt lat="40.11742" lon="15.65559">
      <ele>670.544</ele>
    </trkpt>
    <trkpt lat="40.1174" lon="15.65571">
      <ele>668.024</ele>
    </trkpt>
    <trkpt lat="40.11717" lon="15.65584">
      <ele>666.232</ele>
    </trkpt>
    <trkpt lat="40.11715" lon="15.6559">
      <ele>665.08</ele>
    </trkpt>
    <trkpt lat="40.11716" lon="15.65596">
      <ele>663.712</ele>
    </trkpt>
    <trkpt lat="40.11723" lon="15.65604">
      <ele>661.508</ele>
    </trkpt>
    <trkpt lat="40.11742" lon="15.65614">
      <ele>658.738</ele>
    </trkpt>
    <trkpt lat="40.11758" lon="15.65623">
      <ele>656.284</ele>
    </trkpt>
    <trkpt lat="40.11765" lon="15.65629">
      <ele>654.7</ele>
    </trkpt>
    <trkpt lat="40.11769" lon="15.65641">
      <ele>653.028</ele>
    </trkpt>
    <trkpt lat="40.11771" lon="15.65669">
      <ele>658.792</ele>
    </trkpt>
    <trkpt lat="40.1178" lon="15.65703">
      <ele>665.447</ele>
    </trkpt>
    <trkpt lat="40.11784" lon="15.65722">
      <ele>668.004</ele>
    </trkpt>
    <trkpt lat="40.11787" lon="15.65733">
      <ele>667.953</ele>
    </trkpt>
    <trkpt lat="40.11809" lon="15.65762">
      <ele>673.171</ele>
    </trkpt>
    <trkpt lat="40.11816" lon="15.65777">
      <ele>674.263</ele>
    </trkpt>
    <trkpt lat="40.11827" lon="15.65773">
      <ele>676.538</ele>
    </trkpt>
    <trkpt lat="40.11835" lon="15.65774">
      <ele>677.823</ele>
    </trkpt>
    <trkpt lat="40.11844" lon="15.65778">
      <ele>678.016</ele>
    </trkpt>
    <trkpt lat="40.11866" lon="15.65795">
      <ele>678.36</ele>
    </trkpt>
    <trkpt lat="40.11879" lon="15.65802">
      <ele>676.524</ele>
    </trkpt>
    <trkpt lat="40.11885" lon="15.65807">
      <ele>675.841</ele>
    </trkpt>
    <trkpt lat="40.11902" lon="15.65841">
      <ele>675.444</ele>
    </trkpt>
    <trkpt lat="40.11905" lon="15.65857">
      <ele>675.372</ele>
    </trkpt>
    <trkpt lat="40.11911" lon="15.65891">
      <ele>674.575</ele>
    </trkpt>
    <trkpt lat="40.11914" lon="15.65902">
      <ele>675.6</ele>
    </trkpt>
    <trkpt lat="40.11931" lon="15.65923">
      <ele>674.23</ele>
    </trkpt>
    <trkpt lat="40.11971" lon="15.65928">
      <ele>661.344</ele>
    </trkpt>
    <trkpt lat="40.1199" lon="15.6593">
      <ele>657.971</ele>
    </trkpt>
    <trkpt lat="40.12017" lon="15.65947">
      <ele>654.25</ele>
    </trkpt>
    <trkpt lat="40.1204" lon="15.6595">
      <ele>651.248</ele>
    </trkpt>
    <trkpt lat="40.12055" lon="15.65939">
      <ele>647.244</ele>
    </trkpt>
    <trkpt lat="40.12055" lon="15.65939">
      <ele>647.244</ele>
    </trkpt>
    <trkpt lat="40.12055" lon="15.65939">
      <ele>647.244</ele>
    </trkpt>
    <trkpt lat="40.12071" lon="15.65926">
      <ele>645.991</ele>
    </trkpt>
    <trkpt lat="40.12083" lon="15.65904">
      <ele>641.287</ele>
    </trkpt>
    <trkpt lat="40.12107" lon="15.65877">
      <ele>637.959</ele>
    </trkpt>
    <trkpt lat="40.12133" lon="15.65867">
      <ele>634.499</ele>
    </trkpt>
    <trkpt lat="40.1215" lon="15.65857">
      <ele>633.913</ele>
    </trkpt>
    <trkpt lat="40.12182" lon="15.65825">
      <ele>631.158</ele>
    </trkpt>
    <trkpt lat="40.12208" lon="15.65793">
      <ele>623.247</ele>
    </trkpt>
    <trkpt lat="40.12257" lon="15.65742">
      <ele>609.875</ele>
    </trkpt>
    <trkpt lat="40.12291" lon="15.65712">
      <ele>603.494</ele>
    </trkpt>
    <trkpt lat="40.12304" lon="15.65704">
      <ele>602.846</ele>
    </trkpt>
    <trkpt lat="40.12312" lon="15.65697">
      <ele>600.125</ele>
    </trkpt>
    <trkpt lat="40.1232" lon="15.65683">
      <ele>595.44</ele>
    </trkpt>
    <trkpt lat="40.12322" lon="15.6567">
      <ele>590.953</ele>
    </trkpt>
    <trkpt lat="40.12337" lon="15.65653">
      <ele>583.557</ele>
    </trkpt>
    <trkpt lat="40.12364" lon="15.65634">
      <ele>586.411</ele>
    </trkpt>
    <trkpt lat="40.12391" lon="15.6562">
      <ele>582.196</ele>
    </trkpt>
    <trkpt lat="40.1242" lon="15.65617">
      <ele>586.197</ele>
    </trkpt>
    <trkpt lat="40.1244" lon="15.65611">
      <ele>588.843</ele>
    </trkpt>
    <trkpt lat="40.12465" lon="15.65603">
      <ele>593.508</ele>
    </trkpt>
    <trkpt lat="40.12485" lon="15.65598">
      <ele>596.307</ele>
    </trkpt>
    <trkpt lat="40.12494" lon="15.65599">
      <ele>598.09</ele>
    </trkpt>
    <trkpt lat="40.12512" lon="15.65603">
      <ele>601.469</ele>
    </trkpt>
    <trkpt lat="40.12528" lon="15.65604">
      <ele>603.452</ele>
    </trkpt>
    <trkpt lat="40.12568" lon="15.65595">
      <ele>604.324</ele>
    </trkpt>
    <trkpt lat="40.12625" lon="15.65579">
      <ele>606.05</ele>
    </trkpt>
    <trkpt lat="40.12625" lon="15.65579">
      <ele>606.05</ele>
    </trkpt>
    <trkpt lat="40.12625" lon="15.65579">
      <ele>606.05</ele>
    </trkpt>
    <trkpt lat="40.12628" lon="15.65578">
      <ele>606.186</ele>
    </trkpt>
    <trkpt lat="40.12654" lon="15.65575">
      <ele>609.574</ele>
    </trkpt>
    <trkpt lat="40.12704" lon="15.65574">
      <ele>613.06</ele>
    </trkpt>
    <trkpt lat="40.1272" lon="15.65577">
      <ele>614.414</ele>
    </trkpt>
    <trkpt lat="40.12785" lon="15.65612">
      <ele>624.596</ele>
    </trkpt>
    <trkpt lat="40.12799" lon="15.65625">
      <ele>628.326</ele>
    </trkpt>
    <trkpt lat="40.12807" lon="15.65641">
      <ele>633.412</ele>
    </trkpt>
    <trkpt lat="40.12813" lon="15.65658">
      <ele>637.299</ele>
    </trkpt>
    <trkpt lat="40.12819" lon="15.65662">
      <ele>636.86</ele>
    </trkpt>
    <trkpt lat="40.12829" lon="15.65662">
      <ele>634.161</ele>
    </trkpt>
    <trkpt lat="40.12837" lon="15.65658">
      <ele>633.069</ele>
    </trkpt>
    <trkpt lat="40.12853" lon="15.65642">
      <ele>631.272</ele>
    </trkpt>
    <trkpt lat="40.12863" lon="15.65637">
      <ele>631.322</ele>
    </trkpt>
    <trkpt lat="40.12878" lon="15.65633">
      <ele>636.692</ele>
    </trkpt>
    <trkpt lat="40.12937" lon="15.65634">
      <ele>645.014</ele>
    </trkpt>
    <trkpt lat="40.12947" lon="15.65637">
      <ele>645.971</ele>
    </trkpt>
    <trkpt lat="40.1296" lon="15.65642">
      <ele>646.288</ele>
    </trkpt>
    <trkpt lat="40.1297" lon="15.65641">
      <ele>644.732</ele>
    </trkpt>
    <trkpt lat="40.13001" lon="15.65625">
      <ele>651.378</ele>
    </trkpt>
    <trkpt lat="40.13014" lon="15.65618">
      <ele>654.899</ele>
    </trkpt>
    <trkpt lat="40.13023" lon="15.65609">
      <ele>656.087</ele>
    </trkpt>
    <trkpt lat="40.13034" lon="15.65592">
      <ele>661.46</ele>
    </trkpt>
    <trkpt lat="40.13044" lon="15.65583">
      <ele>665.059</ele>
    </trkpt>
    <trkpt lat="40.13052" lon="15.65581">
      <ele>666.925</ele>
    </trkpt>
    <trkpt lat="40.13065" lon="15.65581">
      <ele>670.552</ele>
    </trkpt>
    <trkpt lat="40.13065" lon="15.65581">
      <ele>670.552</ele>
    </trkpt>
    <trkpt lat="40.13065" lon="15.65581">
      <ele>670.552</ele>
    </trkpt>
    <trkpt lat="40.1307" lon="15.65581">
      <ele>671.992</ele>
    </trkpt>
    <trkpt lat="40.13076" lon="15.65581">
      <ele>673.72</ele>
    </trkpt>
    <trkpt lat="40.13083" lon="15.65579">
      <ele>675.592</ele>
    </trkpt>
    <trkpt lat="40.13081" lon="15.65567">
      <ele>674.152</ele>
    </trkpt>
    <trkpt lat="40.13084" lon="15.65545">
      <ele>673.067</ele>
    </trkpt>
    <trkpt lat="40.13085" lon="15.65515">
      <ele>669.557</ele>
    </trkpt>
    <trkpt lat="40.13091" lon="15.65499">
      <ele>668.22</ele>
    </trkpt>
    <trkpt lat="40.13097" lon="15.6548">
      <ele>666.568</ele>
    </trkpt>
    <trkpt lat="40.13095" lon="15.65474">
      <ele>665.206</ele>
    </trkpt>
    <trkpt lat="40.1307" lon="15.65462">
      <ele>658.781</ele>
    </trkpt>
    <trkpt lat="40.13068" lon="15.65457">
      <ele>658.026</ele>
    </trkpt>
    <trkpt lat="40.13074" lon="15.65435">
      <ele>659.637</ele>
    </trkpt>
    <trkpt lat="40.13074" lon="15.65427">
      <ele>659.635</ele>
    </trkpt>
    <trkpt lat="40.13067" lon="15.65403">
      <ele>658.035</ele>
    </trkpt>
    <trkpt lat="40.13064" lon="15.6538">
      <ele>659.536</ele>
    </trkpt>
    <trkpt lat="40.13056" lon="15.65348">
      <ele>661.041</ele>
    </trkpt>
    <trkpt lat="40.13045" lon="15.6532">
      <ele>664.602</ele>
    </trkpt>
    <trkpt lat="40.13029" lon="15.65301">
      <ele>665.664</ele>
    </trkpt>
    <trkpt lat="40.13025" lon="15.65284">
      <ele>669.23</ele>
    </trkpt>
    <trkpt lat="40.13025" lon="15.65265">
      <ele>672.058</ele>
    </trkpt>
    <trkpt lat="40.13036" lon="15.65263">
      <ele>674.33</ele>
    </trkpt>
    <trkpt lat="40.13036" lon="15.65255">
      <ele>674.309</ele>
    </trkpt>
    <trkpt lat="40.13039" lon="15.65247">
      <ele>673.345</ele>
    </trkpt>
    <trkpt lat="40.13048" lon="15.65243">
      <ele>672.093</ele>
    </trkpt>
    <trkpt lat="40.13061" lon="15.65244">
      <ele>672.47</ele>
    </trkpt>
    <trkpt lat="40.13066" lon="15.65244">
      <ele>672.329</ele>
    </trkpt>
    <trkpt lat="40.13073" lon="15.65241">
      <ele>671.011</ele>
    </trkpt>
    <trkpt lat="40.13081" lon="15.6523">
      <ele>666.824</ele>
    </trkpt>
    <trkpt lat="40.13087" lon="15.65223">
      <ele>664.929</ele>
    </trkpt>
    <trkpt lat="40.13114" lon="15.652">
      <ele>663.92</ele>
    </trkpt>
    <trkpt lat="40.13131" lon="15.65198">
      <ele>666.476</ele>
    </trkpt>
    <trkpt lat="40.13143" lon="15.65193">
      <ele>668.272</ele>
    </trkpt>
    <trkpt lat="40.1315" lon="15.65182">
      <ele>669.208</ele>
    </trkpt>
    <trkpt lat="40.1315" lon="15.65168">
      <ele>667.192</ele>
    </trkpt>
    <trkpt lat="40.1316" lon="15.65134">
      <ele>660.055</ele>
    </trkpt>
    <trkpt lat="40.13165" lon="15.65129">
      <ele>658.552</ele>
    </trkpt>
    <trkpt lat="40.13187" lon="15.65122">
      <ele>662.292</ele>
    </trkpt>
    <trkpt lat="40.13191" lon="15.65118">
      <ele>661.86</ele>
    </trkpt>
    <trkpt lat="40.1319" lon="15.65114">
      <ele>659.808</ele>
    </trkpt>
    <trkpt lat="40.13182" lon="15.65101">
      <ele>656.245</ele>
    </trkpt>
    <trkpt lat="40.1318" lon="15.65095">
      <ele>655.552</ele>
    </trkpt>
    <trkpt lat="40.1318" lon="15.65081">
      <ele>655.515</ele>
    </trkpt>
    <trkpt lat="40.13182" lon="15.65072">
      <ele>655.644</ele>
    </trkpt>
    <trkpt lat="40.1319" lon="15.65063">
      <ele>658.183</ele>
    </trkpt>
    <trkpt lat="40.13192" lon="15.65058">
      <ele>658.361</ele>
    </trkpt>
    <trkpt lat="40.1319" lon="15.65044">
      <ele>658.704</ele>
    </trkpt>
    <trkpt lat="40.13185" lon="15.6503">
      <ele>658.002</ele>
    </trkpt>
    <trkpt lat="40.13159" lon="15.64986">
      <ele>647.926</ele>
    </trkpt>
    <trkpt lat="40.13149" lon="15.64959">
      <ele>645.151</ele>
    </trkpt>
    <trkpt lat="40.13151" lon="15.64949">
      <ele>645.61</ele>
    </trkpt>
    <trkpt lat="40.13161" lon="15.6494">
      <ele>647.601</ele>
    </trkpt>
    <trkpt lat="40.13196" lon="15.6493">
      <ele>653.882</ele>
    </trkpt>
    <trkpt lat="40.13196" lon="15.64923">
      <ele>652.692</ele>
    </trkpt>
    <trkpt lat="40.13189" lon="15.64915">
      <ele>649.824</ele>
    </trkpt>
    <trkpt lat="40.13185" lon="15.64904">
      <ele>648.96</ele>
    </trkpt>
    <trkpt lat="40.13181" lon="15.6487">
      <ele>651.518</ele>
    </trkpt>
    <trkpt lat="40.1317" lon="15.64839">
      <ele>652.666</ele>
    </trkpt>
    <trkpt lat="40.13151" lon="15.6482">
      <ele>647.526</ele>
    </trkpt>
    <trkpt lat="40.13148" lon="15.64798">
      <ele>643.752</ele>
    </trkpt>
    <trkpt lat="40.13148" lon="15.64802">
      <ele>644.76</ele>
    </trkpt>
    <trkpt lat="40.13148" lon="15.64802">
      <ele>644.76</ele>
    </trkpt>
    <trkpt lat="40.13148" lon="15.64798">
      <ele>643.752</ele>
    </trkpt>
    <trkpt lat="40.13152" lon="15.6479">
      <ele>642.024</ele>
    </trkpt>
    <trkpt lat="40.13207" lon="15.6477">
      <ele>640.097</ele>
    </trkpt>
    <trkpt lat="40.13227" lon="15.64755">
      <ele>637.088</ele>
    </trkpt>
    <trkpt lat="40.13239" lon="15.64748">
      <ele>634.935</ele>
    </trkpt>
    <trkpt lat="40.1326" lon="15.64744">
      <ele>634.424</ele>
    </trkpt>
    <trkpt lat="40.13274" lon="15.64733">
      <ele>633.056</ele>
    </trkpt>
    <trkpt lat="40.13316" lon="15.64695">
      <ele>629.614</ele>
    </trkpt>
    <trkpt lat="40.13331" lon="15.64673">
      <ele>633.034</ele>
    </trkpt>
    <trkpt lat="40.13339" lon="15.64667">
      <ele>635.297</ele>
    </trkpt>
    <trkpt lat="40.13361" lon="15.64663">
      <ele>644.483</ele>
    </trkpt>
    <trkpt lat="40.13363" lon="15.64657">
      <ele>646.048</ele>
    </trkpt>
    <trkpt lat="40.13361" lon="15.64654">
      <ele>645.776</ele>
    </trkpt>
    <trkpt lat="40.13343" lon="15.64642">
      <ele>639.222</ele>
    </trkpt>
    <trkpt lat="40.13334" lon="15.64633">
      <ele>636.155</ele>
    </trkpt>
    <trkpt lat="40.13325" lon="15.64603">
      <ele>637.372</ele>
    </trkpt>
    <trkpt lat="40.13311" lon="15.64584">
      <ele>635.055</ele>
    </trkpt>
    <trkpt lat="40.13309" lon="15.64576">
      <ele>635.915</ele>
    </trkpt>
    <trkpt lat="40.1331" lon="15.64556">
      <ele>640.507</ele>
    </trkpt>
    <trkpt lat="40.13308" lon="15.64547">
      <ele>642.29</ele>
    </trkpt>
    <trkpt lat="40.13281" lon="15.64518">
      <ele>641.729</ele>
    </trkpt>
    <trkpt lat="40.13278" lon="15.64512">
      <ele>641.909</ele>
    </trkpt>
    <trkpt lat="40.13277" lon="15.64502">
      <ele>643.334</ele>
    </trkpt>
    <trkpt lat="40.1329" lon="15.64452">
      <ele>651.096</ele>
    </trkpt>
    <trkpt lat="40.13291" lon="15.64438">
      <ele>652.394</ele>
    </trkpt>
    <trkpt lat="40.13291" lon="15.64404">
      <ele>656.612</ele>
    </trkpt>
    <trkpt lat="40.13285" lon="15.64385">
      <ele>658.38</ele>
    </trkpt>
    <trkpt lat="40.13277" lon="15.64379">
      <ele>657.21</ele>
    </trkpt>
    <trkpt lat="40.13269" lon="15.6437">
      <ele>656.407</ele>
    </trkpt>
    <trkpt lat="40.1326" lon="15.64333">
      <ele>657.54</ele>
    </trkpt>
    <trkpt lat="40.13261" lon="15.64319">
      <ele>658.6</ele>
    </trkpt>
    <trkpt lat="40.13258" lon="15.64304">
      <ele>658.8</ele>
    </trkpt>
    <trkpt lat="40.13254" lon="15.64295">
      <ele>658.299</ele>
    </trkpt>
    <trkpt lat="40.13253" lon="15.64286">
      <ele>658.428</ele>
    </trkpt>
    <trkpt lat="40.1326" lon="15.64268">
      <ele>660.872</ele>
    </trkpt>
    <trkpt lat="40.13264" lon="15.64264">
      <ele>662.024</ele>
    </trkpt>
    <trkpt lat="40.13268" lon="15.64267">
      <ele>662.924</ele>
    </trkpt>
    <trkpt lat="40.13283" lon="15.64299">
      <ele>664.655</ele>
    </trkpt>
    <trkpt lat="40.13293" lon="15.64314">
      <ele>666.365</ele>
    </trkpt>
    <trkpt lat="40.13303" lon="15.64321">
      <ele>668.295</ele>
    </trkpt>
    <trkpt lat="40.13321" lon="15.64333">
      <ele>671.876</ele>
    </trkpt>
    <trkpt lat="40.13331" lon="15.64341">
      <ele>674.136</ele>
    </trkpt>
    <trkpt lat="40.1336" lon="15.64375">
      <ele>676.3</ele>
    </trkpt>
    <trkpt lat="40.13375" lon="15.64391">
      <ele>677.848</ele>
    </trkpt>
    <trkpt lat="40.13391" lon="15.64409">
      <ele>681.081</ele>
    </trkpt>
    <trkpt lat="40.13416" lon="15.64434">
      <ele>686.304</ele>
    </trkpt>
    <trkpt lat="40.13435" lon="15.64453">
      <ele>688.246</ele>
    </trkpt>
    <trkpt lat="40.13442" lon="15.64457">
      <ele>689.442</ele>
    </trkpt>
    <trkpt lat="40.13471" lon="15.64474">
      <ele>694.064</ele>
    </trkpt>
    <trkpt lat="40.13487" lon="15.64483">
      <ele>695.808</ele>
    </trkpt>
    <trkpt lat="40.13494" lon="15.6449">
      <ele>697.789</ele>
    </trkpt>
    <trkpt lat="40.13499" lon="15.645">
      <ele>700.82</ele>
    </trkpt>
    <trkpt lat="40.13501" lon="15.64512">
      <ele>700.728</ele>
    </trkpt>
    <trkpt lat="40.13505" lon="15.64527">
      <ele>701.608</ele>
    </trkpt>
    <trkpt lat="40.13512" lon="15.64537">
      <ele>703.843</ele>
    </trkpt>
    <trkpt lat="40.13519" lon="15.64536">
      <ele>706.265</ele>
    </trkpt>
    <trkpt lat="40.13529" lon="15.64532">
      <ele>709.287</ele>
    </trkpt>
    <trkpt lat="40.13541" lon="15.64531">
      <ele>710.455</ele>
    </trkpt>
    <trkpt lat="40.13555" lon="15.64533">
      <ele>712.438</ele>
    </trkpt>
    <trkpt lat="40.13555" lon="15.64533">
      <ele>712.438</ele>
    </trkpt>
    <trkpt lat="40.13555" lon="15.64533">
      <ele>712.438</ele>
    </trkpt>
    <trkpt lat="40.13541" lon="15.64531">
      <ele>710.455</ele>
    </trkpt>
    <trkpt lat="40.13552" lon="15.64523">
      <ele>709.24</ele>
    </trkpt>
    <trkpt lat="40.13581" lon="15.6451">
      <ele>707.658</ele>
    </trkpt>
    <trkpt lat="40.13587" lon="15.64504">
      <ele>706.793</ele>
    </trkpt>
    <trkpt lat="40.13593" lon="15.64493">
      <ele>704.976</ele>
    </trkpt>
    <trkpt lat="40.13596" lon="15.64488">
      <ele>704.256</ele>
    </trkpt>
    <trkpt lat="40.13606" lon="15.64479">
      <ele>703.788</ele>
    </trkpt>
    <trkpt lat="40.13617" lon="15.64475">
      <ele>704.336</ele>
    </trkpt>
    <trkpt lat="40.13622" lon="15.64473">
      <ele>704.372</ele>
    </trkpt>
    <trkpt lat="40.13651" lon="15.64448">
      <ele>698.968</ele>
    </trkpt>
    <trkpt lat="40.13664" lon="15.64443">
      <ele>698.33</ele>
    </trkpt>
    <trkpt lat="40.13706" lon="15.6443">
      <ele>697.929</ele>
    </trkpt>
    <trkpt lat="40.13716" lon="15.64423">
      <ele>696.305</ele>
    </trkpt>
    <trkpt lat="40.13733" lon="15.64395">
      <ele>691.391</ele>
    </trkpt>
    <trkpt lat="40.13745" lon="15.64383">
      <ele>691.082</ele>
    </trkpt>
    <trkpt lat="40.1377" lon="15.64367">
      <ele>690.576</ele>
    </trkpt>
    <trkpt lat="40.13777" lon="15.64359">
      <ele>689.428</ele>
    </trkpt>
    <trkpt lat="40.13781" lon="15.64344">
      <ele>687.259</ele>
    </trkpt>
    <trkpt lat="40.13784" lon="15.64319">
      <ele>685.091</ele>
    </trkpt>
    <trkpt lat="40.13788" lon="15.64309">
      <ele>684.733</ele>
    </trkpt>
    <trkpt lat="40.13794" lon="15.64299">
      <ele>682.441</ele>
    </trkpt>
    <trkpt lat="40.13826" lon="15.64281">
      <ele>680.369</ele>
    </trkpt>
    <trkpt lat="40.13834" lon="15.64275">
      <ele>679.296</ele>
    </trkpt>
    <trkpt lat="40.13843" lon="15.64261">
      <ele>676.56</ele>
    </trkpt>
    <trkpt lat="40.13846" lon="15.64252">
      <ele>674.4</ele>
    </trkpt>
    <trkpt lat="40.13847" lon="15.64235">
      <ele>669.648</ele>
    </trkpt>
    <trkpt lat="40.1385" lon="15.64224">
      <ele>666.912</ele>
    </trkpt>
    <trkpt lat="40.13856" lon="15.64213">
      <ele>665.15</ele>
    </trkpt>
    <trkpt lat="40.13889" lon="15.64173">
      <ele>658.59</ele>
    </trkpt>
    <trkpt lat="40.13897" lon="15.6416">
      <ele>654.736</ele>
    </trkpt>
    <trkpt lat="40.13923" lon="15.6411">
      <ele>639.711</ele>
    </trkpt>
    <trkpt lat="40.13939" lon="15.64084">
      <ele>632.383</ele>
    </trkpt>
    <trkpt lat="40.13954" lon="15.64074">
      <ele>628.729</ele>
    </trkpt>
    <trkpt lat="40.14005" lon="15.64071">
      <ele>621.464</ele>
    </trkpt>
    <trkpt lat="40.14013" lon="15.64072">
      <ele>620.924</ele>
    </trkpt>
    <trkpt lat="40.14018" lon="15.64077">
      <ele>622.004</ele>
    </trkpt>
    <trkpt lat="40.14018" lon="15.64077">
      <ele>622.004</ele>
    </trkpt>
    <trkpt lat="40.14018" lon="15.64077">
      <ele>622.004</ele>
    </trkpt>
    <trkpt lat="40.14018" lon="15.64077">
      <ele>622.004</ele>
    </trkpt>
    <trkpt lat="40.14027" lon="15.64094">
      <ele>625.794</ele>
    </trkpt>
    <trkpt lat="40.14031" lon="15.64095">
      <ele>625.727</ele>
    </trkpt>
    <trkpt lat="40.14035" lon="15.64094">
      <ele>625.228</ele>
    </trkpt>
    <trkpt lat="40.14039" lon="15.64088">
      <ele>623.636</ele>
    </trkpt>
    <trkpt lat="40.14043" lon="15.64076">
      <ele>620.51</ele>
    </trkpt>
    <trkpt lat="40.14055" lon="15.64058">
      <ele>616.493</ele>
    </trkpt>
    <trkpt lat="40.14087" lon="15.64043">
      <ele>621.961</ele>
    </trkpt>
    <trkpt lat="40.14092" lon="15.64039">
      <ele>621.924</ele>
    </trkpt>
    <trkpt lat="40.14093" lon="15.64033">
      <ele>620.651</ele>
    </trkpt>
    <trkpt lat="40.14091" lon="15.64027">
      <ele>619.343</ele>
    </trkpt>
    <trkpt lat="40.14079" lon="15.6402">
      <ele>619.217</ele>
    </trkpt>
    <trkpt lat="40.14061" lon="15.63996">
      <ele>620.429</ele>
    </trkpt>
    <trkpt lat="40.14055" lon="15.63985">
      <ele>620.497</ele>
    </trkpt>
    <trkpt lat="40.14046" lon="15.63943">
      <ele>625.928</ele>
    </trkpt>
    <trkpt lat="40.14041" lon="15.63927">
      <ele>628.242</ele>
    </trkpt>
    <trkpt lat="40.14017" lon="15.63883">
      <ele>633.147</ele>
    </trkpt>
    <trkpt lat="40.14011" lon="15.63862">
      <ele>634.917</ele>
    </trkpt>
    <trkpt lat="40.14008" lon="15.63806">
      <ele>645.918</ele>
    </trkpt>
    <trkpt lat="40.14003" lon="15.63792">
      <ele>647.957</ele>
    </trkpt>
    <trkpt lat="40.13994" lon="15.63779">
      <ele>648.641</ele>
    </trkpt>
    <trkpt lat="40.13956" lon="15.63745">
      <ele>652.149</ele>
    </trkpt>
    <trkpt lat="40.13912" lon="15.63711">
      <ele>651.432</ele>
    </trkpt>
    <trkpt lat="40.13907" lon="15.637">
      <ele>651.025</ele>
    </trkpt>
    <trkpt lat="40.13907" lon="15.63692">
      <ele>651.212</ele>
    </trkpt>
    <trkpt lat="40.13911" lon="15.6368">
      <ele>650.492</ele>
    </trkpt>
    <trkpt lat="40.13922" lon="15.63663">
      <ele>649.797</ele>
    </trkpt>
    <trkpt lat="40.13933" lon="15.63651">
      <ele>648.196</ele>
    </trkpt>
    <trkpt lat="40.13966" lon="15.63642">
      <ele>649.622</ele>
    </trkpt>
    <trkpt lat="40.1397" lon="15.63637">
      <ele>648.897</ele>
    </trkpt>
    <trkpt lat="40.13967" lon="15.63627">
      <ele>648.891</ele>
    </trkpt>
    <trkpt lat="40.13936" lon="15.6359">
      <ele>652.147</ele>
    </trkpt>
    <trkpt lat="40.13923" lon="15.63574">
      <ele>652.504</ele>
    </trkpt>
    <trkpt lat="40.1392" lon="15.63558">
      <ele>654.52</ele>
    </trkpt>
    <trkpt lat="40.13925" lon="15.6351">
      <ele>662.128</ele>
    </trkpt>
    <trkpt lat="40.13925" lon="15.63473">
      <ele>666.696</ele>
    </trkpt>
    <trkpt lat="40.13912" lon="15.63419">
      <ele>671.74</ele>
    </trkpt>
    <trkpt lat="40.13906" lon="15.63399">
      <ele>673.484</ele>
    </trkpt>
    <trkpt lat="40.13893" lon="15.63378">
      <ele>674.424</ele>
    </trkpt>
    <trkpt lat="40.13885" lon="15.63362">
      <ele>674.888</ele>
    </trkpt>
    <trkpt lat="40.13884" lon="15.63351">
      <ele>674.468</ele>
    </trkpt>
    <trkpt lat="40.13885" lon="15.63347">
      <ele>674.583</ele>
    </trkpt>
    <trkpt lat="40.1389" lon="15.63339">
      <ele>675.42</ele>
    </trkpt>
    <trkpt lat="40.13905" lon="15.63327">
      <ele>676.76</ele>
    </trkpt>
    <trkpt lat="40.13916" lon="15.63315">
      <ele>676.58</ele>
    </trkpt>
    <trkpt lat="40.13918" lon="15.63304">
      <ele>675.571</ele>
    </trkpt>
    <trkpt lat="40.1392" lon="15.63287">
      <ele>675.972</ele>
    </trkpt>
    <trkpt lat="40.13929" lon="15.63307">
      <ele>680.917</ele>
    </trkpt>
    <trkpt lat="40.13931" lon="15.63316">
      <ele>682.618</ele>
    </trkpt>
    <trkpt lat="40.13931" lon="15.63316">
      <ele>682.618</ele>
    </trkpt>
    <trkpt lat="40.13931" lon="15.63316">
      <ele>682.618</ele>
    </trkpt>
    <trkpt lat="40.13933" lon="15.63328">
      <ele>684.308</ele>
    </trkpt>
    <trkpt lat="40.13936" lon="15.63365">
      <ele>687.923</ele>
    </trkpt>
    <trkpt lat="40.1394" lon="15.63388">
      <ele>685.538</ele>
    </trkpt>
    <trkpt lat="40.13959" lon="15.63423">
      <ele>686.12</ele>
    </trkpt>
    <trkpt lat="40.13985" lon="15.63449">
      <ele>688.169</ele>
    </trkpt>
    <trkpt lat="40.14016" lon="15.6346">
      <ele>694.181</ele>
    </trkpt>
    <trkpt lat="40.14054" lon="15.63478">
      <ele>696.191</ele>
    </trkpt>
    <trkpt lat="40.14103" lon="15.63529">
      <ele>692.723</ele>
    </trkpt>
    <trkpt lat="40.14142" lon="15.63581">
      <ele>689.26</ele>
    </trkpt>
    <trkpt lat="40.1416" lon="15.63604">
      <ele>689.048</ele>
    </trkpt>
    <trkpt lat="40.14178" lon="15.63632">
      <ele>687.056</ele>
    </trkpt>
    <trkpt lat="40.14202" lon="15.63678">
      <ele>685.904</ele>
    </trkpt>
    <trkpt lat="40.14214" lon="15.63694">
      <ele>688.928</ele>
    </trkpt>
    <trkpt lat="40.14226" lon="15.63708">
      <ele>691.816</ele>
    </trkpt>
    <trkpt lat="40.14234" lon="15.63717">
      <ele>693.544</ele>
    </trkpt>
    <trkpt lat="40.14242" lon="15.63729">
      <ele>695.727</ele>
    </trkpt>
    <trkpt lat="40.14242" lon="15.63729">
      <ele>695.727</ele>
    </trkpt>
    <trkpt lat="40.14122" lon="15.63553">
      <ele>692.492</ele>
    </trkpt>
    <trkpt lat="40.14142" lon="15.63581">
      <ele>689.26</ele>
    </trkpt>
    <trkpt lat="40.1416" lon="15.63604">
      <ele>689.048</ele>
    </trkpt>
    <trkpt lat="40.14178" lon="15.63632">
      <ele>687.056</ele>
    </trkpt>
    <trkpt lat="40.14202" lon="15.63678">
      <ele>685.904</ele>
    </trkpt>
    <trkpt lat="40.14214" lon="15.63694">
      <ele>688.928</ele>
    </trkpt>
    <trkpt lat="40.14226" lon="15.63708">
      <ele>691.816</ele>
    </trkpt>
    <trkpt lat="40.14234" lon="15.63717">
      <ele>693.544</ele>
    </trkpt>
    <trkpt lat="40.14242" lon="15.63729">
      <ele>695.727</ele>
    </trkpt>
    <trkpt lat="40.14242" lon="15.63729">
      <ele>695.727</ele>
    </trkpt>
    <trkpt lat="40.14242" lon="15.63729">
      <ele>695.727</ele>
    </trkpt>
    <trkpt lat="40.14257" lon="15.63752">
      <ele>697.874</ele>
    </trkpt>
    <trkpt lat="40.14274" lon="15.63759">
      <ele>698.3</ele>
    </trkpt>
    <trkpt lat="40.14323" lon="15.63781">
      <ele>690.263</ele>
    </trkpt>
    <trkpt lat="40.14334" lon="15.63783">
      <ele>687.534</ele>
    </trkpt>
    <trkpt lat="40.14351" lon="15.63785">
      <ele>684.028</ele>
    </trkpt>
    <trkpt lat="40.1436" lon="15.6379">
      <ele>682.933</ele>
    </trkpt>
    <trkpt lat="40.14373" lon="15.63807">
      <ele>680.741</ele>
    </trkpt>
    <trkpt lat="40.14381" lon="15.63824">
      <ele>679.627</ele>
    </trkpt>
    <trkpt lat="40.14383" lon="15.63832">
      <ele>679.621</ele>
    </trkpt>
    <trkpt lat="40.14383" lon="15.63847">
      <ele>680.621</ele>
    </trkpt>
    <trkpt lat="40.14379" lon="15.63871">
      <ele>685.393</ele>
    </trkpt>
    <trkpt lat="40.1438" lon="15.63878">
      <ele>685.374</ele>
    </trkpt>
    <trkpt lat="40.14384" lon="15.63887">
      <ele>683.768</ele>
    </trkpt>
    <trkpt lat="40.14391" lon="15.63892">
      <ele>681.086</ele>
    </trkpt>
    <trkpt lat="40.14404" lon="15.63898">
      <ele>678.175</ele>
    </trkpt>
    <trkpt lat="40.14443" lon="15.63925">
      <ele>676.211</ele>
    </trkpt>
    <trkpt lat="40.14447" lon="15.63933">
      <ele>676.24</ele>
    </trkpt>
    <trkpt lat="40.14451" lon="15.63945">
      <ele>676.821</ele>
    </trkpt>
    <trkpt lat="40.14456" lon="15.63956">
      <ele>676.845</ele>
    </trkpt>
    <trkpt lat="40.14472" lon="15.6398">
      <ele>675.624</ele>
    </trkpt>
    <trkpt lat="40.14476" lon="15.63987">
      <ele>676.275</ele>
    </trkpt>
    <trkpt lat="40.14502" lon="15.64014">
      <ele>668.244</ele>
    </trkpt>
    <trkpt lat="40.14512" lon="15.64024">
      <ele>664.307</ele>
    </trkpt>
    <trkpt lat="40.14514" lon="15.6403">
      <ele>663.456</ele>
    </trkpt>
    <trkpt lat="40.14512" lon="15.64042">
      <ele>664.248</ele>
    </trkpt>
    <trkpt lat="40.14513" lon="15.64049">
      <ele>663.852</ele>
    </trkpt>
    <trkpt lat="40.1452" lon="15.64069">
      <ele>664.894</ele>
    </trkpt>
    <trkpt lat="40.14523" lon="15.64074">
      <ele>665.411</ele>
    </trkpt>
    <trkpt lat="40.14527" lon="15.64074">
      <ele>664.21</ele>
    </trkpt>
    <trkpt lat="40.14531" lon="15.64073">
      <ele>664.348</ele>
    </trkpt>
    <trkpt lat="40.14531" lon="15.64073">
      <ele>664.348</ele>
    </trkpt>
    <trkpt lat="40.14531" lon="15.64073">
      <ele>664.348</ele>
    </trkpt>
    <trkpt lat="40.14537" lon="15.6407">
      <ele>664.672</ele>
    </trkpt>
    <trkpt lat="40.14553" lon="15.64066">
      <ele>666.832</ele>
    </trkpt>
    <trkpt lat="40.14566" lon="15.64068">
      <ele>666.191</ele>
    </trkpt>
    <trkpt lat="40.14588" lon="15.64079">
      <ele>663.776</ele>
    </trkpt>
    <trkpt lat="40.14598" lon="15.64094">
      <ele>662.034</ele>
    </trkpt>
    <trkpt lat="40.14609" lon="15.64113">
      <ele>659.532</ele>
    </trkpt>
    <trkpt lat="40.1462" lon="15.64143">
      <ele>662.037</ele>
    </trkpt>
    <trkpt lat="40.14624" lon="15.64151">
      <ele>662.879</ele>
    </trkpt>
    <trkpt lat="40.1463" lon="15.64155">
      <ele>661.631</ele>
    </trkpt>
    <trkpt lat="40.14638" lon="15.64155">
      <ele>658.417</ele>
    </trkpt>
    <trkpt lat="40.14657" lon="15.64144">
      <ele>656.06</ele>
    </trkpt>
    <trkpt lat="40.1467" lon="15.64138">
      <ele>654.48</ele>
    </trkpt>
    <trkpt lat="40.14681" lon="15.6414">
      <ele>654.288</ele>
    </trkpt>
    <trkpt lat="40.14695" lon="15.64153">
      <ele>657.004</ele>
    </trkpt>
    <trkpt lat="40.14701" lon="15.64168">
      <ele>660.96</ele>
    </trkpt>
    <trkpt lat="40.14705" lon="15.6417">
      <ele>661.32</ele>
    </trkpt>
    <trkpt lat="40.14722" lon="15.64157">
      <ele>655.542</ele>
    </trkpt>
    <trkpt lat="40.14745" lon="15.64147">
      <ele>654.482</ele>
    </trkpt>
    <trkpt lat="40.14762" lon="15.64144">
      <ele>653.503</ele>
    </trkpt>
    <trkpt lat="40.14771" lon="15.64143">
      <ele>652.636</ele>
    </trkpt>
    <trkpt lat="40.14801" lon="15.64145">
      <ele>650.436</ele>
    </trkpt>
    <trkpt lat="40.14809" lon="15.64149">
      <ele>649.89</ele>
    </trkpt>
    <trkpt lat="40.14826" lon="15.64166">
      <ele>650.808</ele>
    </trkpt>
    <trkpt lat="40.14833" lon="15.64175">
      <ele>652.092</ele>
    </trkpt>
    <trkpt lat="40.1484" lon="15.64194">
      <ele>654.992</ele>
    </trkpt>
    <trkpt lat="40.14848" lon="15.64227">
      <ele>654.69</ele>
    </trkpt>
    <trkpt lat="40.14857" lon="15.64241">
      <ele>651.92</ele>
    </trkpt>
    <trkpt lat="40.14864" lon="15.64247">
      <ele>649.115</ele>
    </trkpt>
    <trkpt lat="40.14878" lon="15.64251">
      <ele>643.934</ele>
    </trkpt>
    <trkpt lat="40.14882" lon="15.64252">
      <ele>642.426</ele>
    </trkpt>
    <trkpt lat="40.14887" lon="15.6426">
      <ele>642.0</ele>
    </trkpt>
    <trkpt lat="40.14895" lon="15.64281">
      <ele>644.519</ele>
    </trkpt>
    <trkpt lat="40.14899" lon="15.64282">
      <ele>644.111</ele>
    </trkpt>
    <trkpt lat="40.149" lon="15.64281">
      <ele>643.841</ele>
    </trkpt>
    <trkpt lat="40.149" lon="15.64281">
      <ele>643.841</ele>
    </trkpt>
    <trkpt lat="40.149" lon="15.64281">
      <ele>643.841</ele>
    </trkpt>
    <trkpt lat="40.14905" lon="15.64277">
      <ele>642.496</ele>
    </trkpt>
    <trkpt lat="40.1491" lon="15.64275">
      <ele>641.284</ele>
    </trkpt>
    <trkpt lat="40.14927" lon="15.64268">
      <ele>639.28</ele>
    </trkpt>
    <trkpt lat="40.14936" lon="15.64263">
      <ele>638.668</ele>
    </trkpt>
    <trkpt lat="40.14947" lon="15.64249">
      <ele>636.083</ele>
    </trkpt>
    <trkpt lat="40.14947" lon="15.64249">
      <ele>636.083</ele>
    </trkpt>
    <trkpt lat="40.14947" lon="15.64249">
      <ele>636.083</ele>
    </trkpt>
    <trkpt lat="40.14951" lon="15.64245">
      <ele>635.546</ele>
    </trkpt>
    <trkpt lat="40.14958" lon="15.64231">
      <ele>632.814</ele>
    </trkpt>
    <trkpt lat="40.14963" lon="15.64208">
      <ele>628.268</ele>
    </trkpt>
    <trkpt lat="40.14965" lon="15.64201">
      <ele>627.116</ele>
    </trkpt>
    <trkpt lat="40.1497" lon="15.642">
      <ele>627.8</ele>
    </trkpt>
    <trkpt lat="40.14985" lon="15.64207">
      <ele>630.216</ele>
    </trkpt>
    <trkpt lat="40.14991" lon="15.64206">
      <ele>630.286</ele>
    </trkpt>
    <trkpt lat="40.14994" lon="15.64201">
      <ele>629.614</ele>
    </trkpt>
    <trkpt lat="40.14994" lon="15.64195">
      <ele>628.657</ele>
    </trkpt>
    <trkpt lat="40.14994" lon="15.64193">
      <ele>628.308</ele>
    </trkpt>
    <trkpt lat="40.14994" lon="15.64193">
      <ele>628.308</ele>
    </trkpt>
    <trkpt lat="40.14994" lon="15.64193">
      <ele>628.308</ele>
    </trkpt>
    <trkpt lat="40.14975" lon="15.64157">
      <ele>620.425</ele>
    </trkpt>
    <trkpt lat="40.14975" lon="15.64157">
      <ele>620.425</ele>
    </trkpt>
    <trkpt lat="40.14976" lon="15.64132">
      <ele>615.896</ele>
    </trkpt>
    <trkpt lat="40.14976" lon="15.64132">
      <ele>615.896</ele>
    </trkpt>
    <trkpt lat="40.14991" lon="15.64125">
      <ele>615.176</ele>
    </trkpt>
    <trkpt lat="40.14991" lon="15.64125">
      <ele>615.176</ele>
    </trkpt>
    <trkpt lat="40.15007" lon="15.64115">
      <ele>612.657</ele>
    </trkpt>
    <trkpt lat="40.15007" lon="15.64115">
      <ele>612.657</ele>
    </trkpt>
    <trkpt lat="40.15005" lon="15.64089">
      <ele>607.504</ele>
    </trkpt>
    <trkpt lat="40.15005" lon="15.64089">
      <ele>607.504</ele>
    </trkpt>
    <trkpt lat="40.14982" lon="15.64071">
      <ele>603.976</ele>
    </trkpt>
    <trkpt lat="40.14982" lon="15.64071">
      <ele>603.976</ele>
    </trkpt>
    <trkpt lat="40.14967" lon="15.64042">
      <ele>597.629</ele>
    </trkpt>
    <trkpt lat="40.14967" lon="15.64042">
      <ele>597.629</ele>
    </trkpt>
    <trkpt lat="40.14967" lon="15.64042">
      <ele>597.629</ele>
    </trkpt>
    <trkpt lat="40.14967" lon="15.64042">
      <ele>597.629</ele>
    </trkpt>
    <trkpt lat="40.14967" lon="15.64042">
      <ele>597.629</ele>
    </trkpt>
    <trkpt lat="40.14967" lon="15.64042">
      <ele>597.629</ele>
    </trkpt>
    <trkpt lat="40.14967" lon="15.64042">
      <ele>597.629</ele>
    </trkpt>
    <trkpt lat="40.14967" lon="15.64042">
      <ele>597.629</ele>
    </trkpt>
    <trkpt lat="40.14966" lon="15.6403">
      <ele>594.904</ele>
    </trkpt>
    <trkpt lat="40.14968" lon="15.64022">
      <ele>593.946</ele>
    </trkpt>
    <trkpt lat="40.14973" lon="15.64013">
      <ele>593.814</ele>
    </trkpt>
    <trkpt lat="40.14977" lon="15.6401">
      <ele>593.048</ele>
    </trkpt>
    <trkpt lat="40.14984" lon="15.64011">
      <ele>592.648</ele>
    </trkpt>
    <trkpt lat="40.1499" lon="15.64015">
      <ele>592.931</ele>
    </trkpt>
    <trkpt lat="40.1499" lon="15.64015">
      <ele>592.931</ele>
    </trkpt>
    <trkpt lat="40.1499" lon="15.64015">
      <ele>592.931</ele>
    </trkpt>
    <trkpt lat="40.15042" lon="15.64048">
      <ele>595.327</ele>
    </trkpt>
    <trkpt lat="40.15052" lon="15.64053">
      <ele>595.028</ele>
    </trkpt>
    <trkpt lat="40.15052" lon="15.64053">
      <ele>595.028</ele>
    </trkpt>
    <trkpt lat="40.15052" lon="15.64053">
      <ele>595.028</ele>
    </trkpt>
    <trkpt lat="40.15071" lon="15.64062">
      <ele>593.148</ele>
    </trkpt>
    <trkpt lat="40.15083" lon="15.64071">
      <ele>592.284</ele>
    </trkpt>
    <trkpt lat="40.15088" lon="15.64076">
      <ele>593.324</ele>
    </trkpt>
    <trkpt lat="40.15088" lon="15.64076">
      <ele>593.324</ele>
    </trkpt>
    <trkpt lat="40.15088" lon="15.64076">
      <ele>593.324</ele>
    </trkpt>
    <trkpt lat="40.15092" lon="15.64075">
      <ele>593.518</ele>
    </trkpt>
    <trkpt lat="40.15097" lon="15.64071">
      <ele>593.426</ele>
    </trkpt>
    <trkpt lat="40.151" lon="15.64062">
      <ele>592.589</ele>
    </trkpt>
    <trkpt lat="40.151" lon="15.64048">
      <ele>590.603</ele>
    </trkpt>
    <trkpt lat="40.15102" lon="15.64041">
      <ele>589.748</ele>
    </trkpt>
    <trkpt lat="40.15114" lon="15.64015">
      <ele>587.936</ele>
    </trkpt>
    <trkpt lat="40.15118" lon="15.64003">
      <ele>587.389</ele>
    </trkpt>
    <trkpt lat="40.15119" lon="15.63989">
      <ele>586.309</ele>
    </trkpt>
    <trkpt lat="40.15114" lon="15.63967">
      <ele>582.476</ele>
    </trkpt>
    <trkpt lat="40.15114" lon="15.63967">
      <ele>582.476</ele>
    </trkpt>
    <trkpt lat="40.15114" lon="15.63967">
      <ele>582.476</ele>
    </trkpt>
    <trkpt lat="40.15113" lon="15.63963">
      <ele>581.684</ele>
    </trkpt>
    <trkpt lat="40.1511" lon="15.6392">
      <ele>576.955</ele>
    </trkpt>
    <trkpt lat="40.15112" lon="15.63902">
      <ele>577.271</ele>
    </trkpt>
    <trkpt lat="40.15117" lon="15.63889">
      <ele>578.697</ele>
    </trkpt>
    <trkpt lat="40.15145" lon="15.6386">
      <ele>585.16</ele>
    </trkpt>
    <trkpt lat="40.15152" lon="15.63842">
      <ele>587.032</ele>
    </trkpt>
    <trkpt lat="40.15155" lon="15.63821">
      <ele>587.285</ele>
    </trkpt>
    <trkpt lat="40.15154" lon="15.63807">
      <ele>586.409</ele>
    </trkpt>
    <trkpt lat="40.15151" lon="15.63798">
      <ele>584.539</ele>
    </trkpt>
    <trkpt lat="40.15149" lon="15.6379">
      <ele>583.281</ele>
    </trkpt>
    <trkpt lat="40.15149" lon="15.63789">
      <ele>583.176</ele>
    </trkpt>
    <trkpt lat="40.15149" lon="15.63789">
      <ele>583.176</ele>
    </trkpt>
    <trkpt lat="40.15149" lon="15.63789">
      <ele>583.176</ele>
    </trkpt>
    <trkpt lat="40.15151" lon="15.63785">
      <ele>582.907</ele>
    </trkpt>
    <trkpt lat="40.15156" lon="15.63782">
      <ele>582.749</ele>
    </trkpt>
    <trkpt lat="40.1519" lon="15.63776">
      <ele>576.556</ele>
    </trkpt>
    <trkpt lat="40.15198" lon="15.63773">
      <ele>575.074</ele>
    </trkpt>
    <trkpt lat="40.15204" lon="15.63767">
      <ele>573.883</ele>
    </trkpt>
    <trkpt lat="40.15211" lon="15.63758">
      <ele>571.9</ele>
    </trkpt>
    <trkpt lat="40.15215" lon="15.63755">
      <ele>571.213</ele>
    </trkpt>
    <trkpt lat="40.15231" lon="15.63749">
      <ele>569.784</ele>
    </trkpt>
    <trkpt lat="40.15242" lon="15.63739">
      <ele>567.624</ele>
    </trkpt>
    <trkpt lat="40.15251" lon="15.63719">
      <ele>563.624</ele>
    </trkpt>
    <trkpt lat="40.15259" lon="15.63713">
      <ele>564.816</ele>
    </trkpt>
    <trkpt lat="40.15268" lon="15.63699">
      <ele>564.274</ele>
    </trkpt>
    <trkpt lat="40.1527" lon="15.63691">
      <ele>563.229</ele>
    </trkpt>
    <trkpt lat="40.15269" lon="15.63686">
      <ele>562.16</ele>
    </trkpt>
    <trkpt lat="40.15263" lon="15.63669">
      <ele>557.593</ele>
    </trkpt>
    <trkpt lat="40.15263" lon="15.63669">
      <ele>557.593</ele>
    </trkpt>
    <trkpt lat="40.15263" lon="15.63669">
      <ele>557.593</ele>
    </trkpt>
    <trkpt lat="40.15242" lon="15.63697">
      <ele>558.552</ele>
    </trkpt>
    <trkpt lat="40.15229" lon="15.63704">
      <ele>560.064</ele>
    </trkpt>
    <trkpt lat="40.15219" lon="15.63698">
      <ele>558.884</ele>
    </trkpt>
    <trkpt lat="40.15168" lon="15.63626">
      <ele>548.907</ele>
    </trkpt>
    <trkpt lat="40.15152" lon="15.63596">
      <ele>547.161</ele>
    </trkpt>
    <trkpt lat="40.15152" lon="15.63596">
      <ele>547.161</ele>
    </trkpt>
    <trkpt lat="40.15152" lon="15.63596">
      <ele>547.161</ele>
    </trkpt>
    <trkpt lat="40.15114" lon="15.63566">
      <ele>546.166</ele>
    </trkpt>
    <trkpt lat="40.15105" lon="15.63555">
      <ele>544.693</ele>
    </trkpt>
    <trkpt lat="40.15105" lon="15.63555">
      <ele>544.693</ele>
    </trkpt>
    <trkpt lat="40.15105" lon="15.63555">
      <ele>544.693</ele>
    </trkpt>
    <trkpt lat="40.15095" lon="15.63542">
      <ele>542.829</ele>
    </trkpt>
    <trkpt lat="40.15087" lon="15.6354">
      <ele>542.79</ele>
    </trkpt>
    <trkpt lat="40.15081" lon="15.63544">
      <ele>542.468</ele>
    </trkpt>
    <trkpt lat="40.15073" lon="15.63543">
      <ele>540.049</ele>
    </trkpt>
    <trkpt lat="40.15065" lon="15.63537">
      <ele>537.828</ele>
    </trkpt>
    <trkpt lat="40.15033" lon="15.63541">
      <ele>526.503</ele>
    </trkpt>
    <trkpt lat="40.14996" lon="15.6354">
      <ele>516.552</ele>
    </trkpt>
    <trkpt lat="40.14965" lon="15.63535">
      <ele>508.66</ele>
    </trkpt>
    <trkpt lat="40.14952" lon="15.63529">
      <ele>505.132</ele>
    </trkpt>
    <trkpt lat="40.14939" lon="15.63507">
      <ele>501.592</ele>
    </trkpt>
    <trkpt lat="40.14931" lon="15.63502">
      <ele>498.604</ele>
    </trkpt>
    <trkpt lat="40.14931" lon="15.63501">
      <ele>498.64</ele>
    </trkpt>
    <trkpt lat="40.14931" lon="15.63501">
      <ele>498.64</ele>
    </trkpt>
    <trkpt lat="40.14906" lon="15.63483">
      <ele>489.695</ele>
    </trkpt>
    <trkpt lat="40.14888" lon="15.63471">
      <ele>482.887</ele>
    </trkpt>
    <trkpt lat="40.14864" lon="15.63462">
      <ele>476.078</ele>
    </trkpt>
    <trkpt lat="40.14838" lon="15.6344">
      <ele>470.078</ele>
    </trkpt>
    <trkpt lat="40.1483" lon="15.63419">
      <ele>467.878</ele>
    </trkpt>
    <trkpt lat="40.14829" lon="15.63404">
      <ele>466.953</ele>
    </trkpt>
    <trkpt lat="40.1483" lon="15.63392">
      <ele>465.837</ele>
    </trkpt>
    <trkpt lat="40.14838" lon="15.63381">
      <ele>466.112</ele>
    </trkpt>
    <trkpt lat="40.14841" lon="15.63368">
      <ele>466.256</ele>
    </trkpt>
    <trkpt lat="40.14837" lon="15.63336">
      <ele>462.87</ele>
    </trkpt>
    <trkpt lat="40.14822" lon="15.63305">
      <ele>463.843</ele>
    </trkpt>
    <trkpt lat="40.14819" lon="15.63285">
      <ele>462.495</ele>
    </trkpt>
    <trkpt lat="40.14819" lon="15.63285">
      <ele>462.495</ele>
    </trkpt>
    <trkpt lat="40.14819" lon="15.63285">
      <ele>462.495</ele>
    </trkpt>
    <trkpt lat="40.14806" lon="15.63224">
      <ele>463.016</ele>
    </trkpt>
    <trkpt lat="40.14809" lon="15.63208">
      <ele>458.611</ele>
    </trkpt>
    <trkpt lat="40.14811" lon="15.63195">
      <ele>454.96</ele>
    </trkpt>
    <trkpt lat="40.14811" lon="15.63182">
      <ele>454.473</ele>
    </trkpt>
    <trkpt lat="40.14813" lon="15.63165">
      <ele>453.687</ele>
    </trkpt>
    <trkpt lat="40.14828" lon="15.63138">
      <ele>450.435</ele>
    </trkpt>
    <trkpt lat="40.14837" lon="15.63118">
      <ele>448.752</ele>
    </trkpt>
    <trkpt lat="40.14847" lon="15.63065">
      <ele>450.925</ele>
    </trkpt>
    <trkpt lat="40.14844" lon="15.63012">
      <ele>455.638</ele>
    </trkpt>
    <trkpt lat="40.14841" lon="15.62991">
      <ele>456.984</ele>
    </trkpt>
    <trkpt lat="40.14841" lon="15.62991">
      <ele>456.984</ele>
    </trkpt>
    <trkpt lat="40.14841" lon="15.62991">
      <ele>456.984</ele>
    </trkpt>
    <trkpt lat="40.14839" lon="15.62983">
      <ele>457.92</ele>
    </trkpt>
    <trkpt lat="40.14832" lon="15.6295">
      <ele>460.254</ele>
    </trkpt>
    <trkpt lat="40.14828" lon="15.62918">
      <ele>456.744</ele>
    </trkpt>
    <trkpt lat="40.14829" lon="15.62882">
      <ele>453.705</ele>
    </trkpt>
    <trkpt lat="40.14836" lon="15.6285">
      <ele>451.933</ele>
    </trkpt>
    <trkpt lat="40.14836" lon="15.6285">
      <ele>451.933</ele>
    </trkpt>
    <trkpt lat="40.14836" lon="15.6285">
      <ele>451.933</ele>
    </trkpt>
    <trkpt lat="40.14836" lon="15.62848">
      <ele>452.128</ele>
    </trkpt>
    <trkpt lat="40.14843" lon="15.62821">
      <ele>451.711</ele>
    </trkpt>
    <trkpt lat="40.1486" lon="15.62784">
      <ele>450.185</ele>
    </trkpt>
    <trkpt lat="40.14864" lon="15.62755">
      <ele>452.493</ele>
    </trkpt>
    <trkpt lat="40.14865" lon="15.62715">
      <ele>450.72</ele>
    </trkpt>
    <trkpt lat="40.14861" lon="15.62684">
      <ele>450.062</ele>
    </trkpt>
    <trkpt lat="40.14859" lon="15.62654">
      <ele>451.637</ele>
    </trkpt>
    <trkpt lat="40.1486" lon="15.62626">
      <ele>451.581</ele>
    </trkpt>
    <trkpt lat="40.14862" lon="15.62612">
      <ele>450.424</ele>
    </trkpt>
    <trkpt lat="40.14862" lon="15.62612">
      <ele>450.424</ele>
    </trkpt>
    <trkpt lat="40.14862" lon="15.62612">
      <ele>450.424</ele>
    </trkpt>
    <trkpt lat="40.14866" lon="15.62589">
      <ele>447.176</ele>
    </trkpt>
    <trkpt lat="40.14867" lon="15.6256">
      <ele>441.89</ele>
    </trkpt>
    <trkpt lat="40.14862" lon="15.62543">
      <ele>442.677</ele>
    </trkpt>
    <trkpt lat="40.14852" lon="15.62531">
      <ele>444.1</ele>
    </trkpt>
    <trkpt lat="40.14838" lon="15.62529">
      <ele>446.468</ele>
    </trkpt>
    <trkpt lat="40.14813" lon="15.62531">
      <ele>450.941</ele>
    </trkpt>
    <trkpt lat="40.14808" lon="15.62529">
      <ele>451.04</ele>
    </trkpt>
    <trkpt lat="40.14808" lon="15.62529">
      <ele>451.04</ele>
    </trkpt>
    <trkpt lat="40.14808" lon="15.62529">
      <ele>451.04</ele>
    </trkpt>
    <trkpt lat="40.14802" lon="15.62527">
      <ele>451.028</ele>
    </trkpt>
    <trkpt lat="40.14785" lon="15.62509">
      <ele>446.572</ele>
    </trkpt>
    <trkpt lat="40.14779" lon="15.62506">
      <ele>445.89</ele>
    </trkpt>
    <trkpt lat="40.14766" lon="15.62489">
      <ele>438.908</ele>
    </trkpt>
    <trkpt lat="40.14758" lon="15.62476">
      <ele>433.991</ele>
    </trkpt>
    <trkpt lat="40.14751" lon="15.62468">
      <ele>430.588</ele>
    </trkpt>
    <trkpt lat="40.14742" lon="15.62461">
      <ele>427.035</ele>
    </trkpt>
    <trkpt lat="40.14727" lon="15.62461">
      <ele>425.3</ele>
    </trkpt>
    <trkpt lat="40.14719" lon="15.62458">
      <ele>423.112</ele>
    </trkpt>
    <trkpt lat="40.14719" lon="15.62458">
      <ele>423.112</ele>
    </trkpt>
    <trkpt lat="40.14719" lon="15.62458">
      <ele>423.112</ele>
    </trkpt>
    <trkpt lat="40.14713" lon="15.62456">
      <ele>421.744</ele>
    </trkpt>
    <trkpt lat="40.14734" lon="15.62444">
      <ele>418.868</ele>
    </trkpt>
    <trkpt lat="40.14754" lon="15.62418">
      <ele>409.378</ele>
    </trkpt>
    <trkpt lat="40.14779" lon="15.62395">
      <ele>404.508</ele>
    </trkpt>
    <trkpt lat="40.14777" lon="15.62367">
      <ele>393.108</ele>
    </trkpt>
    <trkpt lat="40.14783" lon="15.62359">
      <ele>391.046</ele>
    </trkpt>
    <trkpt lat="40.14785" lon="15.62341">
      <ele>386.9</ele>
    </trkpt>
    <trkpt lat="40.14788" lon="15.62329">
      <ele>384.593</ele>
    </trkpt>
    <trkpt lat="40.14791" lon="15.62309">
      <ele>381.065</ele>
    </trkpt>
    <trkpt lat="40.14794" lon="15.62306">
      <ele>381.007</ele>
    </trkpt>
    <trkpt lat="40.14816" lon="15.62303">
      <ele>379.394</ele>
    </trkpt>
    <trkpt lat="40.14816" lon="15.62303">
      <ele>379.394</ele>
    </trkpt>
    <trkpt lat="40.14816" lon="15.62303">
      <ele>379.394</ele>
    </trkpt>
    <trkpt lat="40.14831" lon="15.62291">
      <ele>371.132</ele>
    </trkpt>
    <trkpt lat="40.14836" lon="15.62278">
      <ele>364.634</ele>
    </trkpt>
    <trkpt lat="40.14863" lon="15.62293">
      <ele>356.471</ele>
    </trkpt>
    <trkpt lat="40.14887" lon="15.623">
      <ele>351.226</ele>
    </trkpt>
    <trkpt lat="40.14905" lon="15.62298">
      <ele>347.934</ele>
    </trkpt>
    <trkpt lat="40.14911" lon="15.62306">
      <ele>349.088</ele>
    </trkpt>
    <trkpt lat="40.14923" lon="15.62324">
      <ele>358.757</ele>
    </trkpt>
    <trkpt lat="40.14923" lon="15.62324">
      <ele>358.757</ele>
    </trkpt>
    <trkpt lat="40.14923" lon="15.62324">
      <ele>358.757</ele>
    </trkpt>
    <trkpt lat="40.14923" lon="15.62325">
      <ele>359.353</ele>
    </trkpt>
    <trkpt lat="40.14936" lon="15.62332">
      <ele>362.163</ele>
    </trkpt>
    <trkpt lat="40.14962" lon="15.62355">
      <ele>371.984</ele>
    </trkpt>
    <trkpt lat="40.14987" lon="15.62387">
      <ele>377.381</ele>
    </trkpt>
    <trkpt lat="40.14997" lon="15.62413">
      <ele>377.838</ele>
    </trkpt>
    <trkpt lat="40.15004" lon="15.62491">
      <ele>374.529</ele>
    </trkpt>
    <trkpt lat="40.15008" lon="15.62501">
      <ele>370.198</ele>
    </trkpt>
    <trkpt lat="40.15018" lon="15.62519">
      <ele>360.263</ele>
    </trkpt>
    <trkpt lat="40.15018" lon="15.62526">
      <ele>360.175</ele>
    </trkpt>
    <trkpt lat="40.15023" lon="15.62528">
      <ele>355.48</ele>
    </trkpt>
    <trkpt lat="40.15031" lon="15.6255">
      <ele>352.229</ele>
    </trkpt>
    <trkpt lat="40.15035" lon="15.6255">
      <ele>351.768</ele>
    </trkpt>
    <trkpt lat="40.15045" lon="15.62538">
      <ele>349.484</ele>
    </trkpt>
    <trkpt lat="40.15052" lon="15.62538">
      <ele>348.569</ele>
    </trkpt>
    <trkpt lat="40.15058" lon="15.62547">
      <ele>348.981</ele>
    </trkpt>
    <trkpt lat="40.15079" lon="15.62565">
      <ele>350.246</ele>
    </trkpt>
    <trkpt lat="40.15079" lon="15.62565">
      <ele>350.246</ele>
    </trkpt>
    <trkpt lat="40.15079" lon="15.62565">
      <ele>350.246</ele>
    </trkpt>
    <trkpt lat="40.15096" lon="15.62578">
      <ele>351.374</ele>
    </trkpt>
    <trkpt lat="40.15105" lon="15.62575">
      <ele>350.016</ele>
    </trkpt>
    <trkpt lat="40.15132" lon="15.62584">
      <ele>349.488</ele>
    </trkpt>
    <trkpt lat="40.15153" lon="15.62597">
      <ele>352.428</ele>
    </trkpt>
    <trkpt lat="40.15169" lon="15.62601">
      <ele>351.966</ele>
    </trkpt>
    <trkpt lat="40.1521" lon="15.62624">
      <ele>351.704</ele>
    </trkpt>
    <trkpt lat="40.15229" lon="15.62626">
      <ele>350.996</ele>
    </trkpt>
    <trkpt lat="40.15248" lon="15.62643">
      <ele>352.931</ele>
    </trkpt>
    <trkpt lat="40.15252" lon="15.62648">
      <ele>355.009</ele>
    </trkpt>
    <trkpt lat="40.15263" lon="15.62677">
      <ele>366.521</ele>
    </trkpt>
    <trkpt lat="40.15262" lon="15.62691">
      <ele>372.183</ele>
    </trkpt>
    <trkpt lat="40.15264" lon="15.62701">
      <ele>374.029</ele>
    </trkpt>
    <trkpt lat="40.15283" lon="15.62736">
      <ele>373.761</ele>
    </trkpt>
    <trkpt lat="40.15287" lon="15.62738">
      <ele>373.137</ele>
    </trkpt>
    <trkpt lat="40.15292" lon="15.62737">
      <ele>371.816</ele>
    </trkpt>
    <trkpt lat="40.15292" lon="15.62737">
      <ele>371.816</ele>
    </trkpt>
    <trkpt lat="40.15292" lon="15.62737">
      <ele>371.816</ele>
    </trkpt>
    <trkpt lat="40.15294" lon="15.62737">
      <ele>371.351</ele>
    </trkpt>
    <trkpt lat="40.15314" lon="15.62725">
      <ele>365.314</ele>
    </trkpt>
    <trkpt lat="40.1535" lon="15.62721">
      <ele>362.477</ele>
    </trkpt>
    <trkpt lat="40.15398" lon="15.62723">
      <ele>364.468</ele>
    </trkpt>
    <trkpt lat="40.15426" lon="15.62729">
      <ele>366.31</ele>
    </trkpt>
    <trkpt lat="40.15438" lon="15.62744">
      <ele>367.882</ele>
    </trkpt>
    <trkpt lat="40.15442" lon="15.62771">
      <ele>371.2</ele>
    </trkpt>
    <trkpt lat="40.15446" lon="15.62781">
      <ele>372.079</ele>
    </trkpt>
    <trkpt lat="40.15457" lon="15.62789">
      <ele>372.5</ele>
    </trkpt>
    <trkpt lat="40.15462" lon="15.62795">
      <ele>373.164</ele>
    </trkpt>
    <trkpt lat="40.15464" lon="15.62807">
      <ele>374.695</ele>
    </trkpt>
    <trkpt lat="40.15474" lon="15.62815">
      <ele>377.701</ele>
    </trkpt>
    <trkpt lat="40.15474" lon="15.62815">
      <ele>377.701</ele>
    </trkpt>
    <trkpt lat="40.15474" lon="15.62815">
      <ele>377.701</ele>
    </trkpt>
    <trkpt lat="40.15489" lon="15.62793">
      <ele>374.789</ele>
    </trkpt>
    <trkpt lat="40.15499" lon="15.62789">
      <ele>374.748</ele>
    </trkpt>
    <trkpt lat="40.15509" lon="15.6279">
      <ele>374.51</ele>
    </trkpt>
    <trkpt lat="40.15527" lon="15.62788">
      <ele>373.145</ele>
    </trkpt>
    <trkpt lat="40.15534" lon="15.62787">
      <ele>373.444</ele>
    </trkpt>
    <trkpt lat="40.1554" lon="15.62788">
      <ele>373.984</ele>
    </trkpt>
    <trkpt lat="40.15545" lon="15.62786">
      <ele>374.128</ele>
    </trkpt>
    <trkpt lat="40.15551" lon="15.62779">
      <ele>373.804</ele>
    </trkpt>
    <trkpt lat="40.15556" lon="15.62766">
      <ele>374.222</ele>
    </trkpt>
    <trkpt lat="40.15561" lon="15.62759">
      <ele>376.813</ele>
    </trkpt>
    <trkpt lat="40.15561" lon="15.62759">
      <ele>376.813</ele>
    </trkpt>
    <trkpt lat="40.15561" lon="15.62759">
      <ele>376.813</ele>
    </trkpt>
    <trkpt lat="40.15568" lon="15.62748">
      <ele>380.67</ele>
    </trkpt>
    <trkpt lat="40.15573" lon="15.62735">
      <ele>382.465</ele>
    </trkpt>
    <trkpt lat="40.1558" lon="15.62729">
      <ele>384.72</ele>
    </trkpt>
    <trkpt lat="40.15586" lon="15.62717">
      <ele>386.068</ele>
    </trkpt>
    <trkpt lat="40.15583" lon="15.62709">
      <ele>382.11</ele>
    </trkpt>
    <trkpt lat="40.15558" lon="15.62684">
      <ele>385.59</ele>
    </trkpt>
    <trkpt lat="40.15554" lon="15.62678">
      <ele>387.659</ele>
    </trkpt>
    <trkpt lat="40.15532" lon="15.62651">
      <ele>391.619</ele>
    </trkpt>
    <trkpt lat="40.15532" lon="15.62651">
      <ele>391.619</ele>
    </trkpt>
    <trkpt lat="40.15532" lon="15.62651">
      <ele>391.619</ele>
    </trkpt>
    <trkpt lat="40.15506" lon="15.62621">
      <ele>389.583</ele>
    </trkpt>
    <trkpt lat="40.1548" lon="15.62596">
      <ele>385.984</ele>
    </trkpt>
    <trkpt lat="40.15466" lon="15.6259">
      <ele>384.879</ele>
    </trkpt>
    <trkpt lat="40.15452" lon="15.62589">
      <ele>384.738</ele>
    </trkpt>
    <trkpt lat="40.15405" lon="15.62604">
      <ele>383.248</ele>
    </trkpt>
    <trkpt lat="40.15378" lon="15.62603">
      <ele>382.199</ele>
    </trkpt>
    <trkpt lat="40.15359" lon="15.62592">
      <ele>383.66</ele>
    </trkpt>
    <trkpt lat="40.15359" lon="15.62592">
      <ele>383.66</ele>
    </trkpt>
    <trkpt lat="40.15359" lon="15.62592">
      <ele>383.66</ele>
    </trkpt>
    <trkpt lat="40.15339" lon="15.6258">
      <ele>382.628</ele>
    </trkpt>
    <trkpt lat="40.15279" lon="15.62521">
      <ele>388.759</ele>
    </trkpt>
    <trkpt lat="40.15237" lon="15.62449">
      <ele>398.589</ele>
    </trkpt>
    <trkpt lat="40.15221" lon="15.62409">
      <ele>400.54</ele>
    </trkpt>
    <trkpt lat="40.15221" lon="15.62409">
      <ele>400.54</ele>
    </trkpt>
    <trkpt lat="40.15221" lon="15.62409">
      <ele>400.54</ele>
    </trkpt>
    <trkpt lat="40.15208" lon="15.62376">
      <ele>399.832</ele>
    </trkpt>
    <trkpt lat="40.15205" lon="15.62363">
      <ele>399.904</ele>
    </trkpt>
    <trkpt lat="40.15207" lon="15.6232">
      <ele>401.331</ele>
    </trkpt>
    <trkpt lat="40.152" lon="15.62295">
      <ele>401.348</ele>
    </trkpt>
    <trkpt lat="40.15183" lon="15.62262">
      <ele>401.408</ele>
    </trkpt>
    <trkpt lat="40.15177" lon="15.62244">
      <ele>400.896</ele>
    </trkpt>
    <trkpt lat="40.15169" lon="15.62143">
      <ele>399.711</ele>
    </trkpt>
    <trkpt lat="40.15164" lon="15.62123">
      <ele>398.054</ele>
    </trkpt>
    <trkpt lat="40.15132" lon="15.62079">
      <ele>391.267</ele>
    </trkpt>
    <trkpt lat="40.15132" lon="15.62079">
      <ele>391.267</ele>
    </trkpt>
    <trkpt lat="40.15132" lon="15.62079">
      <ele>391.267</ele>
    </trkpt>
    <trkpt lat="40.15121" lon="15.62063">
      <ele>391.447</ele>
    </trkpt>
    <trkpt lat="40.1511" lon="15.62057">
      <ele>390.792</ele>
    </trkpt>
    <trkpt lat="40.15084" lon="15.6205">
      <ele>391.605</ele>
    </trkpt>
    <trkpt lat="40.15053" lon="15.6204">
      <ele>388.404</ele>
    </trkpt>
    <trkpt lat="40.15049" lon="15.62036">
      <ele>388.404</ele>
    </trkpt>
    <trkpt lat="40.15046" lon="15.62028">
      <ele>388.944</ele>
    </trkpt>
    <trkpt lat="40.15044" lon="15.62015">
      <ele>390.132</ele>
    </trkpt>
    <trkpt lat="40.15043" lon="15.62002">
      <ele>391.428</ele>
    </trkpt>
    <trkpt lat="40.15043" lon="15.62002">
      <ele>391.428</ele>
    </trkpt>
    <trkpt lat="40.15043" lon="15.62002">
      <ele>391.428</ele>
    </trkpt>
    <trkpt lat="40.15042" lon="15.61993">
      <ele>392.169</ele>
    </trkpt>
    <trkpt lat="40.1504" lon="15.61957">
      <ele>395.952</ele>
    </trkpt>
    <trkpt lat="40.15019" lon="15.61955">
      <ele>393.02</ele>
    </trkpt>
    <trkpt lat="40.15017" lon="15.61947">
      <ele>393.728</ele>
    </trkpt>
    <trkpt lat="40.14993" lon="15.61956">
      <ele>388.492</ele>
    </trkpt>
    <trkpt lat="40.14997" lon="15.61984">
      <ele>386.234</ele>
    </trkpt>
    <trkpt lat="40.14998" lon="15.61994">
      <ele>385.344</ele>
    </trkpt>
    <trkpt lat="40.15005" lon="15.62">
      <ele>385.9</ele>
    </trkpt>
    <trkpt lat="40.15011" lon="15.62004">
      <ele>386.635</ele>
    </trkpt>
    <trkpt lat="40.15019" lon="15.62005">
      <ele>387.937</ele>
    </trkpt>
    <trkpt lat="40.15019" lon="15.62005">
      <ele>387.937</ele>
    </trkpt>
    <trkpt lat="40.15011" lon="15.62004">
      <ele>386.635</ele>
    </trkpt>
    <trkpt lat="40.15011" lon="15.62004">
      <ele>386.635</ele>
    </trkpt>
  </trkseg>
</trk>
<trk>
  <name>CSN03 - NEW</name>
  <trkseg>
    <trkpt lat="40.14113" lon="15.56212">
      <ele>238.049</ele>
    </trkpt>
    <trkpt lat="40.14116" lon="15.56211">
      <ele>239.607</ele>
    </trkpt>
    <trkpt lat="40.14114" lon="15.56206">
      <ele>239.813</ele>
    </trkpt>
    <trkpt lat="40.1412" lon="15.56197">
      <ele>244.579</ele>
    </trkpt>
    <trkpt lat="40.14094" lon="15.56161">
      <ele>240.342</ele>
    </trkpt>
    <trkpt lat="40.14077" lon="15.56132">
      <ele>240.133</ele>
    </trkpt>
    <trkpt lat="40.14068" lon="15.5612">
      <ele>240.015</ele>
    </trkpt>
    <trkpt lat="40.14054" lon="15.56099">
      <ele>241.8</ele>
    </trkpt>
    <trkpt lat="40.1405" lon="15.56086">
      <ele>245.04</ele>
    </trkpt>
    <trkpt lat="40.14046" lon="15.56071">
      <ele>247.529</ele>
    </trkpt>
    <trkpt lat="40.14041" lon="15.56041">
      <ele>250.856</ele>
    </trkpt>
    <trkpt lat="40.14043" lon="15.56012">
      <ele>253.52</ele>
    </trkpt>
    <trkpt lat="40.14049" lon="15.55966">
      <ele>256.112</ele>
    </trkpt>
    <trkpt lat="40.1405" lon="15.55959">
      <ele>256.4</ele>
    </trkpt>
    <trkpt lat="40.1405" lon="15.55959">
      <ele>256.4</ele>
    </trkpt>
    <trkpt lat="40.1405" lon="15.55959">
      <ele>256.4</ele>
    </trkpt>
    <trkpt lat="40.14052" lon="15.55948">
      <ele>256.976</ele>
    </trkpt>
    <trkpt lat="40.14051" lon="15.55933">
      <ele>257.444</ele>
    </trkpt>
    <trkpt lat="40.14042" lon="15.5589">
      <ele>258.488</ele>
    </trkpt>
    <trkpt lat="40.14033" lon="15.55835">
      <ele>258.395</ele>
    </trkpt>
    <trkpt lat="40.14032" lon="15.55821">
      <ele>257.705</ele>
    </trkpt>
    <trkpt lat="40.14034" lon="15.55807">
      <ele>257.632</ele>
    </trkpt>
    <trkpt lat="40.14036" lon="15.55796">
      <ele>258.072</ele>
    </trkpt>
    <trkpt lat="40.1404" lon="15.55785">
      <ele>259.08</ele>
    </trkpt>
    <trkpt lat="40.14059" lon="15.55745">
      <ele>264.811</ele>
    </trkpt>
    <trkpt lat="40.14059" lon="15.55745">
      <ele>264.811</ele>
    </trkpt>
    <trkpt lat="40.14059" lon="15.55745">
      <ele>264.811</ele>
    </trkpt>
    <trkpt lat="40.14061" lon="15.55739">
      <ele>265.409</ele>
    </trkpt>
    <trkpt lat="40.14064" lon="15.5573">
      <ele>266.481</ele>
    </trkpt>
    <trkpt lat="40.14065" lon="15.55718">
      <ele>267.011</ele>
    </trkpt>
    <trkpt lat="40.14065" lon="15.5571">
      <ele>266.919</ele>
    </trkpt>
    <trkpt lat="40.14063" lon="15.55698">
      <ele>266.007</ele>
    </trkpt>
    <trkpt lat="40.14043" lon="15.55637">
      <ele>264.761</ele>
    </trkpt>
    <trkpt lat="40.14032" lon="15.55598">
      <ele>268.985</ele>
    </trkpt>
    <trkpt lat="40.14024" lon="15.55576">
      <ele>271.312</ele>
    </trkpt>
    <trkpt lat="40.14012" lon="15.5554">
      <ele>274.332</ele>
    </trkpt>
    <trkpt lat="40.14011" lon="15.55529">
      <ele>275.253</ele>
    </trkpt>
    <trkpt lat="40.14011" lon="15.55521">
      <ele>275.376</ele>
    </trkpt>
    <trkpt lat="40.14011" lon="15.55517">
      <ele>275.376</ele>
    </trkpt>
    <trkpt lat="40.14013" lon="15.55515">
      <ele>275.808</ele>
    </trkpt>
    <trkpt lat="40.14013" lon="15.55515">
      <ele>275.808</ele>
    </trkpt>
    <trkpt lat="40.14013" lon="15.55515">
      <ele>275.808</ele>
    </trkpt>
    <trkpt lat="40.14011" lon="15.55517">
      <ele>275.376</ele>
    </trkpt>
    <trkpt lat="40.14011" lon="15.55521">
      <ele>275.376</ele>
    </trkpt>
    <trkpt lat="40.14011" lon="15.55529">
      <ele>275.253</ele>
    </trkpt>
    <trkpt lat="40.14012" lon="15.5554">
      <ele>274.332</ele>
    </trkpt>
    <trkpt lat="40.14024" lon="15.55576">
      <ele>271.312</ele>
    </trkpt>
    <trkpt lat="40.14032" lon="15.55598">
      <ele>268.985</ele>
    </trkpt>
    <trkpt lat="40.14043" lon="15.55637">
      <ele>264.761</ele>
    </trkpt>
    <trkpt lat="40.14063" lon="15.55698">
      <ele>266.007</ele>
    </trkpt>
    <trkpt lat="40.14065" lon="15.5571">
      <ele>266.919</ele>
    </trkpt>
    <trkpt lat="40.14065" lon="15.55718">
      <ele>267.011</ele>
    </trkpt>
    <trkpt lat="40.14064" lon="15.5573">
      <ele>266.481</ele>
    </trkpt>
    <trkpt lat="40.14061" lon="15.55739">
      <ele>265.409</ele>
    </trkpt>
    <trkpt lat="40.1404" lon="15.55785">
      <ele>259.08</ele>
    </trkpt>
    <trkpt lat="40.14036" lon="15.55796">
      <ele>258.072</ele>
    </trkpt>
    <trkpt lat="40.14034" lon="15.55807">
      <ele>257.632</ele>
    </trkpt>
    <trkpt lat="40.14032" lon="15.55821">
      <ele>257.705</ele>
    </trkpt>
    <trkpt lat="40.14033" lon="15.55835">
      <ele>258.395</ele>
    </trkpt>
    <trkpt lat="40.14042" lon="15.5589">
      <ele>258.488</ele>
    </trkpt>
    <trkpt lat="40.14051" lon="15.55933">
      <ele>257.444</ele>
    </trkpt>
    <trkpt lat="40.14052" lon="15.55948">
      <ele>256.976</ele>
    </trkpt>
    <trkpt lat="40.14049" lon="15.55966">
      <ele>256.112</ele>
    </trkpt>
    <trkpt lat="40.14043" lon="15.56012">
      <ele>253.52</ele>
    </trkpt>
    <trkpt lat="40.14041" lon="15.56041">
      <ele>250.856</ele>
    </trkpt>
    <trkpt lat="40.14046" lon="15.56071">
      <ele>247.529</ele>
    </trkpt>
    <trkpt lat="40.1405" lon="15.56086">
      <ele>245.04</ele>
    </trkpt>
    <trkpt lat="40.14054" lon="15.56099">
      <ele>241.8</ele>
    </trkpt>
    <trkpt lat="40.14068" lon="15.5612">
      <ele>240.015</ele>
    </trkpt>
    <trkpt lat="40.14077" lon="15.56132">
      <ele>240.133</ele>
    </trkpt>
    <trkpt lat="40.14094" lon="15.56161">
      <ele>240.342</ele>
    </trkpt>
    <trkpt lat="40.1412" lon="15.56197">
      <ele>244.579</ele>
    </trkpt>
    <trkpt lat="40.14114" lon="15.56206">
      <ele>239.813</ele>
    </trkpt>
    <trkpt lat="40.14127" lon="15.56251">
      <ele>235.256</ele>
    </trkpt>
    <trkpt lat="40.1413" lon="15.56283">
      <ele>230.84</ele>
    </trkpt>
    <trkpt lat="40.14128" lon="15.56285">
      <ele>229.502</ele>
    </trkpt>
    <trkpt lat="40.14113" lon="15.56273">
      <ele>224.744</ele>
    </trkpt>
    <trkpt lat="40.14104" lon="15.56281">
      <ele>216.505</ele>
    </trkpt>
    <trkpt lat="40.14088" lon="15.5629">
      <ele>202.322</ele>
    </trkpt>
    <trkpt lat="40.14078" lon="15.56296">
      <ele>196.364</ele>
    </trkpt>
    <trkpt lat="40.14075" lon="15.56295">
      <ele>195.512</ele>
    </trkpt>
    <trkpt lat="40.14073" lon="15.56296">
      <ele>194.8</ele>
    </trkpt>
    <trkpt lat="40.14073" lon="15.56303">
      <ele>194.232</ele>
    </trkpt>
    <trkpt lat="40.14068" lon="15.56315">
      <ele>191.904</ele>
    </trkpt>
    <trkpt lat="40.14059" lon="15.56323">
      <ele>188.736</ele>
    </trkpt>
    <trkpt lat="40.14042" lon="15.5633">
      <ele>182.907</ele>
    </trkpt>
    <trkpt lat="40.14033" lon="15.56331">
      <ele>179.928</ele>
    </trkpt>
    <trkpt lat="40.1402" lon="15.56322">
      <ele>176.258</ele>
    </trkpt>
    <trkpt lat="40.14016" lon="15.5632">
      <ele>174.98</ele>
    </trkpt>
    <trkpt lat="40.14016" lon="15.5632">
      <ele>174.98</ele>
    </trkpt>
    <trkpt lat="40.14016" lon="15.5632">
      <ele>174.98</ele>
    </trkpt>
    <trkpt lat="40.14001" lon="15.56312">
      <ele>170.44</ele>
    </trkpt>
    <trkpt lat="40.13993" lon="15.563">
      <ele>167.875</ele>
    </trkpt>
    <trkpt lat="40.13976" lon="15.56281">
      <ele>162.059</ele>
    </trkpt>
    <trkpt lat="40.13969" lon="15.56278">
      <ele>159.7</ele>
    </trkpt>
    <trkpt lat="40.13946" lon="15.56279">
      <ele>150.484</ele>
    </trkpt>
    <trkpt lat="40.13934" lon="15.56254">
      <ele>147.15</ele>
    </trkpt>
    <trkpt lat="40.13933" lon="15.56253">
      <ele>146.816</ele>
    </trkpt>
    <trkpt lat="40.13933" lon="15.56253">
      <ele>146.816</ele>
    </trkpt>
    <trkpt lat="40.13933" lon="15.56253">
      <ele>146.816</ele>
    </trkpt>
    <trkpt lat="40.1393" lon="15.56241">
      <ele>145.632</ele>
    </trkpt>
    <trkpt lat="40.13927" lon="15.56219">
      <ele>144.178</ele>
    </trkpt>
    <trkpt lat="40.13922" lon="15.56191">
      <ele>142.42</ele>
    </trkpt>
    <trkpt lat="40.13915" lon="15.5616">
      <ele>138.654</ele>
    </trkpt>
    <trkpt lat="40.13913" lon="15.56156">
      <ele>138.115</ele>
    </trkpt>
    <trkpt lat="40.13911" lon="15.56153">
      <ele>137.552</ele>
    </trkpt>
    <trkpt lat="40.13908" lon="15.56151">
      <ele>136.62</ele>
    </trkpt>
    <trkpt lat="40.13906" lon="15.5615">
      <ele>135.99</ele>
    </trkpt>
    <trkpt lat="40.13902" lon="15.5615">
      <ele>134.637</ele>
    </trkpt>
    <trkpt lat="40.139" lon="15.56151">
      <ele>133.902</ele>
    </trkpt>
    <trkpt lat="40.13899" lon="15.56152">
      <ele>133.504</ele>
    </trkpt>
    <trkpt lat="40.13899" lon="15.56152">
      <ele>133.504</ele>
    </trkpt>
    <trkpt lat="40.13899" lon="15.56152">
      <ele>133.504</ele>
    </trkpt>
    <trkpt lat="40.13897" lon="15.56153">
      <ele>132.76</ele>
    </trkpt>
    <trkpt lat="40.13894" lon="15.56157">
      <ele>131.472</ele>
    </trkpt>
    <trkpt lat="40.13893" lon="15.56165">
      <ele>130.591</ele>
    </trkpt>
    <trkpt lat="40.13909" lon="15.56212">
      <ele>137.037</ele>
    </trkpt>
    <trkpt lat="40.13914" lon="15.56234">
      <ele>139.586</ele>
    </trkpt>
    <trkpt lat="40.13915" lon="15.56272">
      <ele>140.485</ele>
    </trkpt>
    <trkpt lat="40.13917" lon="15.5629">
      <ele>140.223</ele>
    </trkpt>
    <trkpt lat="40.13918" lon="15.56296">
      <ele>140.089</ele>
    </trkpt>
    <trkpt lat="40.13918" lon="15.56296">
      <ele>140.089</ele>
    </trkpt>
    <trkpt lat="40.13918" lon="15.56296">
      <ele>140.089</ele>
    </trkpt>
    <trkpt lat="40.13924" lon="15.56339">
      <ele>138.322</ele>
    </trkpt>
    <trkpt lat="40.13926" lon="15.56353">
      <ele>138.786</ele>
    </trkpt>
    <trkpt lat="40.13926" lon="15.56367">
      <ele>138.759</ele>
    </trkpt>
    <trkpt lat="40.13917" lon="15.56394">
      <ele>136.476</ele>
    </trkpt>
    <trkpt lat="40.13911" lon="15.56403">
      <ele>136.508</ele>
    </trkpt>
    <trkpt lat="40.13905" lon="15.56408">
      <ele>136.405</ele>
    </trkpt>
    <trkpt lat="40.13898" lon="15.5641">
      <ele>136.015</ele>
    </trkpt>
    <trkpt lat="40.13879" lon="15.56412">
      <ele>138.344</ele>
    </trkpt>
    <trkpt lat="40.13871" lon="15.56408">
      <ele>140.216</ele>
    </trkpt>
    <trkpt lat="40.13871" lon="15.56408">
      <ele>140.216</ele>
    </trkpt>
    <trkpt lat="40.13871" lon="15.56408">
      <ele>140.216</ele>
    </trkpt>
    <trkpt lat="40.13867" lon="15.56441">
      <ele>145.622</ele>
    </trkpt>
    <trkpt lat="40.13863" lon="15.56457">
      <ele>149.104</ele>
    </trkpt>
    <trkpt lat="40.1386" lon="15.56465">
      <ele>151.708</ele>
    </trkpt>
    <trkpt lat="40.1386" lon="15.56473">
      <ele>152.968</ele>
    </trkpt>
    <trkpt lat="40.13863" lon="15.56489">
      <ele>154.562</ele>
    </trkpt>
    <trkpt lat="40.13865" lon="15.56501">
      <ele>155.614</ele>
    </trkpt>
    <trkpt lat="40.13864" lon="15.56521">
      <ele>158.995</ele>
    </trkpt>
    <trkpt lat="40.13859" lon="15.56545">
      <ele>163.818</ele>
    </trkpt>
    <trkpt lat="40.13844" lon="15.56575">
      <ele>171.002</ele>
    </trkpt>
    <trkpt lat="40.13835" lon="15.566">
      <ele>170.088</ele>
    </trkpt>
    <trkpt lat="40.13836" lon="15.56602">
      <ele>168.842</ele>
    </trkpt>
    <trkpt lat="40.13836" lon="15.56602">
      <ele>168.842</ele>
    </trkpt>
    <trkpt lat="40.13836" lon="15.56602">
      <ele>168.842</ele>
    </trkpt>
    <trkpt lat="40.1384" lon="15.56627">
      <ele>157.028</ele>
    </trkpt>
    <trkpt lat="40.13827" lon="15.56676">
      <ele>156.55</ele>
    </trkpt>
    <trkpt lat="40.1383" lon="15.56691">
      <ele>152.577</ele>
    </trkpt>
    <trkpt lat="40.13815" lon="15.56715">
      <ele>157.721</ele>
    </trkpt>
    <trkpt lat="40.13801" lon="15.56723">
      <ele>162.427</ele>
    </trkpt>
    <trkpt lat="40.13796" lon="15.56731">
      <ele>165.072</ele>
    </trkpt>
    <trkpt lat="40.13789" lon="15.56741">
      <ele>169.602</ele>
    </trkpt>
    <trkpt lat="40.13794" lon="15.5675">
      <ele>166.32</ele>
    </trkpt>
    <trkpt lat="40.13796" lon="15.56753">
      <ele>166.186</ele>
    </trkpt>
    <trkpt lat="40.138" lon="15.5676">
      <ele>165.888</ele>
    </trkpt>
    <trkpt lat="40.13805" lon="15.56764">
      <ele>163.027</ele>
    </trkpt>
    <trkpt lat="40.1381" lon="15.56767">
      <ele>161.383</ele>
    </trkpt>
    <trkpt lat="40.13806" lon="15.56776">
      <ele>166.175</ele>
    </trkpt>
    <trkpt lat="40.138" lon="15.56781">
      <ele>174.03</ele>
    </trkpt>
    <trkpt lat="40.13799" lon="15.56785">
      <ele>176.534</ele>
    </trkpt>
    <trkpt lat="40.13804" lon="15.56789">
      <ele>173.314</ele>
    </trkpt>
    <trkpt lat="40.13806" lon="15.568">
      <ele>176.408</ele>
    </trkpt>
    <trkpt lat="40.13796" lon="15.56818">
      <ele>189.661</ele>
    </trkpt>
    <trkpt lat="40.13796" lon="15.5682">
      <ele>190.158</ele>
    </trkpt>
    <trkpt lat="40.13793" lon="15.56821">
      <ele>192.242</ele>
    </trkpt>
    <trkpt lat="40.13792" lon="15.56819">
      <ele>192.45</ele>
    </trkpt>
    <trkpt lat="40.13793" lon="15.56813">
      <ele>190.534</ele>
    </trkpt>
    <trkpt lat="40.13791" lon="15.5681">
      <ele>191.373</ele>
    </trkpt>
    <trkpt lat="40.13789" lon="15.56812">
      <ele>193.188</ele>
    </trkpt>
    <trkpt lat="40.13786" lon="15.56823">
      <ele>196.789</ele>
    </trkpt>
    <trkpt lat="40.13779" lon="15.56838">
      <ele>201.677</ele>
    </trkpt>
    <trkpt lat="40.13773" lon="15.56856">
      <ele>204.396</ele>
    </trkpt>
    <trkpt lat="40.13759" lon="15.56879">
      <ele>209.901</ele>
    </trkpt>
    <trkpt lat="40.13736" lon="15.56905">
      <ele>217.333</ele>
    </trkpt>
    <trkpt lat="40.13733" lon="15.56919">
      <ele>219.756</ele>
    </trkpt>
    <trkpt lat="40.13711" lon="15.56939">
      <ele>225.737</ele>
    </trkpt>
    <trkpt lat="40.13709" lon="15.56939">
      <ele>225.648</ele>
    </trkpt>
    <trkpt lat="40.13704" lon="15.5694">
      <ele>225.537</ele>
    </trkpt>
    <trkpt lat="40.137" lon="15.56943">
      <ele>225.506</ele>
    </trkpt>
    <trkpt lat="40.137" lon="15.56951">
      <ele>227.299</ele>
    </trkpt>
    <trkpt lat="40.13708" lon="15.56955">
      <ele>229.309</ele>
    </trkpt>
    <trkpt lat="40.13708" lon="15.56955">
      <ele>229.309</ele>
    </trkpt>
    <trkpt lat="40.13708" lon="15.56956">
      <ele>229.579</ele>
    </trkpt>
    <trkpt lat="40.13708" lon="15.56956">
      <ele>229.579</ele>
    </trkpt>
    <trkpt lat="40.13713" lon="15.56957">
      <ele>230.47</ele>
    </trkpt>
    <trkpt lat="40.13723" lon="15.56953">
      <ele>230.473</ele>
    </trkpt>
    <trkpt lat="40.13731" lon="15.56955">
      <ele>231.16</ele>
    </trkpt>
    <trkpt lat="40.13738" lon="15.5696">
      <ele>232.798</ele>
    </trkpt>
    <trkpt lat="40.13755" lon="15.56964">
      <ele>234.389</ele>
    </trkpt>
    <trkpt lat="40.13745" lon="15.56984">
      <ele>240.636</ele>
    </trkpt>
    <trkpt lat="40.13738" lon="15.5699">
      <ele>242.328</ele>
    </trkpt>
    <trkpt lat="40.13739" lon="15.56993">
      <ele>243.336</ele>
    </trkpt>
    <trkpt lat="40.13742" lon="15.56995">
      <ele>244.092</ele>
    </trkpt>
    <trkpt lat="40.1375" lon="15.5699">
      <ele>242.76</ele>
    </trkpt>
    <trkpt lat="40.1376" lon="15.56994">
      <ele>243.774</ele>
    </trkpt>
    <trkpt lat="40.13779" lon="15.57009">
      <ele>245.222</ele>
    </trkpt>
    <trkpt lat="40.13794" lon="15.57019">
      <ele>240.927</ele>
    </trkpt>
    <trkpt lat="40.138" lon="15.57032">
      <ele>240.712</ele>
    </trkpt>
    <trkpt lat="40.13801" lon="15.57047">
      <ele>243.628</ele>
    </trkpt>
    <trkpt lat="40.13838" lon="15.57083">
      <ele>246.718</ele>
    </trkpt>
    <trkpt lat="40.13861" lon="15.57091">
      <ele>243.786</ele>
    </trkpt>
    <trkpt lat="40.13883" lon="15.57118">
      <ele>252.444</ele>
    </trkpt>
    <trkpt lat="40.13894" lon="15.57137">
      <ele>257.543</ele>
    </trkpt>
    <trkpt lat="40.13899" lon="15.57141">
      <ele>257.463</ele>
    </trkpt>
    <trkpt lat="40.13915" lon="15.57168">
      <ele>252.888</ele>
    </trkpt>
    <trkpt lat="40.13916" lon="15.57174">
      <ele>252.6</ele>
    </trkpt>
    <trkpt lat="40.13916" lon="15.57184">
      <ele>252.96</ele>
    </trkpt>
    <trkpt lat="40.13918" lon="15.57191">
      <ele>252.654</ele>
    </trkpt>
    <trkpt lat="40.13918" lon="15.57191">
      <ele>252.654</ele>
    </trkpt>
    <trkpt lat="40.13918" lon="15.57191">
      <ele>252.654</ele>
    </trkpt>
    <trkpt lat="40.13925" lon="15.57215">
      <ele>255.648</ele>
    </trkpt>
    <trkpt lat="40.13925" lon="15.5722">
      <ele>256.584</ele>
    </trkpt>
    <trkpt lat="40.1391" lon="15.57241">
      <ele>262.26</ele>
    </trkpt>
    <trkpt lat="40.1391" lon="15.57253">
      <ele>263.975</ele>
    </trkpt>
    <trkpt lat="40.13908" lon="15.57264">
      <ele>266.547</ele>
    </trkpt>
    <trkpt lat="40.13905" lon="15.57267">
      <ele>267.685</ele>
    </trkpt>
    <trkpt lat="40.13899" lon="15.57283">
      <ele>270.797</ele>
    </trkpt>
    <trkpt lat="40.13889" lon="15.57301">
      <ele>274.339</ele>
    </trkpt>
    <trkpt lat="40.13887" lon="15.57315">
      <ele>277.424</ele>
    </trkpt>
    <trkpt lat="40.13887" lon="15.5732">
      <ele>278.455</ele>
    </trkpt>
    <trkpt lat="40.13896" lon="15.57337">
      <ele>281.28</ele>
    </trkpt>
    <trkpt lat="40.13901" lon="15.5735">
      <ele>283.728</ele>
    </trkpt>
    <trkpt lat="40.13911" lon="15.57363">
      <ele>285.748</ele>
    </trkpt>
    <trkpt lat="40.13915" lon="15.57372">
      <ele>287.08</ele>
    </trkpt>
    <trkpt lat="40.13915" lon="15.57381">
      <ele>288.7</ele>
    </trkpt>
    <trkpt lat="40.13919" lon="15.5739">
      <ele>290.365</ele>
    </trkpt>
    <trkpt lat="40.1392" lon="15.57392">
      <ele>290.787</ele>
    </trkpt>
    <trkpt lat="40.13936" lon="15.5739">
      <ele>291.564</ele>
    </trkpt>
    <trkpt lat="40.13945" lon="15.57397">
      <ele>293.282</ele>
    </trkpt>
    <trkpt lat="40.13956" lon="15.57419">
      <ele>298.297</ele>
    </trkpt>
    <trkpt lat="40.13962" lon="15.57431">
      <ele>300.382</ele>
    </trkpt>
    <trkpt lat="40.13969" lon="15.57438">
      <ele>302.045</ele>
    </trkpt>
    <trkpt lat="40.13982" lon="15.57484">
      <ele>307.57</ele>
    </trkpt>
    <trkpt lat="40.13983" lon="15.57496">
      <ele>309.232</ele>
    </trkpt>
    <trkpt lat="40.13978" lon="15.57522">
      <ele>313.211</ele>
    </trkpt>
    <trkpt lat="40.13962" lon="15.57534">
      <ele>314.599</ele>
    </trkpt>
    <trkpt lat="40.13959" lon="15.5755">
      <ele>313.046</ele>
    </trkpt>
    <trkpt lat="40.13958" lon="15.57557">
      <ele>312.376</ele>
    </trkpt>
    <trkpt lat="40.13951" lon="15.57562">
      <ele>313.42</ele>
    </trkpt>
    <trkpt lat="40.13944" lon="15.5758">
      <ele>312.604</ele>
    </trkpt>
    <trkpt lat="40.13944" lon="15.57588">
      <ele>311.456</ele>
    </trkpt>
    <trkpt lat="40.13934" lon="15.57603">
      <ele>312.176</ele>
    </trkpt>
    <trkpt lat="40.13938" lon="15.57621">
      <ele>309.227</ele>
    </trkpt>
    <trkpt lat="40.13925" lon="15.57637">
      <ele>312.388</ele>
    </trkpt>
    <trkpt lat="40.13921" lon="15.57673">
      <ele>314.247</ele>
    </trkpt>
    <trkpt lat="40.13915" lon="15.57691">
      <ele>314.615</ele>
    </trkpt>
    <trkpt lat="40.13894" lon="15.57705">
      <ele>318.136</ele>
    </trkpt>
    <trkpt lat="40.13868" lon="15.57729">
      <ele>324.28</ele>
    </trkpt>
    <trkpt lat="40.13858" lon="15.57748">
      <ele>326.152</ele>
    </trkpt>
    <trkpt lat="40.13854" lon="15.57753">
      <ele>327.033</ele>
    </trkpt>
    <trkpt lat="40.13849" lon="15.57754">
      <ele>328.51</ele>
    </trkpt>
    <trkpt lat="40.1383" lon="15.57782">
      <ele>330.214</ele>
    </trkpt>
    <trkpt lat="40.13821" lon="15.57792">
      <ele>330.833</ele>
    </trkpt>
    <trkpt lat="40.13813" lon="15.57794">
      <ele>332.361</ele>
    </trkpt>
    <trkpt lat="40.13805" lon="15.57809">
      <ele>332.376</ele>
    </trkpt>
    <trkpt lat="40.13806" lon="15.57814">
      <ele>332.536</ele>
    </trkpt>
    <trkpt lat="40.13808" lon="15.57816">
      <ele>332.389</ele>
    </trkpt>
    <trkpt lat="40.13819" lon="15.57816">
      <ele>330.758</ele>
    </trkpt>
    <trkpt lat="40.13858" lon="15.57859">
      <ele>338.688</ele>
    </trkpt>
    <trkpt lat="40.13858" lon="15.57864">
      <ele>340.199</ele>
    </trkpt>
    <trkpt lat="40.13836" lon="15.57879">
      <ele>348.288</ele>
    </trkpt>
    <trkpt lat="40.13836" lon="15.57879">
      <ele>348.288</ele>
    </trkpt>
    <trkpt lat="40.13836" lon="15.57879">
      <ele>348.288</ele>
    </trkpt>
    <trkpt lat="40.13833" lon="15.57881">
      <ele>349.447</ele>
    </trkpt>
    <trkpt lat="40.13833" lon="15.57889">
      <ele>352.008</ele>
    </trkpt>
    <trkpt lat="40.1384" lon="15.57899">
      <ele>351.288</ele>
    </trkpt>
    <trkpt lat="40.13843" lon="15.57911">
      <ele>351.504</ele>
    </trkpt>
    <trkpt lat="40.13843" lon="15.58046">
      <ele>353.025</ele>
    </trkpt>
    <trkpt lat="40.13846" lon="15.58051">
      <ele>352.862</ele>
    </trkpt>
    <trkpt lat="40.13849" lon="15.58053">
      <ele>352.548</ele>
    </trkpt>
    <trkpt lat="40.1386" lon="15.58053">
      <ele>350.891</ele>
    </trkpt>
    <trkpt lat="40.13878" lon="15.5805">
      <ele>349.062</ele>
    </trkpt>
    <trkpt lat="40.13886" lon="15.58049">
      <ele>348.289</ele>
    </trkpt>
    <trkpt lat="40.13889" lon="15.58053">
      <ele>348.62</ele>
    </trkpt>
    <trkpt lat="40.13891" lon="15.5806">
      <ele>349.548</ele>
    </trkpt>
    <trkpt lat="40.13891" lon="15.58079">
      <ele>352.864</ele>
    </trkpt>
    <trkpt lat="40.13886" lon="15.58092">
      <ele>356.184</ele>
    </trkpt>
    <trkpt lat="40.13885" lon="15.581">
      <ele>358.02</ele>
    </trkpt>
    <trkpt lat="40.13889" lon="15.58112">
      <ele>360.164</ele>
    </trkpt>
    <trkpt lat="40.13893" lon="15.58116">
      <ele>360.02</ele>
    </trkpt>
    <trkpt lat="40.13898" lon="15.58118">
      <ele>359.192</ele>
    </trkpt>
    <trkpt lat="40.13905" lon="15.58134">
      <ele>360.884</ele>
    </trkpt>
    <trkpt lat="40.13918" lon="15.58169">
      <ele>365.536</ele>
    </trkpt>
    <trkpt lat="40.13924" lon="15.58221">
      <ele>377.208</ele>
    </trkpt>
    <trkpt lat="40.13924" lon="15.58236">
      <ele>380.813</ele>
    </trkpt>
    <trkpt lat="40.13921" lon="15.58246">
      <ele>383.546</ele>
    </trkpt>
    <trkpt lat="40.13907" lon="15.58269">
      <ele>390.844</ele>
    </trkpt>
    <trkpt lat="40.13893" lon="15.58286">
      <ele>394.46</ele>
    </trkpt>
    <trkpt lat="40.13892" lon="15.58299">
      <ele>393.319</ele>
    </trkpt>
    <trkpt lat="40.13888" lon="15.58305">
      <ele>393.187</ele>
    </trkpt>
    <trkpt lat="40.13866" lon="15.58326">
      <ele>391.144</ele>
    </trkpt>
    <trkpt lat="40.1386" lon="15.58337">
      <ele>389.523</ele>
    </trkpt>
    <trkpt lat="40.13858" lon="15.58343">
      <ele>388.769</ele>
    </trkpt>
    <trkpt lat="40.13855" lon="15.58346">
      <ele>388.924</ele>
    </trkpt>
    <trkpt lat="40.1385" lon="15.58347">
      <ele>390.051</ele>
    </trkpt>
    <trkpt lat="40.13848" lon="15.58351">
      <ele>389.66</ele>
    </trkpt>
    <trkpt lat="40.13843" lon="15.58365">
      <ele>387.584</ele>
    </trkpt>
    <trkpt lat="40.13836" lon="15.5837">
      <ele>388.088</ele>
    </trkpt>
    <trkpt lat="40.13812" lon="15.5838">
      <ele>393.674</ele>
    </trkpt>
    <trkpt lat="40.13805" lon="15.58389">
      <ele>394.184</ele>
    </trkpt>
    <trkpt lat="40.13793" lon="15.5843">
      <ele>394.783</ele>
    </trkpt>
    <trkpt lat="40.13783" lon="15.58474">
      <ele>398.952</ele>
    </trkpt>
    <trkpt lat="40.13785" lon="15.58483">
      <ele>397.438</ele>
    </trkpt>
    <trkpt lat="40.13785" lon="15.58486">
      <ele>397.17</ele>
    </trkpt>
    <trkpt lat="40.13784" lon="15.58488">
      <ele>397.31</ele>
    </trkpt>
    <trkpt lat="40.13782" lon="15.58488">
      <ele>397.949</ele>
    </trkpt>
    <trkpt lat="40.13781" lon="15.5849">
      <ele>398.068</ele>
    </trkpt>
    <trkpt lat="40.13796" lon="15.58529">
      <ele>388.405</ele>
    </trkpt>
    <trkpt lat="40.13806" lon="15.58546">
      <ele>387.703</ele>
    </trkpt>
    <trkpt lat="40.13806" lon="15.58549">
      <ele>387.821</ele>
    </trkpt>
    <trkpt lat="40.13795" lon="15.58556">
      <ele>389.244</ele>
    </trkpt>
    <trkpt lat="40.13795" lon="15.58559">
      <ele>389.948</ele>
    </trkpt>
    <trkpt lat="40.13797" lon="15.58561">
      <ele>390.145</ele>
    </trkpt>
    <trkpt lat="40.13809" lon="15.5856">
      <ele>389.44</ele>
    </trkpt>
    <trkpt lat="40.13811" lon="15.58564">
      <ele>390.56</ele>
    </trkpt>
    <trkpt lat="40.13811" lon="15.58571">
      <ele>391.869</ele>
    </trkpt>
    <trkpt lat="40.13809" lon="15.58575">
      <ele>392.207</ele>
    </trkpt>
    <trkpt lat="40.13803" lon="15.58578">
      <ele>392.613</ele>
    </trkpt>
    <trkpt lat="40.13802" lon="15.58581">
      <ele>393.433</ele>
    </trkpt>
    <trkpt lat="40.13803" lon="15.58583">
      <ele>393.58</ele>
    </trkpt>
    <trkpt lat="40.13804" lon="15.58584">
      <ele>393.533</ele>
    </trkpt>
    <trkpt lat="40.13857" lon="15.58569">
      <ele>399.724</ele>
    </trkpt>
    <trkpt lat="40.13885" lon="15.58565">
      <ele>401.375</ele>
    </trkpt>
    <trkpt lat="40.13908" lon="15.58584">
      <ele>405.144</ele>
    </trkpt>
    <trkpt lat="40.13915" lon="15.58595">
      <ele>407.52</ele>
    </trkpt>
    <trkpt lat="40.13917" lon="15.5861">
      <ele>410.725</ele>
    </trkpt>
    <trkpt lat="40.13914" lon="15.58631">
      <ele>413.285</ele>
    </trkpt>
    <trkpt lat="40.13918" lon="15.58652">
      <ele>414.775</ele>
    </trkpt>
    <trkpt lat="40.13918" lon="15.58655">
      <ele>414.996</ele>
    </trkpt>
    <trkpt lat="40.13918" lon="15.58655">
      <ele>414.996</ele>
    </trkpt>
    <trkpt lat="40.13918" lon="15.58655">
      <ele>414.996</ele>
    </trkpt>
    <trkpt lat="40.13918" lon="15.58721">
      <ele>419.722</ele>
    </trkpt>
    <trkpt lat="40.13909" lon="15.58752">
      <ele>421.544</ele>
    </trkpt>
    <trkpt lat="40.13909" lon="15.58785">
      <ele>424.696</ele>
    </trkpt>
    <trkpt lat="40.13911" lon="15.58798">
      <ele>426.136</ele>
    </trkpt>
    <trkpt lat="40.13916" lon="15.58804">
      <ele>425.92</ele>
    </trkpt>
    <trkpt lat="40.1392" lon="15.58816">
      <ele>425.867</ele>
    </trkpt>
    <trkpt lat="40.13924" lon="15.5883">
      <ele>425.68</ele>
    </trkpt>
    <trkpt lat="40.13919" lon="15.58849">
      <ele>427.892</ele>
    </trkpt>
    <trkpt lat="40.13918" lon="15.58885">
      <ele>429.517</ele>
    </trkpt>
    <trkpt lat="40.13923" lon="15.58904">
      <ele>430.036</ele>
    </trkpt>
    <trkpt lat="40.13931" lon="15.58913">
      <ele>428.992</ele>
    </trkpt>
    <trkpt lat="40.13932" lon="15.58923">
      <ele>428.374</ele>
    </trkpt>
    <trkpt lat="40.13929" lon="15.58935">
      <ele>427.471</ele>
    </trkpt>
    <trkpt lat="40.1392" lon="15.5895">
      <ele>426.744</ele>
    </trkpt>
    <trkpt lat="40.13905" lon="15.58957">
      <ele>428.752</ele>
    </trkpt>
    <trkpt lat="40.13892" lon="15.58972">
      <ele>428.486</ele>
    </trkpt>
    <trkpt lat="40.13881" lon="15.58988">
      <ele>429.368</ele>
    </trkpt>
    <trkpt lat="40.13868" lon="15.58995">
      <ele>430.774</ele>
    </trkpt>
    <trkpt lat="40.13868" lon="15.58995">
      <ele>430.774</ele>
    </trkpt>
    <trkpt lat="40.13868" lon="15.58995">
      <ele>430.774</ele>
    </trkpt>
    <trkpt lat="40.13807" lon="15.59028">
      <ele>437.784</ele>
    </trkpt>
    <trkpt lat="40.13791" lon="15.59046">
      <ele>440.308</ele>
    </trkpt>
    <trkpt lat="40.13773" lon="15.59088">
      <ele>442.696</ele>
    </trkpt>
    <trkpt lat="40.13741" lon="15.59131">
      <ele>445.24</ele>
    </trkpt>
    <trkpt lat="40.13724" lon="15.5915">
      <ele>447.093</ele>
    </trkpt>
    <trkpt lat="40.1371" lon="15.59167">
      <ele>445.789</ele>
    </trkpt>
    <trkpt lat="40.1366" lon="15.59217">
      <ele>431.733</ele>
    </trkpt>
    <trkpt lat="40.13653" lon="15.59228">
      <ele>428.216</ele>
    </trkpt>
    <trkpt lat="40.1365" lon="15.5925">
      <ele>424.4</ele>
    </trkpt>
    <trkpt lat="40.13647" lon="15.59274">
      <ele>422.276</ele>
    </trkpt>
    <trkpt lat="40.1364" lon="15.59294">
      <ele>420.303</ele>
    </trkpt>
    <trkpt lat="40.13629" lon="15.59326">
      <ele>414.968</ele>
    </trkpt>
    <trkpt lat="40.13625" lon="15.5934">
      <ele>411.92</ele>
    </trkpt>
    <trkpt lat="40.13608" lon="15.59345">
      <ele>405.478</ele>
    </trkpt>
    <trkpt lat="40.13601" lon="15.59352">
      <ele>402.024</ele>
    </trkpt>
    <trkpt lat="40.13598" lon="15.59359">
      <ele>399.327</ele>
    </trkpt>
    <trkpt lat="40.13588" lon="15.59365">
      <ele>393.495</ele>
    </trkpt>
    <trkpt lat="40.13579" lon="15.59364">
      <ele>390.524</ele>
    </trkpt>
    <trkpt lat="40.13576" lon="15.59368">
      <ele>388.013</ele>
    </trkpt>
    <trkpt lat="40.13569" lon="15.59371">
      <ele>384.429</ele>
    </trkpt>
    <trkpt lat="40.13559" lon="15.59367">
      <ele>382.625</ele>
    </trkpt>
    <trkpt lat="40.13553" lon="15.59374">
      <ele>377.591</ele>
    </trkpt>
    <trkpt lat="40.13545" lon="15.59372">
      <ele>375.712</ele>
    </trkpt>
    <trkpt lat="40.13542" lon="15.59371">
      <ele>375.055</ele>
    </trkpt>
    <trkpt lat="40.13542" lon="15.59371">
      <ele>375.055</ele>
    </trkpt>
    <trkpt lat="40.13542" lon="15.59371">
      <ele>375.055</ele>
    </trkpt>
    <trkpt lat="40.13537" lon="15.59369">
      <ele>374.003</ele>
    </trkpt>
    <trkpt lat="40.13509" lon="15.59366">
      <ele>366.979</ele>
    </trkpt>
    <trkpt lat="40.1349" lon="15.59371">
      <ele>364.277</ele>
    </trkpt>
    <trkpt lat="40.13467" lon="15.5939">
      <ele>366.842</ele>
    </trkpt>
    <trkpt lat="40.13474" lon="15.59438">
      <ele>360.077</ele>
    </trkpt>
    <trkpt lat="40.13499" lon="15.59491">
      <ele>349.017</ele>
    </trkpt>
    <trkpt lat="40.13509" lon="15.59538">
      <ele>339.551</ele>
    </trkpt>
    <trkpt lat="40.13522" lon="15.59566">
      <ele>334.172</ele>
    </trkpt>
    <trkpt lat="40.13535" lon="15.59574">
      <ele>331.752</ele>
    </trkpt>
    <trkpt lat="40.13558" lon="15.59601">
      <ele>321.38</ele>
    </trkpt>
    <trkpt lat="40.13579" lon="15.59617">
      <ele>318.484</ele>
    </trkpt>
    <trkpt lat="40.13585" lon="15.59639">
      <ele>308.862</ele>
    </trkpt>
    <trkpt lat="40.13592" lon="15.59656">
      <ele>305.598</ele>
    </trkpt>
    <trkpt lat="40.13608" lon="15.59671">
      <ele>304.073</ele>
    </trkpt>
    <trkpt lat="40.13625" lon="15.59676">
      <ele>305.968</ele>
    </trkpt>
    <trkpt lat="40.1363" lon="15.59681">
      <ele>304.505</ele>
    </trkpt>
    <trkpt lat="40.13631" lon="15.59685">
      <ele>302.668</ele>
    </trkpt>
    <trkpt lat="40.13628" lon="15.5969">
      <ele>300.058</ele>
    </trkpt>
    <trkpt lat="40.1361" lon="15.59704">
      <ele>296.956</ele>
    </trkpt>
    <trkpt lat="40.13608" lon="15.59709">
      <ele>296.433</ele>
    </trkpt>
    <trkpt lat="40.13607" lon="15.59714">
      <ele>295.948</ele>
    </trkpt>
    <trkpt lat="40.13609" lon="15.59718">
      <ele>295.509</ele>
    </trkpt>
    <trkpt lat="40.13609" lon="15.59718">
      <ele>295.509</ele>
    </trkpt>
    <trkpt lat="40.13609" lon="15.59718">
      <ele>295.509</ele>
    </trkpt>
    <trkpt lat="40.13611" lon="15.59722">
      <ele>295.028</ele>
    </trkpt>
    <trkpt lat="40.13655" lon="15.59757">
      <ele>300.644</ele>
    </trkpt>
    <trkpt lat="40.13678" lon="15.59763">
      <ele>302.152</ele>
    </trkpt>
    <trkpt lat="40.13679" lon="15.59787">
      <ele>309.063</ele>
    </trkpt>
    <trkpt lat="40.13684" lon="15.5979">
      <ele>310.253</ele>
    </trkpt>
    <trkpt lat="40.13686" lon="15.59794">
      <ele>311.597</ele>
    </trkpt>
    <trkpt lat="40.13686" lon="15.59799">
      <ele>313.107</ele>
    </trkpt>
    <trkpt lat="40.1369" lon="15.5981">
      <ele>316.909</ele>
    </trkpt>
    <trkpt lat="40.13694" lon="15.59843">
      <ele>327.008</ele>
    </trkpt>
    <trkpt lat="40.13688" lon="15.59843">
      <ele>325.928</ele>
    </trkpt>
    <trkpt lat="40.13691" lon="15.59855">
      <ele>329.06</ele>
    </trkpt>
    <trkpt lat="40.13688" lon="15.59866">
      <ele>330.598</ele>
    </trkpt>
    <trkpt lat="40.13691" lon="15.59871">
      <ele>332.028</ele>
    </trkpt>
    <trkpt lat="40.13694" lon="15.59872">
      <ele>332.861</ele>
    </trkpt>
    <trkpt lat="40.13699" lon="15.59868">
      <ele>332.896</ele>
    </trkpt>
    <trkpt lat="40.13712" lon="15.59871">
      <ele>335.308</ele>
    </trkpt>
    <trkpt lat="40.13715" lon="15.59877">
      <ele>336.82</ele>
    </trkpt>
    <trkpt lat="40.1372" lon="15.5988">
      <ele>338.08</ele>
    </trkpt>
    <trkpt lat="40.13717" lon="15.59885">
      <ele>338.548</ele>
    </trkpt>
    <trkpt lat="40.13717" lon="15.59888">
      <ele>339.088</ele>
    </trkpt>
    <trkpt lat="40.13724" lon="15.59892">
      <ele>341.354</ele>
    </trkpt>
    <trkpt lat="40.13713" lon="15.59895">
      <ele>339.627</ele>
    </trkpt>
    <trkpt lat="40.1371" lon="15.59897">
      <ele>339.35</ele>
    </trkpt>
    <trkpt lat="40.13713" lon="15.59916">
      <ele>342.908</ele>
    </trkpt>
    <trkpt lat="40.13719" lon="15.59917">
      <ele>344.998</ele>
    </trkpt>
    <trkpt lat="40.13741" lon="15.59933">
      <ele>354.555</ele>
    </trkpt>
    <trkpt lat="40.13741" lon="15.59937">
      <ele>355.326</ele>
    </trkpt>
    <trkpt lat="40.1373" lon="15.5994">
      <ele>352.07</ele>
    </trkpt>
    <trkpt lat="40.13728" lon="15.59949">
      <ele>353.433</ele>
    </trkpt>
    <trkpt lat="40.13733" lon="15.59953">
      <ele>356.753</ele>
    </trkpt>
    <trkpt lat="40.13738" lon="15.59953">
      <ele>358.886</ele>
    </trkpt>
    <trkpt lat="40.13735" lon="15.59963">
      <ele>361.12</ele>
    </trkpt>
    <trkpt lat="40.13744" lon="15.59962">
      <ele>365.237</ele>
    </trkpt>
    <trkpt lat="40.1375" lon="15.59964">
      <ele>369.152</ele>
    </trkpt>
    <trkpt lat="40.13759" lon="15.59969">
      <ele>372.938</ele>
    </trkpt>
    <trkpt lat="40.13767" lon="15.59983">
      <ele>378.338</ele>
    </trkpt>
    <trkpt lat="40.13772" lon="15.59999">
      <ele>384.042</ele>
    </trkpt>
    <trkpt lat="40.13771" lon="15.60006">
      <ele>384.533</ele>
    </trkpt>
    <trkpt lat="40.13765" lon="15.60014">
      <ele>383.56</ele>
    </trkpt>
    <trkpt lat="40.13764" lon="15.60019">
      <ele>383.739</ele>
    </trkpt>
    <trkpt lat="40.13772" lon="15.60049">
      <ele>387.785</ele>
    </trkpt>
    <trkpt lat="40.13784" lon="15.60072">
      <ele>393.814</ele>
    </trkpt>
    <trkpt lat="40.13795" lon="15.60084">
      <ele>397.594</ele>
    </trkpt>
    <trkpt lat="40.13789" lon="15.60089">
      <ele>397.675</ele>
    </trkpt>
    <trkpt lat="40.13784" lon="15.60088">
      <ele>396.829</ele>
    </trkpt>
    <trkpt lat="40.13777" lon="15.6009">
      <ele>396.251</ele>
    </trkpt>
    <trkpt lat="40.13775" lon="15.60095">
      <ele>396.862</ele>
    </trkpt>
    <trkpt lat="40.13778" lon="15.601">
      <ele>398.622</ele>
    </trkpt>
    <trkpt lat="40.13778" lon="15.60104">
      <ele>399.484</ele>
    </trkpt>
    <trkpt lat="40.13776" lon="15.60107">
      <ele>399.719</ele>
    </trkpt>
    <trkpt lat="40.1377" lon="15.60107">
      <ele>398.391</ele>
    </trkpt>
    <trkpt lat="40.13768" lon="15.6011">
      <ele>398.634</ele>
    </trkpt>
    <trkpt lat="40.13767" lon="15.60113">
      <ele>399.023</ele>
    </trkpt>
    <trkpt lat="40.13759" lon="15.60124">
      <ele>399.741</ele>
    </trkpt>
    <trkpt lat="40.13756" lon="15.60142">
      <ele>403.008</ele>
    </trkpt>
    <trkpt lat="40.13758" lon="15.60147">
      <ele>403.824</ele>
    </trkpt>
    <trkpt lat="40.13761" lon="15.60149">
      <ele>404.424</ele>
    </trkpt>
    <trkpt lat="40.1377" lon="15.60149">
      <ele>405.514</ele>
    </trkpt>
    <trkpt lat="40.13771" lon="15.60151">
      <ele>405.906</ele>
    </trkpt>
    <trkpt lat="40.13753" lon="15.60174">
      <ele>405.989</ele>
    </trkpt>
    <trkpt lat="40.13751" lon="15.60179">
      <ele>406.048</ele>
    </trkpt>
    <trkpt lat="40.13753" lon="15.60181">
      <ele>406.52</ele>
    </trkpt>
    <trkpt lat="40.13767" lon="15.60179">
      <ele>408.608</ele>
    </trkpt>
    <trkpt lat="40.13789" lon="15.60183">
      <ele>412.618</ele>
    </trkpt>
    <trkpt lat="40.13799" lon="15.60188">
      <ele>414.947</ele>
    </trkpt>
    <trkpt lat="40.13802" lon="15.60192">
      <ele>416.019</ele>
    </trkpt>
    <trkpt lat="40.13801" lon="15.60197">
      <ele>416.456</ele>
    </trkpt>
    <trkpt lat="40.13804" lon="15.60202">
      <ele>417.536</ele>
    </trkpt>
    <trkpt lat="40.13816" lon="15.60202">
      <ele>419.525</ele>
    </trkpt>
    <trkpt lat="40.13828" lon="15.60221">
      <ele>424.645</ele>
    </trkpt>
    <trkpt lat="40.1383" lon="15.60228">
      <ele>425.854</ele>
    </trkpt>
    <trkpt lat="40.1383" lon="15.60248">
      <ele>427.841</ele>
    </trkpt>
    <trkpt lat="40.13836" lon="15.60266">
      <ele>429.096</ele>
    </trkpt>
    <trkpt lat="40.13856" lon="15.60298">
      <ele>432.716</ele>
    </trkpt>
    <trkpt lat="40.13909" lon="15.60351">
      <ele>439.612</ele>
    </trkpt>
    <trkpt lat="40.1393" lon="15.60366">
      <ele>444.532</ele>
    </trkpt>
    <trkpt lat="40.13949" lon="15.60392">
      <ele>451.554</ele>
    </trkpt>
    <trkpt lat="40.13958" lon="15.60412">
      <ele>456.746</ele>
    </trkpt>
    <trkpt lat="40.13961" lon="15.60435">
      <ele>458.217</ele>
    </trkpt>
    <trkpt lat="40.13979" lon="15.60501">
      <ele>461.001</ele>
    </trkpt>
    <trkpt lat="40.13979" lon="15.60501">
      <ele>461.001</ele>
    </trkpt>
    <trkpt lat="40.13979" lon="15.60501">
      <ele>461.001</ele>
    </trkpt>
    <trkpt lat="40.13986" lon="15.60526">
      <ele>464.903</ele>
    </trkpt>
    <trkpt lat="40.13995" lon="15.6054">
      <ele>470.438</ele>
    </trkpt>
    <trkpt lat="40.14007" lon="15.60554">
      <ele>475.771</ele>
    </trkpt>
    <trkpt lat="40.1402" lon="15.60583">
      <ele>477.88</ele>
    </trkpt>
    <trkpt lat="40.14021" lon="15.60594">
      <ele>478.605</ele>
    </trkpt>
    <trkpt lat="40.14018" lon="15.60633">
      <ele>483.339</ele>
    </trkpt>
    <trkpt lat="40.14021" lon="15.60644">
      <ele>485.709</ele>
    </trkpt>
    <trkpt lat="40.14024" lon="15.60654">
      <ele>487.458</ele>
    </trkpt>
    <trkpt lat="40.1406" lon="15.60679">
      <ele>501.92</ele>
    </trkpt>
    <trkpt lat="40.14074" lon="15.6069">
      <ele>507.968</ele>
    </trkpt>
    <trkpt lat="40.14076" lon="15.60695">
      <ele>508.807</ele>
    </trkpt>
    <trkpt lat="40.14081" lon="15.6071">
      <ele>510.385</ele>
    </trkpt>
    <trkpt lat="40.14094" lon="15.60726">
      <ele>515.824</ele>
    </trkpt>
    <trkpt lat="40.14114" lon="15.60744">
      <ele>526.043</ele>
    </trkpt>
    <trkpt lat="40.14126" lon="15.60767">
      <ele>532.304</ele>
    </trkpt>
    <trkpt lat="40.14126" lon="15.60756">
      <ele>533.52</ele>
    </trkpt>
    <trkpt lat="40.1412" lon="15.6071">
      <ele>531.462</ele>
    </trkpt>
    <trkpt lat="40.14123" lon="15.60708">
      <ele>534.073</ele>
    </trkpt>
    <trkpt lat="40.14126" lon="15.60705">
      <ele>536.789</ele>
    </trkpt>
    <trkpt lat="40.1413" lon="15.60679">
      <ele>541.0</ele>
    </trkpt>
    <trkpt lat="40.14132" lon="15.60672">
      <ele>542.8</ele>
    </trkpt>
    <trkpt lat="40.14135" lon="15.60666">
      <ele>545.507</ele>
    </trkpt>
    <trkpt lat="40.14135" lon="15.60666">
      <ele>545.507</ele>
    </trkpt>
    <trkpt lat="40.14135" lon="15.60666">
      <ele>545.507</ele>
    </trkpt>
    <trkpt lat="40.14142" lon="15.60651">
      <ele>551.177</ele>
    </trkpt>
    <trkpt lat="40.14148" lon="15.6063">
      <ele>555.982</ele>
    </trkpt>
    <trkpt lat="40.14152" lon="15.60615">
      <ele>559.736</ele>
    </trkpt>
    <trkpt lat="40.14155" lon="15.60633">
      <ele>560.41</ele>
    </trkpt>
    <trkpt lat="40.14161" lon="15.6063">
      <ele>564.575</ele>
    </trkpt>
    <trkpt lat="40.14161" lon="15.60622">
      <ele>564.98</ele>
    </trkpt>
    <trkpt lat="40.14172" lon="15.60618">
      <ele>570.191</ele>
    </trkpt>
    <trkpt lat="40.14178" lon="15.60655">
      <ele>572.015</ele>
    </trkpt>
    <trkpt lat="40.14178" lon="15.6066">
      <ele>572.122</ele>
    </trkpt>
    <trkpt lat="40.14169" lon="15.60677">
      <ele>569.331</ele>
    </trkpt>
    <trkpt lat="40.14169" lon="15.60682">
      <ele>569.166</ele>
    </trkpt>
    <trkpt lat="40.14171" lon="15.6069">
      <ele>569.539</ele>
    </trkpt>
    <trkpt lat="40.14189" lon="15.60727">
      <ele>573.433</ele>
    </trkpt>
    <trkpt lat="40.14181" lon="15.60739">
      <ele>568.883</ele>
    </trkpt>
    <trkpt lat="40.14196" lon="15.6077">
      <ele>570.689</ele>
    </trkpt>
    <trkpt lat="40.14204" lon="15.60781">
      <ele>570.292</ele>
    </trkpt>
    <trkpt lat="40.14214" lon="15.60792">
      <ele>570.0</ele>
    </trkpt>
    <trkpt lat="40.14221" lon="15.60804">
      <ele>569.03</ele>
    </trkpt>
    <trkpt lat="40.14222" lon="15.60812">
      <ele>567.55</ele>
    </trkpt>
    <trkpt lat="40.14227" lon="15.60837">
      <ele>562.575</ele>
    </trkpt>
    <trkpt lat="40.14227" lon="15.60837">
      <ele>562.575</ele>
    </trkpt>
    <trkpt lat="40.14228" lon="15.60837">
      <ele>562.651</ele>
    </trkpt>
    <trkpt lat="40.14229" lon="15.60844">
      <ele>561.278</ele>
    </trkpt>
    <trkpt lat="40.14248" lon="15.60882">
      <ele>555.218</ele>
    </trkpt>
    <trkpt lat="40.14231" lon="15.60899">
      <ele>548.946</ele>
    </trkpt>
    <trkpt lat="40.14228" lon="15.60899">
      <ele>548.435</ele>
    </trkpt>
    <trkpt lat="40.14221" lon="15.60896">
      <ele>547.867</ele>
    </trkpt>
    <trkpt lat="40.14209" lon="15.60886">
      <ele>546.92</ele>
    </trkpt>
    <trkpt lat="40.14184" lon="15.60855">
      <ele>546.184</ele>
    </trkpt>
    <trkpt lat="40.14177" lon="15.60848">
      <ele>544.924</ele>
    </trkpt>
    <trkpt lat="40.14163" lon="15.60842">
      <ele>540.362</ele>
    </trkpt>
    <trkpt lat="40.14176" lon="15.60862">
      <ele>541.472</ele>
    </trkpt>
    <trkpt lat="40.14182" lon="15.60873">
      <ele>541.076</ele>
    </trkpt>
    <trkpt lat="40.14185" lon="15.60883">
      <ele>539.744</ele>
    </trkpt>
    <trkpt lat="40.14187" lon="15.60898">
      <ele>536.996</ele>
    </trkpt>
    <trkpt lat="40.14193" lon="15.60922">
      <ele>534.012</ele>
    </trkpt>
    <trkpt lat="40.14208" lon="15.60951">
      <ele>530.758</ele>
    </trkpt>
    <trkpt lat="40.14228" lon="15.60979">
      <ele>529.926</ele>
    </trkpt>
    <trkpt lat="40.14228" lon="15.60986">
      <ele>528.562</ele>
    </trkpt>
    <trkpt lat="40.14226" lon="15.60988">
      <ele>527.822</ele>
    </trkpt>
    <trkpt lat="40.1422" lon="15.60991">
      <ele>525.63</ele>
    </trkpt>
    <trkpt lat="40.14211" lon="15.60983">
      <ele>523.64</ele>
    </trkpt>
    <trkpt lat="40.14198" lon="15.6096">
      <ele>525.559</ele>
    </trkpt>
    <trkpt lat="40.14159" lon="15.60888">
      <ele>527.912</ele>
    </trkpt>
    <trkpt lat="40.14141" lon="15.60858">
      <ele>527.377</ele>
    </trkpt>
    <trkpt lat="40.14133" lon="15.60845">
      <ele>526.946</ele>
    </trkpt>
    <trkpt lat="40.14126" lon="15.60841">
      <ele>525.488</ele>
    </trkpt>
    <trkpt lat="40.1412" lon="15.60843">
      <ele>523.908</ele>
    </trkpt>
    <trkpt lat="40.14115" lon="15.60849">
      <ele>522.914</ele>
    </trkpt>
    <trkpt lat="40.14111" lon="15.60861">
      <ele>522.944</ele>
    </trkpt>
    <trkpt lat="40.1412" lon="15.60879">
      <ele>520.766</ele>
    </trkpt>
    <trkpt lat="40.14128" lon="15.60897">
      <ele>516.55</ele>
    </trkpt>
    <trkpt lat="40.14135" lon="15.60914">
      <ele>511.641</ele>
    </trkpt>
    <trkpt lat="40.1414" lon="15.60931">
      <ele>506.381</ele>
    </trkpt>
    <trkpt lat="40.14142" lon="15.60945">
      <ele>502.432</ele>
    </trkpt>
    <trkpt lat="40.14147" lon="15.60965">
      <ele>499.135</ele>
    </trkpt>
    <trkpt lat="40.14149" lon="15.60978">
      <ele>496.451</ele>
    </trkpt>
    <trkpt lat="40.14149" lon="15.60978">
      <ele>496.451</ele>
    </trkpt>
    <trkpt lat="40.14149" lon="15.60978">
      <ele>496.451</ele>
    </trkpt>
    <trkpt lat="40.1415" lon="15.60983">
      <ele>495.782</ele>
    </trkpt>
    <trkpt lat="40.14152" lon="15.61015">
      <ele>490.548</ele>
    </trkpt>
    <trkpt lat="40.14152" lon="15.61038">
      <ele>485.713</ele>
    </trkpt>
    <trkpt lat="40.14155" lon="15.61059">
      <ele>481.005</ele>
    </trkpt>
    <trkpt lat="40.14162" lon="15.61077">
      <ele>475.835</ele>
    </trkpt>
    <trkpt lat="40.14173" lon="15.61099">
      <ele>470.125</ele>
    </trkpt>
    <trkpt lat="40.14181" lon="15.61112">
      <ele>467.336</ele>
    </trkpt>
    <trkpt lat="40.14187" lon="15.61119">
      <ele>466.069</ele>
    </trkpt>
    <trkpt lat="40.14187" lon="15.61125">
      <ele>464.098</ele>
    </trkpt>
    <trkpt lat="40.14176" lon="15.61134">
      <ele>461.446</ele>
    </trkpt>
    <trkpt lat="40.14175" lon="15.61137">
      <ele>460.815</ele>
    </trkpt>
    <trkpt lat="40.14175" lon="15.61142">
      <ele>461.374</ele>
    </trkpt>
    <trkpt lat="40.14179" lon="15.61152">
      <ele>464.15</ele>
    </trkpt>
    <trkpt lat="40.14193" lon="15.61162">
      <ele>465.803</ele>
    </trkpt>
    <trkpt lat="40.14211" lon="15.61171">
      <ele>467.71</ele>
    </trkpt>
    <trkpt lat="40.1423" lon="15.61176">
      <ele>468.058</ele>
    </trkpt>
    <trkpt lat="40.14251" lon="15.6118">
      <ele>465.677</ele>
    </trkpt>
    <trkpt lat="40.14256" lon="15.61184">
      <ele>466.047</ele>
    </trkpt>
    <trkpt lat="40.14273" lon="15.61187">
      <ele>464.322</ele>
    </trkpt>
    <trkpt lat="40.14311" lon="15.61183">
      <ele>460.966</ele>
    </trkpt>
    <trkpt lat="40.14335" lon="15.61199">
      <ele>461.01</ele>
    </trkpt>
    <trkpt lat="40.14376" lon="15.61204">
      <ele>449.351</ele>
    </trkpt>
    <trkpt lat="40.14399" lon="15.6121">
      <ele>444.68</ele>
    </trkpt>
    <trkpt lat="40.14404" lon="15.61216">
      <ele>445.218</ele>
    </trkpt>
    <trkpt lat="40.1441" lon="15.61228">
      <ele>447.53</ele>
    </trkpt>
    <trkpt lat="40.14414" lon="15.61234">
      <ele>448.241</ele>
    </trkpt>
    <trkpt lat="40.14422" lon="15.6124">
      <ele>447.48</ele>
    </trkpt>
    <trkpt lat="40.14425" lon="15.61245">
      <ele>448.2</ele>
    </trkpt>
    <trkpt lat="40.14425" lon="15.6125">
      <ele>450.0</ele>
    </trkpt>
    <trkpt lat="40.14424" lon="15.61254">
      <ele>450.246</ele>
    </trkpt>
    <trkpt lat="40.14416" lon="15.61268">
      <ele>453.311</ele>
    </trkpt>
    <trkpt lat="40.14412" lon="15.6127">
      <ele>455.211</ele>
    </trkpt>
    <trkpt lat="40.14406" lon="15.61302">
      <ele>458.376</ele>
    </trkpt>
    <trkpt lat="40.14399" lon="15.61339">
      <ele>465.418</ele>
    </trkpt>
    <trkpt lat="40.14397" lon="15.61352">
      <ele>468.273</ele>
    </trkpt>
    <trkpt lat="40.14399" lon="15.61365">
      <ele>471.173</ele>
    </trkpt>
    <trkpt lat="40.14403" lon="15.61372">
      <ele>473.473</ele>
    </trkpt>
    <trkpt lat="40.14415" lon="15.61377">
      <ele>473.566</ele>
    </trkpt>
    <trkpt lat="40.14462" lon="15.61383">
      <ele>473.802</ele>
    </trkpt>
    <trkpt lat="40.14477" lon="15.61382">
      <ele>473.692</ele>
    </trkpt>
    <trkpt lat="40.14501" lon="15.61375">
      <ele>471.982</ele>
    </trkpt>
    <trkpt lat="40.14512" lon="15.61375">
      <ele>471.784</ele>
    </trkpt>
    <trkpt lat="40.1452" lon="15.6138">
      <ele>472.792</ele>
    </trkpt>
    <trkpt lat="40.14524" lon="15.61386">
      <ele>473.817</ele>
    </trkpt>
    <trkpt lat="40.14527" lon="15.61398">
      <ele>474.121</ele>
    </trkpt>
    <trkpt lat="40.14536" lon="15.61396">
      <ele>473.264</ele>
    </trkpt>
    <trkpt lat="40.14542" lon="15.61398">
      <ele>472.8</ele>
    </trkpt>
    <trkpt lat="40.1455" lon="15.61409">
      <ele>472.758</ele>
    </trkpt>
    <trkpt lat="40.14545" lon="15.61417">
      <ele>473.32</ele>
    </trkpt>
    <trkpt lat="40.14544" lon="15.61431">
      <ele>470.836</ele>
    </trkpt>
    <trkpt lat="40.14552" lon="15.61456">
      <ele>464.437</ele>
    </trkpt>
    <trkpt lat="40.14575" lon="15.61493">
      <ele>453.839</ele>
    </trkpt>
    <trkpt lat="40.14579" lon="15.61511">
      <ele>450.428</ele>
    </trkpt>
    <trkpt lat="40.14574" lon="15.61518">
      <ele>448.317</ele>
    </trkpt>
    <trkpt lat="40.14566" lon="15.61526">
      <ele>445.28</ele>
    </trkpt>
    <trkpt lat="40.14568" lon="15.61537">
      <ele>442.504</ele>
    </trkpt>
    <trkpt lat="40.14588" lon="15.61556">
      <ele>437.512</ele>
    </trkpt>
    <trkpt lat="40.1459" lon="15.61561">
      <ele>436.0</ele>
    </trkpt>
    <trkpt lat="40.1458" lon="15.61569">
      <ele>432.45</ele>
    </trkpt>
    <trkpt lat="40.14583" lon="15.61581">
      <ele>427.895</ele>
    </trkpt>
    <trkpt lat="40.14587" lon="15.61584">
      <ele>427.302</ele>
    </trkpt>
    <trkpt lat="40.14587" lon="15.61584">
      <ele>427.302</ele>
    </trkpt>
    <trkpt lat="40.14587" lon="15.61584">
      <ele>427.302</ele>
    </trkpt>
    <trkpt lat="40.14605" lon="15.61601">
      <ele>422.908</ele>
    </trkpt>
    <trkpt lat="40.14633" lon="15.61646">
      <ele>409.207</ele>
    </trkpt>
    <trkpt lat="40.14646" lon="15.61655">
      <ele>408.343</ele>
    </trkpt>
    <trkpt lat="40.14654" lon="15.61655">
      <ele>409.449</ele>
    </trkpt>
    <trkpt lat="40.14666" lon="15.61669">
      <ele>406.004</ele>
    </trkpt>
    <trkpt lat="40.14692" lon="15.61682">
      <ele>400.928</ele>
    </trkpt>
    <trkpt lat="40.14732" lon="15.61696">
      <ele>392.328</ele>
    </trkpt>
    <trkpt lat="40.1472" lon="15.61711">
      <ele>386.088</ele>
    </trkpt>
    <trkpt lat="40.14702" lon="15.61721">
      <ele>383.712</ele>
    </trkpt>
    <trkpt lat="40.14687" lon="15.61735">
      <ele>377.999</ele>
    </trkpt>
    <trkpt lat="40.14731" lon="15.61759">
      <ele>366.436</ele>
    </trkpt>
    <trkpt lat="40.14756" lon="15.61766">
      <ele>364.345</ele>
    </trkpt>
    <trkpt lat="40.14768" lon="15.61775">
      <ele>362.562</ele>
    </trkpt>
    <trkpt lat="40.14762" lon="15.61789">
      <ele>357.037</ele>
    </trkpt>
    <trkpt lat="40.14779" lon="15.61816">
      <ele>350.982</ele>
    </trkpt>
    <trkpt lat="40.14779" lon="15.61816">
      <ele>350.982</ele>
    </trkpt>
    <trkpt lat="40.14779" lon="15.61816">
      <ele>350.982</ele>
    </trkpt>
    <trkpt lat="40.14782" lon="15.61821">
      <ele>348.63</ele>
    </trkpt>
    <trkpt lat="40.14791" lon="15.61849">
      <ele>338.261</ele>
    </trkpt>
    <trkpt lat="40.1479" lon="15.61862">
      <ele>334.634</ele>
    </trkpt>
    <trkpt lat="40.14788" lon="15.61869">
      <ele>335.23</ele>
    </trkpt>
    <trkpt lat="40.1479" lon="15.61877">
      <ele>335.887</ele>
    </trkpt>
    <trkpt lat="40.1479" lon="15.61885">
      <ele>336.555</ele>
    </trkpt>
    <trkpt lat="40.14792" lon="15.61892">
      <ele>337.024</ele>
    </trkpt>
    <trkpt lat="40.14803" lon="15.61911">
      <ele>337.816</ele>
    </trkpt>
    <trkpt lat="40.14804" lon="15.61914">
      <ele>337.888</ele>
    </trkpt>
    <trkpt lat="40.14807" lon="15.61928">
      <ele>339.178</ele>
    </trkpt>
    <trkpt lat="40.14812" lon="15.61926">
      <ele>340.37</ele>
    </trkpt>
    <trkpt lat="40.14817" lon="15.61928">
      <ele>341.684</ele>
    </trkpt>
    <trkpt lat="40.14836" lon="15.61957">
      <ele>346.768</ele>
    </trkpt>
    <trkpt lat="40.14839" lon="15.61956">
      <ele>347.203</ele>
    </trkpt>
    <trkpt lat="40.14841" lon="15.61951">
      <ele>346.997</ele>
    </trkpt>
    <trkpt lat="40.14834" lon="15.61918">
      <ele>347.071</ele>
    </trkpt>
    <trkpt lat="40.14835" lon="15.61907">
      <ele>347.867</ele>
    </trkpt>
    <trkpt lat="40.14838" lon="15.61897">
      <ele>349.101</ele>
    </trkpt>
    <trkpt lat="40.14845" lon="15.6189">
      <ele>351.337</ele>
    </trkpt>
    <trkpt lat="40.14845" lon="15.6189">
      <ele>351.337</ele>
    </trkpt>
    <trkpt lat="40.14845" lon="15.6189">
      <ele>351.337</ele>
    </trkpt>
    <trkpt lat="40.14855" lon="15.61879">
      <ele>353.571</ele>
    </trkpt>
    <trkpt lat="40.14862" lon="15.61876">
      <ele>355.839</ele>
    </trkpt>
    <trkpt lat="40.14866" lon="15.61876">
      <ele>357.202</ele>
    </trkpt>
    <trkpt lat="40.14871" lon="15.61881">
      <ele>359.021</ele>
    </trkpt>
    <trkpt lat="40.14879" lon="15.619">
      <ele>361.281</ele>
    </trkpt>
    <trkpt lat="40.14891" lon="15.61941">
      <ele>361.999</ele>
    </trkpt>
    <trkpt lat="40.14907" lon="15.61974">
      <ele>365.999</ele>
    </trkpt>
    <trkpt lat="40.14908" lon="15.6198">
      <ele>366.734</ele>
    </trkpt>
    <trkpt lat="40.14922" lon="15.61981">
      <ele>370.862</ele>
    </trkpt>
    <trkpt lat="40.1493" lon="15.61979">
      <ele>373.213</ele>
    </trkpt>
    <trkpt lat="40.14936" lon="15.61976">
      <ele>375.116</ele>
    </trkpt>
    <trkpt lat="40.14944" lon="15.61958">
      <ele>378.88</ele>
    </trkpt>
    <trkpt lat="40.14948" lon="15.61952">
      <ele>380.189</ele>
    </trkpt>
    <trkpt lat="40.14954" lon="15.61949">
      <ele>381.68</ele>
    </trkpt>
    <trkpt lat="40.1496" lon="15.61963">
      <ele>381.65</ele>
    </trkpt>
    <trkpt lat="40.14978" lon="15.61976">
      <ele>383.74</ele>
    </trkpt>
    <trkpt lat="40.14989" lon="15.61984">
      <ele>384.916</ele>
    </trkpt>
    <trkpt lat="40.14998" lon="15.61994">
      <ele>385.344</ele>
    </trkpt>
    <trkpt lat="40.15005" lon="15.62">
      <ele>385.9</ele>
    </trkpt>
    <trkpt lat="40.15011" lon="15.62004">
      <ele>386.635</ele>
    </trkpt>
  </trkseg>
</trk>
<trk>
  <name>CSN 4 - MORIGERATI CASELLE VIA MADONNA DEI MARTITI</name>
  <trkseg>
    <trkpt lat="40.14009" lon="15.5553">
      <ele>274.732</ele>
    </trkpt>
    <trkpt lat="40.14011" lon="15.55529">
      <ele>275.253</ele>
    </trkpt>
    <trkpt lat="40.14011" lon="15.55521">
      <ele>275.376</ele>
    </trkpt>
    <trkpt lat="40.14007" lon="15.55521">
      <ele>274.512</ele>
    </trkpt>
    <trkpt lat="40.14003" lon="15.55518">
      <ele>273.648</ele>
    </trkpt>
    <trkpt lat="40.14004" lon="15.55513">
      <ele>273.864</ele>
    </trkpt>
    <trkpt lat="40.14007" lon="15.55509">
      <ele>274.512</ele>
    </trkpt>
    <trkpt lat="40.14033" lon="15.55486">
      <ele>277.831</ele>
    </trkpt>
    <trkpt lat="40.1404" lon="15.55481">
      <ele>278.325</ele>
    </trkpt>
    <trkpt lat="40.14045" lon="15.55477">
      <ele>278.681</ele>
    </trkpt>
    <trkpt lat="40.14049" lon="15.55474">
      <ele>279.027</ele>
    </trkpt>
    <trkpt lat="40.14051" lon="15.5547">
      <ele>278.793</ele>
    </trkpt>
    <trkpt lat="40.14053" lon="15.5546">
      <ele>277.38</ele>
    </trkpt>
    <trkpt lat="40.1406" lon="15.55454">
      <ele>277.36</ele>
    </trkpt>
    <trkpt lat="40.14064" lon="15.5545">
      <ele>277.216</ele>
    </trkpt>
    <trkpt lat="40.14061" lon="15.55446">
      <ele>276.064</ele>
    </trkpt>
    <trkpt lat="40.14054" lon="15.5545">
      <ele>275.765</ele>
    </trkpt>
    <trkpt lat="40.14051" lon="15.55449">
      <ele>275.137</ele>
    </trkpt>
    <trkpt lat="40.14055" lon="15.55442">
      <ele>274.308</ele>
    </trkpt>
    <trkpt lat="40.14057" lon="15.55436">
      <ele>273.096</ele>
    </trkpt>
    <trkpt lat="40.14059" lon="15.55425">
      <ele>270.683</ele>
    </trkpt>
    <trkpt lat="40.14062" lon="15.55417">
      <ele>269.241</ele>
    </trkpt>
    <trkpt lat="40.14079" lon="15.5539">
      <ele>266.46</ele>
    </trkpt>
    <trkpt lat="40.1408" lon="15.55387">
      <ele>265.864</ele>
    </trkpt>
    <trkpt lat="40.1408" lon="15.55387">
      <ele>265.864</ele>
    </trkpt>
    <trkpt lat="40.1408" lon="15.55387">
      <ele>265.864</ele>
    </trkpt>
    <trkpt lat="40.14082" lon="15.5538">
      <ele>264.215</ele>
    </trkpt>
    <trkpt lat="40.14084" lon="15.5537">
      <ele>261.672</ele>
    </trkpt>
    <trkpt lat="40.14085" lon="15.55356">
      <ele>257.839</ele>
    </trkpt>
    <trkpt lat="40.14084" lon="15.55344">
      <ele>254.207</ele>
    </trkpt>
    <trkpt lat="40.14081" lon="15.5533">
      <ele>250.138</ele>
    </trkpt>
    <trkpt lat="40.14075" lon="15.55305">
      <ele>244.7</ele>
    </trkpt>
    <trkpt lat="40.14074" lon="15.55302">
      <ele>244.016</ele>
    </trkpt>
    <trkpt lat="40.14075" lon="15.55297">
      <ele>243.26</ele>
    </trkpt>
    <trkpt lat="40.14079" lon="15.55292">
      <ele>242.936</ele>
    </trkpt>
    <trkpt lat="40.14083" lon="15.55288">
      <ele>242.792</ele>
    </trkpt>
    <trkpt lat="40.14089" lon="15.55286">
      <ele>243.296</ele>
    </trkpt>
    <trkpt lat="40.14089" lon="15.55286">
      <ele>243.296</ele>
    </trkpt>
    <trkpt lat="40.14089" lon="15.55286">
      <ele>243.296</ele>
    </trkpt>
    <trkpt lat="40.14091" lon="15.55285">
      <ele>243.404</ele>
    </trkpt>
    <trkpt lat="40.14099" lon="15.55281">
      <ele>243.836</ele>
    </trkpt>
    <trkpt lat="40.14105" lon="15.55274">
      <ele>243.682</ele>
    </trkpt>
    <trkpt lat="40.14119" lon="15.55258">
      <ele>243.88</ele>
    </trkpt>
    <trkpt lat="40.14141" lon="15.55232">
      <ele>242.538</ele>
    </trkpt>
    <trkpt lat="40.14147" lon="15.55226">
      <ele>241.915</ele>
    </trkpt>
    <trkpt lat="40.14147" lon="15.55219">
      <ele>240.61</ele>
    </trkpt>
    <trkpt lat="40.1415" lon="15.55215">
      <ele>239.788</ele>
    </trkpt>
    <trkpt lat="40.14159" lon="15.55211">
      <ele>238.827</ele>
    </trkpt>
    <trkpt lat="40.14176" lon="15.55203">
      <ele>234.681</ele>
    </trkpt>
    <trkpt lat="40.14198" lon="15.55204">
      <ele>230.516</ele>
    </trkpt>
    <trkpt lat="40.14221" lon="15.55211">
      <ele>227.233</ele>
    </trkpt>
    <trkpt lat="40.14229" lon="15.55206">
      <ele>227.641</ele>
    </trkpt>
    <trkpt lat="40.14237" lon="15.55194">
      <ele>226.678</ele>
    </trkpt>
    <trkpt lat="40.14245" lon="15.55188">
      <ele>227.765</ele>
    </trkpt>
    <trkpt lat="40.14247" lon="15.55188">
      <ele>228.624</ele>
    </trkpt>
    <trkpt lat="40.14252" lon="15.55191">
      <ele>231.271</ele>
    </trkpt>
    <trkpt lat="40.14256" lon="15.55191">
      <ele>232.046</ele>
    </trkpt>
    <trkpt lat="40.14262" lon="15.55188">
      <ele>232.003</ele>
    </trkpt>
    <trkpt lat="40.14278" lon="15.55175">
      <ele>228.201</ele>
    </trkpt>
    <trkpt lat="40.14285" lon="15.55164">
      <ele>221.827</ele>
    </trkpt>
    <trkpt lat="40.14287" lon="15.55163">
      <ele>221.091</ele>
    </trkpt>
    <trkpt lat="40.1429" lon="15.55163">
      <ele>220.918</ele>
    </trkpt>
    <trkpt lat="40.14292" lon="15.55161">
      <ele>219.617</ele>
    </trkpt>
    <trkpt lat="40.14292" lon="15.55159">
      <ele>218.432</ele>
    </trkpt>
    <trkpt lat="40.14285" lon="15.55153">
      <ele>215.008</ele>
    </trkpt>
    <trkpt lat="40.14285" lon="15.5515">
      <ele>213.148</ele>
    </trkpt>
    <trkpt lat="40.14286" lon="15.55148">
      <ele>211.909</ele>
    </trkpt>
    <trkpt lat="40.14288" lon="15.55147">
      <ele>211.302</ele>
    </trkpt>
    <trkpt lat="40.14296" lon="15.55147">
      <ele>211.337</ele>
    </trkpt>
    <trkpt lat="40.14299" lon="15.55149">
      <ele>212.482</ele>
    </trkpt>
    <trkpt lat="40.14305" lon="15.5515">
      <ele>213.004</ele>
    </trkpt>
    <trkpt lat="40.14305" lon="15.5515">
      <ele>213.004</ele>
    </trkpt>
    <trkpt lat="40.14305" lon="15.5515">
      <ele>213.004</ele>
    </trkpt>
    <trkpt lat="40.14311" lon="15.55151">
      <ele>213.148</ele>
    </trkpt>
    <trkpt lat="40.14326" lon="15.55148">
      <ele>210.448</ele>
    </trkpt>
    <trkpt lat="40.14339" lon="15.55141">
      <ele>208.242</ele>
    </trkpt>
    <trkpt lat="40.14352" lon="15.55132">
      <ele>207.085</ele>
    </trkpt>
    <trkpt lat="40.14356" lon="15.55127">
      <ele>204.915</ele>
    </trkpt>
    <trkpt lat="40.14358" lon="15.55122">
      <ele>201.992</ele>
    </trkpt>
    <trkpt lat="40.14362" lon="15.55105">
      <ele>190.506</ele>
    </trkpt>
    <trkpt lat="40.14365" lon="15.55101">
      <ele>188.302</ele>
    </trkpt>
    <trkpt lat="40.14372" lon="15.55098">
      <ele>187.862</ele>
    </trkpt>
    <trkpt lat="40.144" lon="15.55102">
      <ele>193.878</ele>
    </trkpt>
    <trkpt lat="40.14417" lon="15.55097">
      <ele>184.858</ele>
    </trkpt>
    <trkpt lat="40.14419" lon="15.55094">
      <ele>182.816</ele>
    </trkpt>
    <trkpt lat="40.14421" lon="15.55079">
      <ele>172.948</ele>
    </trkpt>
    <trkpt lat="40.14426" lon="15.5507">
      <ele>168.311</ele>
    </trkpt>
    <trkpt lat="40.14426" lon="15.55062">
      <ele>163.894</ele>
    </trkpt>
    <trkpt lat="40.14426" lon="15.5506">
      <ele>162.79</ele>
    </trkpt>
    <trkpt lat="40.14425" lon="15.55059">
      <ele>162.197</ele>
    </trkpt>
    <trkpt lat="40.1442" lon="15.5506">
      <ele>162.539</ele>
    </trkpt>
    <trkpt lat="40.14411" lon="15.55067">
      <ele>165.784</ele>
    </trkpt>
    <trkpt lat="40.14408" lon="15.55067">
      <ele>165.575</ele>
    </trkpt>
    <trkpt lat="40.14402" lon="15.55062">
      <ele>161.98</ele>
    </trkpt>
    <trkpt lat="40.1439" lon="15.55061">
      <ele>160.041</ele>
    </trkpt>
    <trkpt lat="40.14375" lon="15.55066">
      <ele>161.084</ele>
    </trkpt>
    <trkpt lat="40.14375" lon="15.55062">
      <ele>157.988</ele>
    </trkpt>
    <trkpt lat="40.14376" lon="15.55057">
      <ele>154.328</ele>
    </trkpt>
    <trkpt lat="40.14379" lon="15.55053">
      <ele>152.76</ele>
    </trkpt>
    <trkpt lat="40.14394" lon="15.55038">
      <ele>149.152</ele>
    </trkpt>
    <trkpt lat="40.14411" lon="15.55025">
      <ele>147.145</ele>
    </trkpt>
    <trkpt lat="40.14413" lon="15.55015">
      <ele>147.194</ele>
    </trkpt>
    <trkpt lat="40.14415" lon="15.55014">
      <ele>147.353</ele>
    </trkpt>
    <trkpt lat="40.14415" lon="15.55014">
      <ele>147.353</ele>
    </trkpt>
    <trkpt lat="40.14413" lon="15.55015">
      <ele>147.194</ele>
    </trkpt>
    <trkpt lat="40.1442" lon="15.55008">
      <ele>147.699</ele>
    </trkpt>
    <trkpt lat="40.14422" lon="15.54992">
      <ele>150.703</ele>
    </trkpt>
    <trkpt lat="40.14416" lon="15.54985">
      <ele>152.402</ele>
    </trkpt>
    <trkpt lat="40.14425" lon="15.54985">
      <ele>153.762</ele>
    </trkpt>
    <trkpt lat="40.14424" lon="15.54972">
      <ele>158.429</ele>
    </trkpt>
    <trkpt lat="40.14431" lon="15.54971">
      <ele>160.126</ele>
    </trkpt>
    <trkpt lat="40.14448" lon="15.54977">
      <ele>160.514</ele>
    </trkpt>
    <trkpt lat="40.14448" lon="15.54967">
      <ele>164.264</ele>
    </trkpt>
    <trkpt lat="40.14451" lon="15.54965">
      <ele>165.308</ele>
    </trkpt>
    <trkpt lat="40.1445" lon="15.54958">
      <ele>167.72</ele>
    </trkpt>
    <trkpt lat="40.14443" lon="15.54952">
      <ele>169.209</ele>
    </trkpt>
    <trkpt lat="40.14425" lon="15.5494">
      <ele>174.384</ele>
    </trkpt>
    <trkpt lat="40.14418" lon="15.54939">
      <ele>175.266</ele>
    </trkpt>
    <trkpt lat="40.14393" lon="15.54943">
      <ele>175.484</ele>
    </trkpt>
    <trkpt lat="40.14328" lon="15.54939">
      <ele>187.602</ele>
    </trkpt>
    <trkpt lat="40.14317" lon="15.54938">
      <ele>186.728</ele>
    </trkpt>
    <trkpt lat="40.14315" lon="15.54936">
      <ele>187.729</ele>
    </trkpt>
    <trkpt lat="40.14315" lon="15.54936">
      <ele>187.729</ele>
    </trkpt>
    <trkpt lat="40.14315" lon="15.54936">
      <ele>187.729</ele>
    </trkpt>
    <trkpt lat="40.14313" lon="15.54935">
      <ele>188.101</ele>
    </trkpt>
    <trkpt lat="40.14303" lon="15.54921">
      <ele>193.716</ele>
    </trkpt>
    <trkpt lat="40.14279" lon="15.54861">
      <ele>190.907</ele>
    </trkpt>
    <trkpt lat="40.14275" lon="15.54838">
      <ele>195.29</ele>
    </trkpt>
    <trkpt lat="40.14271" lon="15.54826">
      <ele>197.164</ele>
    </trkpt>
    <trkpt lat="40.14262" lon="15.54818">
      <ele>197.234</ele>
    </trkpt>
    <trkpt lat="40.14257" lon="15.54801">
      <ele>199.049</ele>
    </trkpt>
    <trkpt lat="40.14259" lon="15.54791">
      <ele>199.466</ele>
    </trkpt>
    <trkpt lat="40.14265" lon="15.54773">
      <ele>200.793</ele>
    </trkpt>
    <trkpt lat="40.14271" lon="15.54757">
      <ele>202.345</ele>
    </trkpt>
    <trkpt lat="40.14284" lon="15.54747">
      <ele>205.9</ele>
    </trkpt>
    <trkpt lat="40.14293" lon="15.54743">
      <ele>208.636</ele>
    </trkpt>
    <trkpt lat="40.14305" lon="15.54739">
      <ele>212.236</ele>
    </trkpt>
    <trkpt lat="40.14306" lon="15.54738">
      <ele>212.56</ele>
    </trkpt>
    <trkpt lat="40.14306" lon="15.54738">
      <ele>212.56</ele>
    </trkpt>
    <trkpt lat="40.14306" lon="15.54738">
      <ele>212.56</ele>
    </trkpt>
    <trkpt lat="40.14315" lon="15.5473">
      <ele>215.44</ele>
    </trkpt>
    <trkpt lat="40.14327" lon="15.54713">
      <ele>218.512</ele>
    </trkpt>
    <trkpt lat="40.14338" lon="15.54696">
      <ele>220.465</ele>
    </trkpt>
    <trkpt lat="40.14346" lon="15.54671">
      <ele>220.116</ele>
    </trkpt>
    <trkpt lat="40.14352" lon="15.54638">
      <ele>219.714</ele>
    </trkpt>
    <trkpt lat="40.14353" lon="15.54611">
      <ele>220.251</ele>
    </trkpt>
    <trkpt lat="40.14354" lon="15.54598">
      <ele>220.815</ele>
    </trkpt>
    <trkpt lat="40.14358" lon="15.54587">
      <ele>222.099</ele>
    </trkpt>
    <trkpt lat="40.14367" lon="15.54564">
      <ele>224.272</ele>
    </trkpt>
    <trkpt lat="40.14376" lon="15.54493">
      <ele>222.756</ele>
    </trkpt>
    <trkpt lat="40.14374" lon="15.54477">
      <ele>223.487</ele>
    </trkpt>
    <trkpt lat="40.14367" lon="15.54466">
      <ele>223.968</ele>
    </trkpt>
    <trkpt lat="40.14354" lon="15.5446">
      <ele>224.057</ele>
    </trkpt>
    <trkpt lat="40.14328" lon="15.54456">
      <ele>224.232</ele>
    </trkpt>
    <trkpt lat="40.14318" lon="15.54454">
      <ele>224.194</ele>
    </trkpt>
    <trkpt lat="40.14304" lon="15.54444">
      <ele>225.634</ele>
    </trkpt>
    <trkpt lat="40.14294" lon="15.54428">
      <ele>226.125</ele>
    </trkpt>
    <trkpt lat="40.14292" lon="15.54413">
      <ele>228.336</ele>
    </trkpt>
    <trkpt lat="40.1429" lon="15.54404">
      <ele>228.552</ele>
    </trkpt>
    <trkpt lat="40.1429" lon="15.54404">
      <ele>228.552</ele>
    </trkpt>
    <trkpt lat="40.1429" lon="15.54404">
      <ele>228.552</ele>
    </trkpt>
    <trkpt lat="40.14288" lon="15.544">
      <ele>228.408</ele>
    </trkpt>
    <trkpt lat="40.14279" lon="15.54389">
      <ele>227.256</ele>
    </trkpt>
    <trkpt lat="40.14211" lon="15.54358">
      <ele>226.786</ele>
    </trkpt>
    <trkpt lat="40.14202" lon="15.54349">
      <ele>227.213</ele>
    </trkpt>
    <trkpt lat="40.14183" lon="15.54313">
      <ele>229.173</ele>
    </trkpt>
    <trkpt lat="40.14168" lon="15.54289">
      <ele>229.604</ele>
    </trkpt>
    <trkpt lat="40.14162" lon="15.54269">
      <ele>231.993</ele>
    </trkpt>
    <trkpt lat="40.14163" lon="15.54248">
      <ele>234.647</ele>
    </trkpt>
    <trkpt lat="40.14167" lon="15.54224">
      <ele>238.83</ele>
    </trkpt>
    <trkpt lat="40.1419" lon="15.54134">
      <ele>240.864</ele>
    </trkpt>
    <trkpt lat="40.14192" lon="15.54098">
      <ele>239.57</ele>
    </trkpt>
    <trkpt lat="40.14188" lon="15.54042">
      <ele>235.56</ele>
    </trkpt>
    <trkpt lat="40.14189" lon="15.54028">
      <ele>236.208</ele>
    </trkpt>
    <trkpt lat="40.14196" lon="15.54002">
      <ele>238.204</ele>
    </trkpt>
    <trkpt lat="40.14205" lon="15.53968">
      <ele>241.806</ele>
    </trkpt>
    <trkpt lat="40.1421" lon="15.53928">
      <ele>242.692</ele>
    </trkpt>
    <trkpt lat="40.14207" lon="15.53906">
      <ele>242.374</ele>
    </trkpt>
    <trkpt lat="40.14193" lon="15.53886">
      <ele>239.792</ele>
    </trkpt>
    <trkpt lat="40.14187" lon="15.53876">
      <ele>238.856</ele>
    </trkpt>
    <trkpt lat="40.14181" lon="15.53854">
      <ele>238.096</ele>
    </trkpt>
    <trkpt lat="40.14173" lon="15.53828">
      <ele>236.56</ele>
    </trkpt>
    <trkpt lat="40.14163" lon="15.53796">
      <ele>236.504</ele>
    </trkpt>
    <trkpt lat="40.14139" lon="15.53749">
      <ele>238.056</ele>
    </trkpt>
    <trkpt lat="40.14126" lon="15.537">
      <ele>235.659</ele>
    </trkpt>
    <trkpt lat="40.14126" lon="15.5368">
      <ele>234.991</ele>
    </trkpt>
    <trkpt lat="40.14128" lon="15.53665">
      <ele>234.648</ele>
    </trkpt>
    <trkpt lat="40.14141" lon="15.53639">
      <ele>234.548</ele>
    </trkpt>
    <trkpt lat="40.14155" lon="15.53601">
      <ele>233.126</ele>
    </trkpt>
    <trkpt lat="40.14186" lon="15.53551">
      <ele>227.662</ele>
    </trkpt>
    <trkpt lat="40.14207" lon="15.53494">
      <ele>217.335</ele>
    </trkpt>
    <trkpt lat="40.14209" lon="15.53482">
      <ele>216.862</ele>
    </trkpt>
    <trkpt lat="40.14209" lon="15.53453">
      <ele>215.171</ele>
    </trkpt>
    <trkpt lat="40.14217" lon="15.53421">
      <ele>214.408</ele>
    </trkpt>
    <trkpt lat="40.14214" lon="15.53405">
      <ele>212.68</ele>
    </trkpt>
    <trkpt lat="40.14161" lon="15.53321">
      <ele>210.219</ele>
    </trkpt>
    <trkpt lat="40.14158" lon="15.53316">
      <ele>209.387</ele>
    </trkpt>
    <trkpt lat="40.14152" lon="15.53309">
      <ele>207.891</ele>
    </trkpt>
    <trkpt lat="40.14136" lon="15.53297">
      <ele>205.644</ele>
    </trkpt>
    <trkpt lat="40.14129" lon="15.53292">
      <ele>205.57</ele>
    </trkpt>
    <trkpt lat="40.14124" lon="15.53285">
      <ele>206.009</ele>
    </trkpt>
    <trkpt lat="40.14113" lon="15.53249">
      <ele>210.348</ele>
    </trkpt>
    <trkpt lat="40.14109" lon="15.53238">
      <ele>211.457</ele>
    </trkpt>
    <trkpt lat="40.14084" lon="15.53176">
      <ele>214.128</ele>
    </trkpt>
    <trkpt lat="40.14057" lon="15.53124">
      <ele>214.912</ele>
    </trkpt>
    <trkpt lat="40.14037" lon="15.53077">
      <ele>216.812</ele>
    </trkpt>
    <trkpt lat="40.14033" lon="15.5306">
      <ele>216.622</ele>
    </trkpt>
    <trkpt lat="40.14037" lon="15.53021">
      <ele>223.64</ele>
    </trkpt>
    <trkpt lat="40.14039" lon="15.52976">
      <ele>229.234</ele>
    </trkpt>
    <trkpt lat="40.14039" lon="15.52976">
      <ele>229.234</ele>
    </trkpt>
    <trkpt lat="40.14039" lon="15.52976">
      <ele>229.234</ele>
    </trkpt>
    <trkpt lat="40.1404" lon="15.52968">
      <ele>229.961</ele>
    </trkpt>
    <trkpt lat="40.14036" lon="15.52958">
      <ele>229.639</ele>
    </trkpt>
    <trkpt lat="40.14026" lon="15.52946">
      <ele>227.68</ele>
    </trkpt>
    <trkpt lat="40.14008" lon="15.52932">
      <ele>225.146</ele>
    </trkpt>
    <trkpt lat="40.13988" lon="15.5293">
      <ele>222.034</ele>
    </trkpt>
    <trkpt lat="40.13977" lon="15.52934">
      <ele>220.17</ele>
    </trkpt>
    <trkpt lat="40.13959" lon="15.52951">
      <ele>218.63</ele>
    </trkpt>
    <trkpt lat="40.13954" lon="15.52952">
      <ele>218.804</ele>
    </trkpt>
    <trkpt lat="40.13933" lon="15.52947">
      <ele>221.272</ele>
    </trkpt>
    <trkpt lat="40.13928" lon="15.52948">
      <ele>221.416</ele>
    </trkpt>
    <trkpt lat="40.13896" lon="15.52972">
      <ele>219.292</ele>
    </trkpt>
    <trkpt lat="40.1388" lon="15.52988">
      <ele>217.414</ele>
    </trkpt>
    <trkpt lat="40.13871" lon="15.52993">
      <ele>217.282</ele>
    </trkpt>
    <trkpt lat="40.13867" lon="15.52986">
      <ele>218.991</ele>
    </trkpt>
    <trkpt lat="40.13857" lon="15.52981">
      <ele>220.521</ele>
    </trkpt>
    <trkpt lat="40.13839" lon="15.52979">
      <ele>221.382</ele>
    </trkpt>
    <trkpt lat="40.13819" lon="15.52981">
      <ele>222.652</ele>
    </trkpt>
    <trkpt lat="40.13819" lon="15.52981">
      <ele>222.652</ele>
    </trkpt>
    <trkpt lat="40.13819" lon="15.52981">
      <ele>222.652</ele>
    </trkpt>
    <trkpt lat="40.13818" lon="15.52975">
      <ele>224.056</ele>
    </trkpt>
    <trkpt lat="40.1382" lon="15.52971">
      <ele>225.051</ele>
    </trkpt>
    <trkpt lat="40.13844" lon="15.52956">
      <ele>228.591</ele>
    </trkpt>
    <trkpt lat="40.13863" lon="15.52945">
      <ele>230.617</ele>
    </trkpt>
    <trkpt lat="40.13904" lon="15.52928">
      <ele>232.332</ele>
    </trkpt>
    <trkpt lat="40.1391" lon="15.52923">
      <ele>233.063</ele>
    </trkpt>
    <trkpt lat="40.13914" lon="15.52915">
      <ele>235.284</ele>
    </trkpt>
    <trkpt lat="40.13917" lon="15.52899">
      <ele>240.217</ele>
    </trkpt>
    <trkpt lat="40.13919" lon="15.52892">
      <ele>241.816</ele>
    </trkpt>
    <trkpt lat="40.13923" lon="15.52884">
      <ele>242.181</ele>
    </trkpt>
    <trkpt lat="40.13932" lon="15.52878">
      <ele>240.772</ele>
    </trkpt>
    <trkpt lat="40.13938" lon="15.52874">
      <ele>240.688</ele>
    </trkpt>
    <trkpt lat="40.13943" lon="15.52866">
      <ele>243.565</ele>
    </trkpt>
    <trkpt lat="40.13952" lon="15.52844">
      <ele>251.801</ele>
    </trkpt>
    <trkpt lat="40.13955" lon="15.52839">
      <ele>253.125</ele>
    </trkpt>
    <trkpt lat="40.13966" lon="15.52827">
      <ele>253.759</ele>
    </trkpt>
    <trkpt lat="40.13972" lon="15.52816">
      <ele>254.181</ele>
    </trkpt>
    <trkpt lat="40.13976" lon="15.52803">
      <ele>255.757</ele>
    </trkpt>
    <trkpt lat="40.13976" lon="15.52776">
      <ele>258.882</ele>
    </trkpt>
    <trkpt lat="40.1398" lon="15.52743">
      <ele>262.177</ele>
    </trkpt>
    <trkpt lat="40.13983" lon="15.52731">
      <ele>263.971</ele>
    </trkpt>
    <trkpt lat="40.13994" lon="15.52706">
      <ele>269.146</ele>
    </trkpt>
    <trkpt lat="40.14007" lon="15.52693">
      <ele>272.525</ele>
    </trkpt>
    <trkpt lat="40.14011" lon="15.52688">
      <ele>273.648</ele>
    </trkpt>
    <trkpt lat="40.14021" lon="15.52654">
      <ele>280.447</ele>
    </trkpt>
    <trkpt lat="40.14021" lon="15.52651">
      <ele>280.906</ele>
    </trkpt>
    <trkpt lat="40.14013" lon="15.52641">
      <ele>282.124</ele>
    </trkpt>
    <trkpt lat="40.1401" lon="15.5263">
      <ele>284.574</ele>
    </trkpt>
    <trkpt lat="40.14006" lon="15.52602">
      <ele>291.394</ele>
    </trkpt>
    <trkpt lat="40.14006" lon="15.52596">
      <ele>292.597</ele>
    </trkpt>
    <trkpt lat="40.14034" lon="15.52517">
      <ele>306.017</ele>
    </trkpt>
    <trkpt lat="40.14037" lon="15.52513">
      <ele>307.079</ele>
    </trkpt>
    <trkpt lat="40.14048" lon="15.52506">
      <ele>308.701</ele>
    </trkpt>
    <trkpt lat="40.14052" lon="15.52504">
      <ele>309.102</ele>
    </trkpt>
    <trkpt lat="40.14061" lon="15.52503">
      <ele>309.286</ele>
    </trkpt>
    <trkpt lat="40.14067" lon="15.525">
      <ele>310.0</ele>
    </trkpt>
    <trkpt lat="40.14071" lon="15.52498">
      <ele>310.464</ele>
    </trkpt>
    <trkpt lat="40.14072" lon="15.52497">
      <ele>310.692</ele>
    </trkpt>
    <trkpt lat="40.14072" lon="15.52497">
      <ele>310.692</ele>
    </trkpt>
    <trkpt lat="40.14072" lon="15.52497">
      <ele>310.692</ele>
    </trkpt>
    <trkpt lat="40.14073" lon="15.52495">
      <ele>311.147</ele>
    </trkpt>
    <trkpt lat="40.14073" lon="15.52491">
      <ele>312.065</ele>
    </trkpt>
    <trkpt lat="40.14133" lon="15.52501">
      <ele>313.055</ele>
    </trkpt>
    <trkpt lat="40.14175" lon="15.52512">
      <ele>313.467</ele>
    </trkpt>
    <trkpt lat="40.14217" lon="15.5253">
      <ele>320.552</ele>
    </trkpt>
    <trkpt lat="40.14235" lon="15.52545">
      <ele>320.707</ele>
    </trkpt>
    <trkpt lat="40.1428" lon="15.52593">
      <ele>326.164</ele>
    </trkpt>
    <trkpt lat="40.14315" lon="15.52646">
      <ele>328.825</ele>
    </trkpt>
    <trkpt lat="40.1434" lon="15.52676">
      <ele>326.09</ele>
    </trkpt>
    <trkpt lat="40.14334" lon="15.52675">
      <ele>325.042</ele>
    </trkpt>
    <trkpt lat="40.14333" lon="15.52678">
      <ele>324.127</ele>
    </trkpt>
    <trkpt lat="40.14333" lon="15.52678">
      <ele>324.127</ele>
    </trkpt>
    <trkpt lat="40.14333" lon="15.52678">
      <ele>324.127</ele>
    </trkpt>
    <trkpt lat="40.14333" lon="15.52678">
      <ele>324.127</ele>
    </trkpt>
    <trkpt lat="40.14333" lon="15.52678">
      <ele>324.127</ele>
    </trkpt>
    <trkpt lat="40.14334" lon="15.52675">
      <ele>325.042</ele>
    </trkpt>
    <trkpt lat="40.1434" lon="15.52676">
      <ele>326.09</ele>
    </trkpt>
    <trkpt lat="40.14347" lon="15.52676">
      <ele>327.604</ele>
    </trkpt>
    <trkpt lat="40.14353" lon="15.52679">
      <ele>328.375</ele>
    </trkpt>
    <trkpt lat="40.14377" lon="15.52703">
      <ele>330.024</ele>
    </trkpt>
    <trkpt lat="40.14386" lon="15.52705">
      <ele>331.516</ele>
    </trkpt>
    <trkpt lat="40.14406" lon="15.52698">
      <ele>335.745</ele>
    </trkpt>
    <trkpt lat="40.14417" lon="15.52693">
      <ele>338.32</ele>
    </trkpt>
    <trkpt lat="40.14449" lon="15.52673">
      <ele>347.516</ele>
    </trkpt>
    <trkpt lat="40.14455" lon="15.5267">
      <ele>348.92</ele>
    </trkpt>
    <trkpt lat="40.14462" lon="15.52669">
      <ele>350.108</ele>
    </trkpt>
    <trkpt lat="40.14487" lon="15.52679">
      <ele>352.144</ele>
    </trkpt>
    <trkpt lat="40.14495" lon="15.52679">
      <ele>353.424</ele>
    </trkpt>
    <trkpt lat="40.14518" lon="15.52678">
      <ele>357.224</ele>
    </trkpt>
    <trkpt lat="40.14527" lon="15.5268">
      <ele>358.435</ele>
    </trkpt>
    <trkpt lat="40.14535" lon="15.52684">
      <ele>359.07</ele>
    </trkpt>
    <trkpt lat="40.1454" lon="15.52684">
      <ele>359.723</ele>
    </trkpt>
    <trkpt lat="40.14552" lon="15.52682">
      <ele>361.441</ele>
    </trkpt>
    <trkpt lat="40.14552" lon="15.52682">
      <ele>361.441</ele>
    </trkpt>
    <trkpt lat="40.14552" lon="15.52682">
      <ele>361.441</ele>
    </trkpt>
    <trkpt lat="40.1457" lon="15.52679">
      <ele>363.903</ele>
    </trkpt>
    <trkpt lat="40.14603" lon="15.5267">
      <ele>368.004</ele>
    </trkpt>
    <trkpt lat="40.14623" lon="15.52665">
      <ele>370.558</ele>
    </trkpt>
    <trkpt lat="40.14645" lon="15.52662">
      <ele>374.169</ele>
    </trkpt>
    <trkpt lat="40.14664" lon="15.52669">
      <ele>378.424</ele>
    </trkpt>
    <trkpt lat="40.14671" lon="15.52675">
      <ele>381.886</ele>
    </trkpt>
    <trkpt lat="40.14679" lon="15.52689">
      <ele>386.095</ele>
    </trkpt>
    <trkpt lat="40.14681" lon="15.52695">
      <ele>386.74</ele>
    </trkpt>
    <trkpt lat="40.14685" lon="15.52695">
      <ele>388.9</ele>
    </trkpt>
    <trkpt lat="40.14693" lon="15.52704">
      <ele>393.22</ele>
    </trkpt>
    <trkpt lat="40.14699" lon="15.52708">
      <ele>396.624</ele>
    </trkpt>
    <trkpt lat="40.14702" lon="15.52718">
      <ele>398.352</ele>
    </trkpt>
    <trkpt lat="40.14706" lon="15.5272">
      <ele>400.656</ele>
    </trkpt>
    <trkpt lat="40.14712" lon="15.52711">
      <ele>404.112</ele>
    </trkpt>
    <trkpt lat="40.14714" lon="15.52706">
      <ele>405.264</ele>
    </trkpt>
    <trkpt lat="40.14715" lon="15.52677">
      <ele>407.121</ele>
    </trkpt>
    <trkpt lat="40.14716" lon="15.52671">
      <ele>408.016</ele>
    </trkpt>
    <trkpt lat="40.14717" lon="15.52664">
      <ele>409.032</ele>
    </trkpt>
    <trkpt lat="40.14714" lon="15.52651">
      <ele>409.14</ele>
    </trkpt>
    <trkpt lat="40.14714" lon="15.52651">
      <ele>409.14</ele>
    </trkpt>
    <trkpt lat="40.14714" lon="15.52651">
      <ele>409.14</ele>
    </trkpt>
    <trkpt lat="40.14714" lon="15.52651">
      <ele>409.14</ele>
    </trkpt>
    <trkpt lat="40.14715" lon="15.52647">
      <ele>410.004</ele>
    </trkpt>
    <trkpt lat="40.14721" lon="15.52635">
      <ele>413.91</ele>
    </trkpt>
    <trkpt lat="40.14729" lon="15.52612">
      <ele>420.792</ele>
    </trkpt>
    <trkpt lat="40.14737" lon="15.52575">
      <ele>427.056</ele>
    </trkpt>
    <trkpt lat="40.14743" lon="15.52565">
      <ele>429.89</ele>
    </trkpt>
    <trkpt lat="40.14763" lon="15.52559">
      <ele>437.328</ele>
    </trkpt>
    <trkpt lat="40.14788" lon="15.5254">
      <ele>441.394</ele>
    </trkpt>
    <trkpt lat="40.14793" lon="15.52539">
      <ele>442.029</ele>
    </trkpt>
    <trkpt lat="40.148" lon="15.52541">
      <ele>443.485</ele>
    </trkpt>
    <trkpt lat="40.1481" lon="15.52551">
      <ele>445.915</ele>
    </trkpt>
    <trkpt lat="40.14824" lon="15.52565">
      <ele>449.845</ele>
    </trkpt>
    <trkpt lat="40.1484" lon="15.52576">
      <ele>455.375</ele>
    </trkpt>
    <trkpt lat="40.14854" lon="15.5258">
      <ele>458.137</ele>
    </trkpt>
    <trkpt lat="40.14865" lon="15.52583">
      <ele>460.428</ele>
    </trkpt>
    <trkpt lat="40.1487" lon="15.52584">
      <ele>461.529</ele>
    </trkpt>
    <trkpt lat="40.14895" lon="15.5258">
      <ele>463.586</ele>
    </trkpt>
    <trkpt lat="40.14905" lon="15.52575">
      <ele>463.194</ele>
    </trkpt>
    <trkpt lat="40.14913" lon="15.52566">
      <ele>461.15</ele>
    </trkpt>
    <trkpt lat="40.1492" lon="15.52562">
      <ele>460.716</ele>
    </trkpt>
    <trkpt lat="40.14932" lon="15.52563">
      <ele>462.444</ele>
    </trkpt>
    <trkpt lat="40.14936" lon="15.52567">
      <ele>464.044</ele>
    </trkpt>
    <trkpt lat="40.14936" lon="15.52574">
      <ele>466.038</ele>
    </trkpt>
    <trkpt lat="40.14936" lon="15.52575">
      <ele>466.322</ele>
    </trkpt>
    <trkpt lat="40.14939" lon="15.52578">
      <ele>467.347</ele>
    </trkpt>
    <trkpt lat="40.14945" lon="15.52581">
      <ele>468.517</ele>
    </trkpt>
    <trkpt lat="40.14952" lon="15.52579">
      <ele>469.395</ele>
    </trkpt>
    <trkpt lat="40.14961" lon="15.52582">
      <ele>471.73</ele>
    </trkpt>
    <trkpt lat="40.14971" lon="15.52591">
      <ele>475.209</ele>
    </trkpt>
    <trkpt lat="40.14981" lon="15.52602">
      <ele>478.619</ele>
    </trkpt>
    <trkpt lat="40.14986" lon="15.52615">
      <ele>481.257</ele>
    </trkpt>
    <trkpt lat="40.1499" lon="15.52615">
      <ele>481.71</ele>
    </trkpt>
    <trkpt lat="40.14998" lon="15.5261">
      <ele>481.695</ele>
    </trkpt>
    <trkpt lat="40.15009" lon="15.52609">
      <ele>483.144</ele>
    </trkpt>
    <trkpt lat="40.15013" lon="15.52615">
      <ele>484.581</ele>
    </trkpt>
    <trkpt lat="40.15023" lon="15.52634">
      <ele>488.891</ele>
    </trkpt>
    <trkpt lat="40.15021" lon="15.52651">
      <ele>491.692</ele>
    </trkpt>
    <trkpt lat="40.15013" lon="15.52659">
      <ele>492.556</ele>
    </trkpt>
    <trkpt lat="40.15012" lon="15.52663">
      <ele>493.204</ele>
    </trkpt>
    <trkpt lat="40.15012" lon="15.52663">
      <ele>493.204</ele>
    </trkpt>
    <trkpt lat="40.15012" lon="15.52663">
      <ele>493.204</ele>
    </trkpt>
    <trkpt lat="40.15016" lon="15.52664">
      <ele>493.672</ele>
    </trkpt>
    <trkpt lat="40.15023" lon="15.52663">
      <ele>493.996</ele>
    </trkpt>
    <trkpt lat="40.15025" lon="15.52665">
      <ele>494.5</ele>
    </trkpt>
    <trkpt lat="40.15019" lon="15.52679">
      <ele>496.588</ele>
    </trkpt>
    <trkpt lat="40.15005" lon="15.52701">
      <ele>499.304</ele>
    </trkpt>
    <trkpt lat="40.15" lon="15.52715">
      <ele>500.96</ele>
    </trkpt>
    <trkpt lat="40.15" lon="15.5272">
      <ele>501.68</ele>
    </trkpt>
    <trkpt lat="40.14998" lon="15.52723">
      <ele>502.07</ele>
    </trkpt>
    <trkpt lat="40.14989" lon="15.5272">
      <ele>501.221</ele>
    </trkpt>
    <trkpt lat="40.14986" lon="15.52723">
      <ele>501.65</ele>
    </trkpt>
    <trkpt lat="40.14984" lon="15.52729">
      <ele>502.785</ele>
    </trkpt>
    <trkpt lat="40.14974" lon="15.52739">
      <ele>504.649</ele>
    </trkpt>
    <trkpt lat="40.14968" lon="15.5275">
      <ele>507.304</ele>
    </trkpt>
    <trkpt lat="40.1496" lon="15.52754">
      <ele>508.681</ele>
    </trkpt>
    <trkpt lat="40.14941" lon="15.52777">
      <ele>513.86</ele>
    </trkpt>
    <trkpt lat="40.14939" lon="15.52778">
      <ele>514.046</ele>
    </trkpt>
    <trkpt lat="40.14927" lon="15.52762">
      <ele>511.16</ele>
    </trkpt>
    <trkpt lat="40.14915" lon="15.5276">
      <ele>510.8</ele>
    </trkpt>
    <trkpt lat="40.14898" lon="15.52761">
      <ele>510.98</ele>
    </trkpt>
    <trkpt lat="40.14881" lon="15.52764">
      <ele>511.379</ele>
    </trkpt>
    <trkpt lat="40.1487" lon="15.52762">
      <ele>510.774</ele>
    </trkpt>
    <trkpt lat="40.14862" lon="15.52756">
      <ele>509.321</ele>
    </trkpt>
    <trkpt lat="40.14861" lon="15.52759">
      <ele>509.936</ele>
    </trkpt>
    <trkpt lat="40.14863" lon="15.5279">
      <ele>515.79</ele>
    </trkpt>
    <trkpt lat="40.14862" lon="15.52809">
      <ele>518.292</ele>
    </trkpt>
    <trkpt lat="40.14855" lon="15.52826">
      <ele>516.948</ele>
    </trkpt>
    <trkpt lat="40.14856" lon="15.52829">
      <ele>517.537</ele>
    </trkpt>
    <trkpt lat="40.14864" lon="15.52833">
      <ele>520.388</ele>
    </trkpt>
    <trkpt lat="40.14854" lon="15.52847">
      <ele>520.006</ele>
    </trkpt>
    <trkpt lat="40.14854" lon="15.5286">
      <ele>522.934</ele>
    </trkpt>
    <trkpt lat="40.1486" lon="15.52862">
      <ele>525.621</ele>
    </trkpt>
    <trkpt lat="40.14854" lon="15.52895">
      <ele>523.945</ele>
    </trkpt>
    <trkpt lat="40.14857" lon="15.529">
      <ele>525.143</ele>
    </trkpt>
    <trkpt lat="40.14869" lon="15.5292">
      <ele>528.042</ele>
    </trkpt>
    <trkpt lat="40.1488" lon="15.52942">
      <ele>528.612</ele>
    </trkpt>
    <trkpt lat="40.14891" lon="15.52977">
      <ele>532.78</ele>
    </trkpt>
    <trkpt lat="40.14892" lon="15.52988">
      <ele>533.464</ele>
    </trkpt>
    <trkpt lat="40.14905" lon="15.52994">
      <ele>537.424</ele>
    </trkpt>
    <trkpt lat="40.14905" lon="15.52998">
      <ele>537.568</ele>
    </trkpt>
    <trkpt lat="40.14898" lon="15.53014">
      <ele>535.616</ele>
    </trkpt>
    <trkpt lat="40.14902" lon="15.53038">
      <ele>537.366</ele>
    </trkpt>
    <trkpt lat="40.14906" lon="15.53059">
      <ele>539.373</ele>
    </trkpt>
    <trkpt lat="40.14905" lon="15.53072">
      <ele>538.806</ele>
    </trkpt>
    <trkpt lat="40.14906" lon="15.53088">
      <ele>538.839</ele>
    </trkpt>
    <trkpt lat="40.14898" lon="15.53103">
      <ele>533.028</ele>
    </trkpt>
    <trkpt lat="40.149" lon="15.53123">
      <ele>531.859</ele>
    </trkpt>
    <trkpt lat="40.14902" lon="15.53148">
      <ele>529.384</ele>
    </trkpt>
    <trkpt lat="40.1491" lon="15.53164">
      <ele>531.4</ele>
    </trkpt>
    <trkpt lat="40.14914" lon="15.5318">
      <ele>530.534</ele>
    </trkpt>
    <trkpt lat="40.14921" lon="15.53205">
      <ele>530.453</ele>
    </trkpt>
    <trkpt lat="40.14925" lon="15.53262">
      <ele>526.758</ele>
    </trkpt>
    <trkpt lat="40.14937" lon="15.53289">
      <ele>533.671</ele>
    </trkpt>
    <trkpt lat="40.14948" lon="15.53391">
      <ele>529.138</ele>
    </trkpt>
    <trkpt lat="40.14956" lon="15.53411">
      <ele>532.051</ele>
    </trkpt>
    <trkpt lat="40.14972" lon="15.53436">
      <ele>540.724</ele>
    </trkpt>
    <trkpt lat="40.14976" lon="15.53447">
      <ele>541.26</ele>
    </trkpt>
    <trkpt lat="40.14974" lon="15.53479">
      <ele>531.944</ele>
    </trkpt>
    <trkpt lat="40.14979" lon="15.53493">
      <ele>530.432</ele>
    </trkpt>
    <trkpt lat="40.15001" lon="15.53511">
      <ele>536.343</ele>
    </trkpt>
    <trkpt lat="40.15018" lon="15.53512">
      <ele>544.704</ele>
    </trkpt>
    <trkpt lat="40.15025" lon="15.53518">
      <ele>546.15</ele>
    </trkpt>
    <trkpt lat="40.15039" lon="15.53548">
      <ele>545.074</ele>
    </trkpt>
    <trkpt lat="40.15043" lon="15.5356">
      <ele>544.42</ele>
    </trkpt>
    <trkpt lat="40.15043" lon="15.5356">
      <ele>544.42</ele>
    </trkpt>
    <trkpt lat="40.15043" lon="15.5356">
      <ele>544.42</ele>
    </trkpt>
    <trkpt lat="40.15048" lon="15.53575">
      <ele>544.42</ele>
    </trkpt>
    <trkpt lat="40.15056" lon="15.53594">
      <ele>544.166</ele>
    </trkpt>
    <trkpt lat="40.15068" lon="15.53607">
      <ele>546.207</ele>
    </trkpt>
    <trkpt lat="40.15087" lon="15.53632">
      <ele>547.31</ele>
    </trkpt>
    <trkpt lat="40.15106" lon="15.5367">
      <ele>546.292</ele>
    </trkpt>
    <trkpt lat="40.15118" lon="15.53709">
      <ele>543.366</ele>
    </trkpt>
    <trkpt lat="40.15133" lon="15.53742">
      <ele>542.899</ele>
    </trkpt>
    <trkpt lat="40.15157" lon="15.53774">
      <ele>547.317</ele>
    </trkpt>
    <trkpt lat="40.15168" lon="15.53792">
      <ele>548.114</ele>
    </trkpt>
    <trkpt lat="40.1518" lon="15.53827">
      <ele>543.521</ele>
    </trkpt>
    <trkpt lat="40.1519" lon="15.53854">
      <ele>544.778</ele>
    </trkpt>
    <trkpt lat="40.15195" lon="15.53874">
      <ele>542.202</ele>
    </trkpt>
    <trkpt lat="40.15204" lon="15.53887">
      <ele>542.823</ele>
    </trkpt>
    <trkpt lat="40.1521" lon="15.53896">
      <ele>544.063</ele>
    </trkpt>
    <trkpt lat="40.15225" lon="15.53894">
      <ele>553.749</ele>
    </trkpt>
    <trkpt lat="40.15234" lon="15.53903">
      <ele>555.115</ele>
    </trkpt>
    <trkpt lat="40.15236" lon="15.53914">
      <ele>553.529</ele>
    </trkpt>
    <trkpt lat="40.15239" lon="15.53935">
      <ele>550.288</ele>
    </trkpt>
    <trkpt lat="40.15243" lon="15.5394">
      <ele>550.936</ele>
    </trkpt>
    <trkpt lat="40.1526" lon="15.53943">
      <ele>555.472</ele>
    </trkpt>
    <trkpt lat="40.15265" lon="15.53951">
      <ele>554.697</ele>
    </trkpt>
    <trkpt lat="40.15267" lon="15.53964">
      <ele>552.017</ele>
    </trkpt>
    <trkpt lat="40.15282" lon="15.53969">
      <ele>553.268</ele>
    </trkpt>
    <trkpt lat="40.15287" lon="15.53975">
      <ele>552.129</ele>
    </trkpt>
    <trkpt lat="40.15287" lon="15.53975">
      <ele>552.129</ele>
    </trkpt>
    <trkpt lat="40.15287" lon="15.53975">
      <ele>552.129</ele>
    </trkpt>
    <trkpt lat="40.15292" lon="15.53982">
      <ele>550.737</ele>
    </trkpt>
    <trkpt lat="40.15295" lon="15.53994">
      <ele>547.964</ele>
    </trkpt>
    <trkpt lat="40.15303" lon="15.54032">
      <ele>544.794</ele>
    </trkpt>
    <trkpt lat="40.15305" lon="15.54056">
      <ele>550.869</ele>
    </trkpt>
    <trkpt lat="40.15313" lon="15.54068">
      <ele>556.34</ele>
    </trkpt>
    <trkpt lat="40.15324" lon="15.54078">
      <ele>561.575</ele>
    </trkpt>
    <trkpt lat="40.15326" lon="15.54087">
      <ele>564.437</ele>
    </trkpt>
    <trkpt lat="40.1533" lon="15.54091">
      <ele>566.455</ele>
    </trkpt>
    <trkpt lat="40.1534" lon="15.54094">
      <ele>569.272</ele>
    </trkpt>
    <trkpt lat="40.15348" lon="15.54089">
      <ele>569.272</ele>
    </trkpt>
    <trkpt lat="40.15361" lon="15.54089">
      <ele>571.612</ele>
    </trkpt>
    <trkpt lat="40.15365" lon="15.54095">
      <ele>574.304</ele>
    </trkpt>
    <trkpt lat="40.15363" lon="15.54104">
      <ele>576.344</ele>
    </trkpt>
    <trkpt lat="40.15356" lon="15.54104">
      <ele>575.032</ele>
    </trkpt>
    <trkpt lat="40.1535" lon="15.54109">
      <ele>575.392</ele>
    </trkpt>
    <trkpt lat="40.1534" lon="15.54125">
      <ele>578.32</ele>
    </trkpt>
    <trkpt lat="40.15339" lon="15.5413">
      <ele>579.599</ele>
    </trkpt>
    <trkpt lat="40.15346" lon="15.54138">
      <ele>583.465</ele>
    </trkpt>
    <trkpt lat="40.15357" lon="15.54163">
      <ele>593.796</ele>
    </trkpt>
    <trkpt lat="40.15366" lon="15.54169">
      <ele>597.23</ele>
    </trkpt>
    <trkpt lat="40.15391" lon="15.54159">
      <ele>597.172</ele>
    </trkpt>
    <trkpt lat="40.15399" lon="15.54154">
      <ele>597.172</ele>
    </trkpt>
    <trkpt lat="40.15399" lon="15.54154">
      <ele>597.172</ele>
    </trkpt>
    <trkpt lat="40.15399" lon="15.54154">
      <ele>597.172</ele>
    </trkpt>
    <trkpt lat="40.15409" lon="15.54147">
      <ele>596.956</ele>
    </trkpt>
    <trkpt lat="40.1544" lon="15.54096">
      <ele>593.617</ele>
    </trkpt>
    <trkpt lat="40.15465" lon="15.54063">
      <ele>596.182</ele>
    </trkpt>
    <trkpt lat="40.15517" lon="15.54023">
      <ele>590.284</ele>
    </trkpt>
    <trkpt lat="40.15557" lon="15.54014">
      <ele>591.272</ele>
    </trkpt>
    <trkpt lat="40.15623" lon="15.54008">
      <ele>597.053</ele>
    </trkpt>
    <trkpt lat="40.15659" lon="15.53995">
      <ele>599.735</ele>
    </trkpt>
    <trkpt lat="40.15702" lon="15.53979">
      <ele>591.971</ele>
    </trkpt>
    <trkpt lat="40.15744" lon="15.5397">
      <ele>594.744</ele>
    </trkpt>
    <trkpt lat="40.15784" lon="15.53961">
      <ele>595.495</ele>
    </trkpt>
    <trkpt lat="40.15784" lon="15.53961">
      <ele>595.495</ele>
    </trkpt>
    <trkpt lat="40.15784" lon="15.53961">
      <ele>595.495</ele>
    </trkpt>
    <trkpt lat="40.15789" lon="15.5396">
      <ele>595.824</ele>
    </trkpt>
    <trkpt lat="40.15815" lon="15.53943">
      <ele>593.522</ele>
    </trkpt>
    <trkpt lat="40.15836" lon="15.53915">
      <ele>589.708</ele>
    </trkpt>
    <trkpt lat="40.15885" lon="15.53861">
      <ele>587.122</ele>
    </trkpt>
    <trkpt lat="40.15921" lon="15.53829">
      <ele>588.712</ele>
    </trkpt>
    <trkpt lat="40.15963" lon="15.5379">
      <ele>583.076</ele>
    </trkpt>
    <trkpt lat="40.15975" lon="15.53786">
      <ele>582.894</ele>
    </trkpt>
    <trkpt lat="40.16014" lon="15.53795">
      <ele>589.406</ele>
    </trkpt>
    <trkpt lat="40.16034" lon="15.53792">
      <ele>584.819</ele>
    </trkpt>
    <trkpt lat="40.16053" lon="15.53786">
      <ele>578.066</ele>
    </trkpt>
    <trkpt lat="40.16063" lon="15.53798">
      <ele>580.373</ele>
    </trkpt>
    <trkpt lat="40.16063" lon="15.53817">
      <ele>587.152</ele>
    </trkpt>
    <trkpt lat="40.16076" lon="15.53821">
      <ele>584.56</ele>
    </trkpt>
    <trkpt lat="40.16167" lon="15.539">
      <ele>582.013</ele>
    </trkpt>
    <trkpt lat="40.16181" lon="15.53913">
      <ele>579.343</ele>
    </trkpt>
    <trkpt lat="40.16245" lon="15.53952">
      <ele>562.24</ele>
    </trkpt>
    <trkpt lat="40.16263" lon="15.53969">
      <ele>559.342</ele>
    </trkpt>
    <trkpt lat="40.16281" lon="15.5399">
      <ele>556.76</ele>
    </trkpt>
    <trkpt lat="40.16302" lon="15.54012">
      <ele>554.864</ele>
    </trkpt>
    <trkpt lat="40.16323" lon="15.54049">
      <ele>555.48</ele>
    </trkpt>
    <trkpt lat="40.16335" lon="15.54069">
      <ele>553.578</ele>
    </trkpt>
    <trkpt lat="40.16374" lon="15.54109">
      <ele>545.793</ele>
    </trkpt>
    <trkpt lat="40.16394" lon="15.54126">
      <ele>543.011</ele>
    </trkpt>
    <trkpt lat="40.16432" lon="15.54151">
      <ele>539.264</ele>
    </trkpt>
    <trkpt lat="40.16448" lon="15.5416">
      <ele>537.395</ele>
    </trkpt>
    <trkpt lat="40.16462" lon="15.54172">
      <ele>536.26</ele>
    </trkpt>
    <trkpt lat="40.16477" lon="15.54193">
      <ele>539.529</ele>
    </trkpt>
    <trkpt lat="40.165" lon="15.54212">
      <ele>534.584</ele>
    </trkpt>
    <trkpt lat="40.16513" lon="15.54222">
      <ele>531.412</ele>
    </trkpt>
    <trkpt lat="40.16545" lon="15.54245">
      <ele>525.177</ele>
    </trkpt>
    <trkpt lat="40.16554" lon="15.54252">
      <ele>524.684</ele>
    </trkpt>
    <trkpt lat="40.16554" lon="15.54252">
      <ele>524.684</ele>
    </trkpt>
    <trkpt lat="40.16554" lon="15.54252">
      <ele>524.684</ele>
    </trkpt>
    <trkpt lat="40.16583" lon="15.54274">
      <ele>524.094</ele>
    </trkpt>
    <trkpt lat="40.16614" lon="15.54287">
      <ele>515.721</ele>
    </trkpt>
    <trkpt lat="40.16651" lon="15.54325">
      <ele>510.724</ele>
    </trkpt>
    <trkpt lat="40.1666" lon="15.54335">
      <ele>509.289</ele>
    </trkpt>
    <trkpt lat="40.16673" lon="15.54368">
      <ele>507.46</ele>
    </trkpt>
    <trkpt lat="40.16675" lon="15.54383">
      <ele>506.488</ele>
    </trkpt>
    <trkpt lat="40.16689" lon="15.54417">
      <ele>496.159</ele>
    </trkpt>
    <trkpt lat="40.16704" lon="15.54447">
      <ele>490.656</ele>
    </trkpt>
    <trkpt lat="40.16709" lon="15.54472">
      <ele>486.156</ele>
    </trkpt>
    <trkpt lat="40.16704" lon="15.5449">
      <ele>482.88</ele>
    </trkpt>
    <trkpt lat="40.16703" lon="15.54498">
      <ele>480.672</ele>
    </trkpt>
    <trkpt lat="40.16705" lon="15.54501">
      <ele>478.515</ele>
    </trkpt>
    <trkpt lat="40.16708" lon="15.54499">
      <ele>477.981</ele>
    </trkpt>
    <trkpt lat="40.1672" lon="15.54494">
      <ele>473.803</ele>
    </trkpt>
    <trkpt lat="40.16727" lon="15.54481">
      <ele>475.214</ele>
    </trkpt>
    <trkpt lat="40.1673" lon="15.54476">
      <ele>475.914</ele>
    </trkpt>
    <trkpt lat="40.16736" lon="15.54462">
      <ele>475.899</ele>
    </trkpt>
    <trkpt lat="40.16741" lon="15.54458">
      <ele>474.6</ele>
    </trkpt>
    <trkpt lat="40.16743" lon="15.54456">
      <ele>474.058</ele>
    </trkpt>
    <trkpt lat="40.16747" lon="15.54453">
      <ele>472.905</ele>
    </trkpt>
    <trkpt lat="40.16759" lon="15.54445">
      <ele>470.38</ele>
    </trkpt>
    <trkpt lat="40.16767" lon="15.5444">
      <ele>468.31</ele>
    </trkpt>
    <trkpt lat="40.16777" lon="15.54436">
      <ele>466.489</ele>
    </trkpt>
    <trkpt lat="40.16798" lon="15.54426">
      <ele>463.482</ele>
    </trkpt>
    <trkpt lat="40.16814" lon="15.54414">
      <ele>459.884</ele>
    </trkpt>
    <trkpt lat="40.16814" lon="15.54414">
      <ele>459.884</ele>
    </trkpt>
    <trkpt lat="40.16814" lon="15.54414">
      <ele>459.884</ele>
    </trkpt>
    <trkpt lat="40.16829" lon="15.54402">
      <ele>456.164</ele>
    </trkpt>
    <trkpt lat="40.16911" lon="15.54355">
      <ele>443.992</ele>
    </trkpt>
    <trkpt lat="40.1692" lon="15.54349">
      <ele>442.67</ele>
    </trkpt>
    <trkpt lat="40.16926" lon="15.54345">
      <ele>441.798</ele>
    </trkpt>
    <trkpt lat="40.16968" lon="15.54307">
      <ele>436.855</ele>
    </trkpt>
    <trkpt lat="40.16989" lon="15.54287">
      <ele>433.793</ele>
    </trkpt>
    <trkpt lat="40.16994" lon="15.54286">
      <ele>433.496</ele>
    </trkpt>
    <trkpt lat="40.17003" lon="15.54294">
      <ele>431.816</ele>
    </trkpt>
    <trkpt lat="40.17008" lon="15.54292">
      <ele>431.312</ele>
    </trkpt>
    <trkpt lat="40.17015" lon="15.54289">
      <ele>430.628</ele>
    </trkpt>
    <trkpt lat="40.17025" lon="15.5429">
      <ele>429.08</ele>
    </trkpt>
    <trkpt lat="40.17031" lon="15.54288">
      <ele>428.939</ele>
    </trkpt>
    <trkpt lat="40.17031" lon="15.54288">
      <ele>428.939</ele>
    </trkpt>
    <trkpt lat="40.17031" lon="15.54288">
      <ele>428.939</ele>
    </trkpt>
    <trkpt lat="40.17038" lon="15.54278">
      <ele>429.979</ele>
    </trkpt>
    <trkpt lat="40.17047" lon="15.54291">
      <ele>428.901</ele>
    </trkpt>
    <trkpt lat="40.17068" lon="15.54324">
      <ele>425.641</ele>
    </trkpt>
    <trkpt lat="40.17077" lon="15.54335">
      <ele>424.458</ele>
    </trkpt>
    <trkpt lat="40.17103" lon="15.54353">
      <ele>422.669</ele>
    </trkpt>
    <trkpt lat="40.17109" lon="15.54355">
      <ele>422.745</ele>
    </trkpt>
    <trkpt lat="40.17118" lon="15.54353">
      <ele>422.672</ele>
    </trkpt>
    <trkpt lat="40.17125" lon="15.5435">
      <ele>422.6</ele>
    </trkpt>
    <trkpt lat="40.17135" lon="15.54338">
      <ele>423.608</ele>
    </trkpt>
    <trkpt lat="40.17144" lon="15.54324">
      <ele>424.06</ele>
    </trkpt>
    <trkpt lat="40.17144" lon="15.54324">
      <ele>424.06</ele>
    </trkpt>
    <trkpt lat="40.17144" lon="15.54324">
      <ele>424.06</ele>
    </trkpt>
    <trkpt lat="40.17153" lon="15.54312">
      <ele>424.284</ele>
    </trkpt>
    <trkpt lat="40.17173" lon="15.54291">
      <ele>425.344</ele>
    </trkpt>
    <trkpt lat="40.17183" lon="15.54285">
      <ele>425.632</ele>
    </trkpt>
    <trkpt lat="40.17194" lon="15.54283">
      <ele>425.452</ele>
    </trkpt>
    <trkpt lat="40.17207" lon="15.54287">
      <ele>425.154</ele>
    </trkpt>
    <trkpt lat="40.1722" lon="15.54298">
      <ele>424.486</ele>
    </trkpt>
    <trkpt lat="40.1724" lon="15.5432">
      <ele>422.893</ele>
    </trkpt>
    <trkpt lat="40.17245" lon="15.54323">
      <ele>422.823</ele>
    </trkpt>
    <trkpt lat="40.17255" lon="15.54324">
      <ele>422.948</ele>
    </trkpt>
    <trkpt lat="40.17255" lon="15.54324">
      <ele>422.948</ele>
    </trkpt>
    <trkpt lat="40.17255" lon="15.54324">
      <ele>422.948</ele>
    </trkpt>
    <trkpt lat="40.17255" lon="15.54352">
      <ele>422.242</ele>
    </trkpt>
    <trkpt lat="40.17255" lon="15.54389">
      <ele>423.545</ele>
    </trkpt>
  </trkseg>
</trk>
<trk>
  <name>CSN 5 - CASELLE ROFRANO PULITA</name>
  <trkseg>
    <trkpt lat="40.17255" lon="15.54385">
      <ele>423.375</ele>
    </trkpt>
    <trkpt lat="40.17255" lon="15.54385">
      <ele>423.375</ele>
    </trkpt>
    <trkpt lat="40.17255" lon="15.54352">
      <ele>422.242</ele>
    </trkpt>
    <trkpt lat="40.17255" lon="15.54324">
      <ele>422.948</ele>
    </trkpt>
    <trkpt lat="40.17255" lon="15.54279">
      <ele>426.732</ele>
    </trkpt>
    <trkpt lat="40.17255" lon="15.54279">
      <ele>426.732</ele>
    </trkpt>
    <trkpt lat="40.17255" lon="15.54279">
      <ele>426.732</ele>
    </trkpt>
    <trkpt lat="40.17255" lon="15.54243">
      <ele>427.072</ele>
    </trkpt>
    <trkpt lat="40.17256" lon="15.54234">
      <ele>427.36</ele>
    </trkpt>
    <trkpt lat="40.17276" lon="15.54211">
      <ele>427.769</ele>
    </trkpt>
    <trkpt lat="40.17293" lon="15.54192">
      <ele>429.477</ele>
    </trkpt>
    <trkpt lat="40.17342" lon="15.54141">
      <ele>433.553</ele>
    </trkpt>
    <trkpt lat="40.17342" lon="15.54141">
      <ele>433.553</ele>
    </trkpt>
    <trkpt lat="40.17342" lon="15.54141">
      <ele>433.553</ele>
    </trkpt>
    <trkpt lat="40.17365" lon="15.54117">
      <ele>435.191</ele>
    </trkpt>
    <trkpt lat="40.17373" lon="15.54105">
      <ele>435.793</ele>
    </trkpt>
    <trkpt lat="40.1738" lon="15.54091">
      <ele>436.881</ele>
    </trkpt>
    <trkpt lat="40.17383" lon="15.54075">
      <ele>437.664</ele>
    </trkpt>
    <trkpt lat="40.17405" lon="15.53984">
      <ele>441.674</ele>
    </trkpt>
    <trkpt lat="40.17411" lon="15.5396">
      <ele>443.336</ele>
    </trkpt>
    <trkpt lat="40.17411" lon="15.5396">
      <ele>443.336</ele>
    </trkpt>
    <trkpt lat="40.17411" lon="15.5396">
      <ele>443.336</ele>
    </trkpt>
    <trkpt lat="40.17415" lon="15.53942">
      <ele>443.552</ele>
    </trkpt>
    <trkpt lat="40.17437" lon="15.5392">
      <ele>446.516</ele>
    </trkpt>
    <trkpt lat="40.17452" lon="15.5391">
      <ele>448.164</ele>
    </trkpt>
    <trkpt lat="40.17474" lon="15.53906">
      <ele>448.393</ele>
    </trkpt>
    <trkpt lat="40.17497" lon="15.53897">
      <ele>448.419</ele>
    </trkpt>
    <trkpt lat="40.17505" lon="15.53893">
      <ele>448.905</ele>
    </trkpt>
    <trkpt lat="40.17505" lon="15.53893">
      <ele>448.905</ele>
    </trkpt>
    <trkpt lat="40.17505" lon="15.53893">
      <ele>448.905</ele>
    </trkpt>
    <trkpt lat="40.17514" lon="15.53888">
      <ele>449.624</ele>
    </trkpt>
    <trkpt lat="40.17591" lon="15.53843">
      <ele>456.788</ele>
    </trkpt>
    <trkpt lat="40.17608" lon="15.53834">
      <ele>458.771</ele>
    </trkpt>
    <trkpt lat="40.17627" lon="15.53827">
      <ele>458.059</ele>
    </trkpt>
    <trkpt lat="40.17651" lon="15.53824">
      <ele>456.918</ele>
    </trkpt>
    <trkpt lat="40.1767" lon="15.53824">
      <ele>456.185</ele>
    </trkpt>
    <trkpt lat="40.17715" lon="15.53826">
      <ele>457.944</ele>
    </trkpt>
    <trkpt lat="40.17742" lon="15.53833">
      <ele>458.24</ele>
    </trkpt>
    <trkpt lat="40.17742" lon="15.53833">
      <ele>458.24</ele>
    </trkpt>
    <trkpt lat="40.17742" lon="15.53833">
      <ele>458.24</ele>
    </trkpt>
    <trkpt lat="40.17742" lon="15.53833">
      <ele>458.24</ele>
    </trkpt>
    <trkpt lat="40.17771" lon="15.53843">
      <ele>457.762</ele>
    </trkpt>
    <trkpt lat="40.17844" lon="15.53866">
      <ele>460.519</ele>
    </trkpt>
    <trkpt lat="40.17875" lon="15.53879">
      <ele>462.932</ele>
    </trkpt>
    <trkpt lat="40.17913" lon="15.53901">
      <ele>466.621</ele>
    </trkpt>
    <trkpt lat="40.17936" lon="15.53911">
      <ele>468.804</ele>
    </trkpt>
    <trkpt lat="40.18057" lon="15.53947">
      <ele>480.477</ele>
    </trkpt>
    <trkpt lat="40.18095" lon="15.53942">
      <ele>483.748</ele>
    </trkpt>
    <trkpt lat="40.18129" lon="15.53934">
      <ele>488.716</ele>
    </trkpt>
    <trkpt lat="40.18146" lon="15.53925">
      <ele>490.07</ele>
    </trkpt>
    <trkpt lat="40.18167" lon="15.53915">
      <ele>491.821</ele>
    </trkpt>
    <trkpt lat="40.18167" lon="15.53915">
      <ele>491.821</ele>
    </trkpt>
    <trkpt lat="40.18167" lon="15.53915">
      <ele>491.821</ele>
    </trkpt>
    <trkpt lat="40.18197" lon="15.53901">
      <ele>496.292</ele>
    </trkpt>
    <trkpt lat="40.1821" lon="15.53892">
      <ele>497.961</ele>
    </trkpt>
    <trkpt lat="40.18219" lon="15.53882">
      <ele>498.895</ele>
    </trkpt>
    <trkpt lat="40.18236" lon="15.53854">
      <ele>499.47</ele>
    </trkpt>
    <trkpt lat="40.18269" lon="15.53795">
      <ele>502.4</ele>
    </trkpt>
    <trkpt lat="40.18317" lon="15.53744">
      <ele>504.216</ele>
    </trkpt>
    <trkpt lat="40.18338" lon="15.53726">
      <ele>505.181</ele>
    </trkpt>
    <trkpt lat="40.18349" lon="15.53717">
      <ele>505.024</ele>
    </trkpt>
    <trkpt lat="40.18359" lon="15.53708">
      <ele>505.434</ele>
    </trkpt>
    <trkpt lat="40.18377" lon="15.53679">
      <ele>504.364</ele>
    </trkpt>
    <trkpt lat="40.1839" lon="15.53658">
      <ele>503.932</ele>
    </trkpt>
    <trkpt lat="40.18398" lon="15.53634">
      <ele>503.79</ele>
    </trkpt>
    <trkpt lat="40.18403" lon="15.5361">
      <ele>503.964</ele>
    </trkpt>
    <trkpt lat="40.18404" lon="15.53596">
      <ele>503.664</ele>
    </trkpt>
    <trkpt lat="40.18408" lon="15.53487">
      <ele>502.688</ele>
    </trkpt>
    <trkpt lat="40.18411" lon="15.53471">
      <ele>502.752</ele>
    </trkpt>
    <trkpt lat="40.18425" lon="15.53442">
      <ele>501.638</ele>
    </trkpt>
    <trkpt lat="40.18447" lon="15.53407">
      <ele>500.468</ele>
    </trkpt>
    <trkpt lat="40.18455" lon="15.53398">
      <ele>499.568</ele>
    </trkpt>
    <trkpt lat="40.18464" lon="15.53394">
      <ele>498.776</ele>
    </trkpt>
    <trkpt lat="40.18479" lon="15.53394">
      <ele>497.696</ele>
    </trkpt>
    <trkpt lat="40.18509" lon="15.53403">
      <ele>495.695</ele>
    </trkpt>
    <trkpt lat="40.18524" lon="15.53403">
      <ele>494.341</ele>
    </trkpt>
    <trkpt lat="40.18536" lon="15.53402">
      <ele>492.537</ele>
    </trkpt>
    <trkpt lat="40.18582" lon="15.53391">
      <ele>485.016</ele>
    </trkpt>
    <trkpt lat="40.18595" lon="15.53383">
      <ele>483.833</ele>
    </trkpt>
    <trkpt lat="40.18607" lon="15.53375">
      <ele>483.018</ele>
    </trkpt>
    <trkpt lat="40.18627" lon="15.5336">
      <ele>482.324</ele>
    </trkpt>
    <trkpt lat="40.1864" lon="15.53353">
      <ele>481.184</ele>
    </trkpt>
    <trkpt lat="40.1865" lon="15.53351">
      <ele>480.31</ele>
    </trkpt>
    <trkpt lat="40.18666" lon="15.53351">
      <ele>478.791</ele>
    </trkpt>
    <trkpt lat="40.18728" lon="15.53362">
      <ele>475.629</ele>
    </trkpt>
    <trkpt lat="40.18772" lon="15.53373">
      <ele>472.455</ele>
    </trkpt>
    <trkpt lat="40.1878" lon="15.53375">
      <ele>472.0</ele>
    </trkpt>
    <trkpt lat="40.1878" lon="15.53375">
      <ele>472.0</ele>
    </trkpt>
    <trkpt lat="40.1878" lon="15.53375">
      <ele>472.0</ele>
    </trkpt>
    <trkpt lat="40.18787" lon="15.53376">
      <ele>472.12</ele>
    </trkpt>
    <trkpt lat="40.18835" lon="15.53376">
      <ele>470.836</ele>
    </trkpt>
    <trkpt lat="40.18846" lon="15.53378">
      <ele>470.051</ele>
    </trkpt>
    <trkpt lat="40.1886" lon="15.53382">
      <ele>468.814</ele>
    </trkpt>
    <trkpt lat="40.18869" lon="15.53385">
      <ele>467.568</ele>
    </trkpt>
    <trkpt lat="40.18881" lon="15.53384">
      <ele>466.38</ele>
    </trkpt>
    <trkpt lat="40.18896" lon="15.5338">
      <ele>465.274</ele>
    </trkpt>
    <trkpt lat="40.18912" lon="15.53373">
      <ele>464.696</ele>
    </trkpt>
    <trkpt lat="40.18924" lon="15.53365">
      <ele>464.685</ele>
    </trkpt>
    <trkpt lat="40.18938" lon="15.5335">
      <ele>465.203</ele>
    </trkpt>
    <trkpt lat="40.18945" lon="15.53346">
      <ele>465.145</ele>
    </trkpt>
    <trkpt lat="40.18952" lon="15.53344">
      <ele>465.024</ele>
    </trkpt>
    <trkpt lat="40.18973" lon="15.53342">
      <ele>463.896</ele>
    </trkpt>
    <trkpt lat="40.18987" lon="15.53343">
      <ele>460.764</ele>
    </trkpt>
    <trkpt lat="40.19035" lon="15.53326">
      <ele>452.513</ele>
    </trkpt>
    <trkpt lat="40.19056" lon="15.53323">
      <ele>452.326</ele>
    </trkpt>
    <trkpt lat="40.19063" lon="15.5332">
      <ele>453.241</ele>
    </trkpt>
    <trkpt lat="40.19074" lon="15.53313">
      <ele>454.678</ele>
    </trkpt>
    <trkpt lat="40.19097" lon="15.53303">
      <ele>456.755</ele>
    </trkpt>
    <trkpt lat="40.19107" lon="15.533">
      <ele>457.134</ele>
    </trkpt>
    <trkpt lat="40.19118" lon="15.53298">
      <ele>457.613</ele>
    </trkpt>
    <trkpt lat="40.1913" lon="15.53299">
      <ele>458.492</ele>
    </trkpt>
    <trkpt lat="40.19143" lon="15.53297">
      <ele>458.722</ele>
    </trkpt>
    <trkpt lat="40.19156" lon="15.53292">
      <ele>457.747</ele>
    </trkpt>
    <trkpt lat="40.19208" lon="15.53267">
      <ele>456.739</ele>
    </trkpt>
    <trkpt lat="40.19226" lon="15.53255">
      <ele>456.784</ele>
    </trkpt>
    <trkpt lat="40.19237" lon="15.53241">
      <ele>455.564</ele>
    </trkpt>
    <trkpt lat="40.19249" lon="15.53224">
      <ele>454.17</ele>
    </trkpt>
    <trkpt lat="40.19256" lon="15.53216">
      <ele>453.952</ele>
    </trkpt>
    <trkpt lat="40.19256" lon="15.53216">
      <ele>453.952</ele>
    </trkpt>
    <trkpt lat="40.19256" lon="15.53216">
      <ele>453.952</ele>
    </trkpt>
    <trkpt lat="40.19256" lon="15.53215">
      <ele>453.736</ele>
    </trkpt>
    <trkpt lat="40.19292" lon="15.53182">
      <ele>454.549</ele>
    </trkpt>
    <trkpt lat="40.19321" lon="15.53154">
      <ele>457.219</ele>
    </trkpt>
    <trkpt lat="40.19328" lon="15.53149">
      <ele>457.842</ele>
    </trkpt>
    <trkpt lat="40.19372" lon="15.53129">
      <ele>460.964</ele>
    </trkpt>
    <trkpt lat="40.1938" lon="15.53123">
      <ele>461.357</ele>
    </trkpt>
    <trkpt lat="40.19385" lon="15.53113">
      <ele>460.51</ele>
    </trkpt>
    <trkpt lat="40.19402" lon="15.53063">
      <ele>458.39</ele>
    </trkpt>
    <trkpt lat="40.19424" lon="15.52978">
      <ele>451.055</ele>
    </trkpt>
    <trkpt lat="40.19427" lon="15.5297">
      <ele>451.138</ele>
    </trkpt>
    <trkpt lat="40.19435" lon="15.52956">
      <ele>452.573</ele>
    </trkpt>
    <trkpt lat="40.1944" lon="15.52943">
      <ele>453.252</ele>
    </trkpt>
    <trkpt lat="40.19444" lon="15.52927">
      <ele>452.966</ele>
    </trkpt>
    <trkpt lat="40.19446" lon="15.52906">
      <ele>452.504</ele>
    </trkpt>
    <trkpt lat="40.19449" lon="15.52891">
      <ele>453.476</ele>
    </trkpt>
    <trkpt lat="40.19462" lon="15.52851">
      <ele>452.88</ele>
    </trkpt>
    <trkpt lat="40.19469" lon="15.52837">
      <ele>450.731</ele>
    </trkpt>
    <trkpt lat="40.19491" lon="15.528">
      <ele>445.552</ele>
    </trkpt>
    <trkpt lat="40.19507" lon="15.52767">
      <ele>441.7</ele>
    </trkpt>
    <trkpt lat="40.19533" lon="15.52705">
      <ele>436.583</ele>
    </trkpt>
    <trkpt lat="40.19539" lon="15.52688">
      <ele>435.92</ele>
    </trkpt>
    <trkpt lat="40.19547" lon="15.52649">
      <ele>433.496</ele>
    </trkpt>
    <trkpt lat="40.19547" lon="15.52649">
      <ele>433.496</ele>
    </trkpt>
    <trkpt lat="40.19547" lon="15.52649">
      <ele>433.496</ele>
    </trkpt>
    <trkpt lat="40.19547" lon="15.52645">
      <ele>433.208</ele>
    </trkpt>
    <trkpt lat="40.19553" lon="15.5263">
      <ele>430.87</ele>
    </trkpt>
    <trkpt lat="40.19561" lon="15.52622">
      <ele>428.486</ele>
    </trkpt>
    <trkpt lat="40.19569" lon="15.52618">
      <ele>426.988</ele>
    </trkpt>
    <trkpt lat="40.19579" lon="15.52618">
      <ele>426.807</ele>
    </trkpt>
    <trkpt lat="40.19604" lon="15.52619">
      <ele>426.279</ele>
    </trkpt>
    <trkpt lat="40.19613" lon="15.52618">
      <ele>426.093</ele>
    </trkpt>
    <trkpt lat="40.19627" lon="15.5261">
      <ele>426.66</ele>
    </trkpt>
    <trkpt lat="40.1964" lon="15.52597">
      <ele>426.8</ele>
    </trkpt>
    <trkpt lat="40.19667" lon="15.52564">
      <ele>427.96</ele>
    </trkpt>
    <trkpt lat="40.19681" lon="15.52545">
      <ele>429.004</ele>
    </trkpt>
    <trkpt lat="40.19698" lon="15.52513">
      <ele>426.616</ele>
    </trkpt>
    <trkpt lat="40.19706" lon="15.52502">
      <ele>426.694</ele>
    </trkpt>
    <trkpt lat="40.19716" lon="15.5249">
      <ele>427.277</ele>
    </trkpt>
    <trkpt lat="40.19722" lon="15.5248">
      <ele>427.577</ele>
    </trkpt>
    <trkpt lat="40.19731" lon="15.52459">
      <ele>426.61</ele>
    </trkpt>
    <trkpt lat="40.19756" lon="15.524">
      <ele>427.374</ele>
    </trkpt>
    <trkpt lat="40.19766" lon="15.52381">
      <ele>429.337</ele>
    </trkpt>
    <trkpt lat="40.19775" lon="15.52371">
      <ele>432.177</ele>
    </trkpt>
    <trkpt lat="40.19785" lon="15.52364">
      <ele>435.938</ele>
    </trkpt>
    <trkpt lat="40.19797" lon="15.5236">
      <ele>441.641</ele>
    </trkpt>
    <trkpt lat="40.1985" lon="15.52352">
      <ele>446.264</ele>
    </trkpt>
    <trkpt lat="40.19862" lon="15.52353">
      <ele>447.547</ele>
    </trkpt>
    <trkpt lat="40.1991" lon="15.52368">
      <ele>454.496</ele>
    </trkpt>
    <trkpt lat="40.19943" lon="15.52379">
      <ele>459.806</ele>
    </trkpt>
    <trkpt lat="40.19953" lon="15.52382">
      <ele>462.257</ele>
    </trkpt>
    <trkpt lat="40.19961" lon="15.52382">
      <ele>464.128</ele>
    </trkpt>
    <trkpt lat="40.19971" lon="15.5238">
      <ele>466.388</ele>
    </trkpt>
    <trkpt lat="40.1998" lon="15.52375">
      <ele>468.04</ele>
    </trkpt>
    <trkpt lat="40.1998" lon="15.52375">
      <ele>468.04</ele>
    </trkpt>
    <trkpt lat="40.1998" lon="15.52375">
      <ele>468.04</ele>
    </trkpt>
    <trkpt lat="40.19988" lon="15.52371">
      <ele>469.398</ele>
    </trkpt>
    <trkpt lat="40.19995" lon="15.52365">
      <ele>470.355</ele>
    </trkpt>
    <trkpt lat="40.19999" lon="15.52355">
      <ele>469.76</ele>
    </trkpt>
    <trkpt lat="40.19998" lon="15.52346">
      <ele>468.116</ele>
    </trkpt>
    <trkpt lat="40.19994" lon="15.5233">
      <ele>465.4</ele>
    </trkpt>
    <trkpt lat="40.19991" lon="15.52316">
      <ele>462.88</ele>
    </trkpt>
    <trkpt lat="40.19992" lon="15.52305">
      <ele>460.908</ele>
    </trkpt>
    <trkpt lat="40.19994" lon="15.523">
      <ele>460.114</ele>
    </trkpt>
    <trkpt lat="40.19999" lon="15.52297">
      <ele>459.746</ele>
    </trkpt>
    <trkpt lat="40.20003" lon="15.52296">
      <ele>459.695</ele>
    </trkpt>
    <trkpt lat="40.20023" lon="15.52306">
      <ele>461.908</ele>
    </trkpt>
    <trkpt lat="40.2003" lon="15.52308">
      <ele>462.52</ele>
    </trkpt>
    <trkpt lat="40.20047" lon="15.52306">
      <ele>462.772</ele>
    </trkpt>
    <trkpt lat="40.20083" lon="15.52303">
      <ele>464.334</ele>
    </trkpt>
    <trkpt lat="40.20103" lon="15.52303">
      <ele>463.648</ele>
    </trkpt>
    <trkpt lat="40.20108" lon="15.52301">
      <ele>462.964</ele>
    </trkpt>
    <trkpt lat="40.20123" lon="15.52294">
      <ele>461.838</ele>
    </trkpt>
    <trkpt lat="40.20131" lon="15.52291">
      <ele>461.354</ele>
    </trkpt>
    <trkpt lat="40.2014" lon="15.52292">
      <ele>461.961</ele>
    </trkpt>
    <trkpt lat="40.20149" lon="15.52296">
      <ele>462.218</ele>
    </trkpt>
    <trkpt lat="40.20165" lon="15.52307">
      <ele>464.948</ele>
    </trkpt>
    <trkpt lat="40.20179" lon="15.52319">
      <ele>472.635</ele>
    </trkpt>
    <trkpt lat="40.20184" lon="15.52324">
      <ele>475.218</ele>
    </trkpt>
    <trkpt lat="40.20189" lon="15.52326">
      <ele>476.314</ele>
    </trkpt>
    <trkpt lat="40.20193" lon="15.52325">
      <ele>476.206</ele>
    </trkpt>
    <trkpt lat="40.20196" lon="15.52321">
      <ele>475.688</ele>
    </trkpt>
    <trkpt lat="40.20197" lon="15.52313">
      <ele>473.669</ele>
    </trkpt>
    <trkpt lat="40.20197" lon="15.52304">
      <ele>470.993</ele>
    </trkpt>
    <trkpt lat="40.20197" lon="15.52296">
      <ele>469.004</ele>
    </trkpt>
    <trkpt lat="40.20199" lon="15.52289">
      <ele>468.386</ele>
    </trkpt>
    <trkpt lat="40.20202" lon="15.52283">
      <ele>468.617</ele>
    </trkpt>
    <trkpt lat="40.20217" lon="15.52273">
      <ele>474.82</ele>
    </trkpt>
    <trkpt lat="40.20225" lon="15.52269">
      <ele>477.893</ele>
    </trkpt>
    <trkpt lat="40.20233" lon="15.52268">
      <ele>480.782</ele>
    </trkpt>
    <trkpt lat="40.20248" lon="15.52268">
      <ele>486.692</ele>
    </trkpt>
    <trkpt lat="40.20261" lon="15.52266">
      <ele>487.492</ele>
    </trkpt>
    <trkpt lat="40.20283" lon="15.52258">
      <ele>486.572</ele>
    </trkpt>
    <trkpt lat="40.20292" lon="15.52253">
      <ele>485.777</ele>
    </trkpt>
    <trkpt lat="40.20296" lon="15.52252">
      <ele>485.794</ele>
    </trkpt>
    <trkpt lat="40.20332" lon="15.52252">
      <ele>488.336</ele>
    </trkpt>
    <trkpt lat="40.20359" lon="15.52249">
      <ele>488.705</ele>
    </trkpt>
    <trkpt lat="40.20367" lon="15.52246">
      <ele>488.379</ele>
    </trkpt>
    <trkpt lat="40.20371" lon="15.52239">
      <ele>487.121</ele>
    </trkpt>
    <trkpt lat="40.20374" lon="15.52236">
      <ele>486.674</ele>
    </trkpt>
    <trkpt lat="40.20379" lon="15.52233">
      <ele>486.366</ele>
    </trkpt>
    <trkpt lat="40.20396" lon="15.52225">
      <ele>487.343</ele>
    </trkpt>
    <trkpt lat="40.20417" lon="15.52208">
      <ele>490.506</ele>
    </trkpt>
    <trkpt lat="40.20444" lon="15.52181">
      <ele>493.411</ele>
    </trkpt>
    <trkpt lat="40.20445" lon="15.52172">
      <ele>495.043</ele>
    </trkpt>
    <trkpt lat="40.20439" lon="15.52158">
      <ele>500.13</ele>
    </trkpt>
    <trkpt lat="40.20435" lon="15.52158">
      <ele>500.184</ele>
    </trkpt>
    <trkpt lat="40.20417" lon="15.52177">
      <ele>494.025</ele>
    </trkpt>
    <trkpt lat="40.20395" lon="15.52191">
      <ele>489.895</ele>
    </trkpt>
    <trkpt lat="40.20385" lon="15.52193">
      <ele>489.069</ele>
    </trkpt>
    <trkpt lat="40.20368" lon="15.52192">
      <ele>487.98</ele>
    </trkpt>
    <trkpt lat="40.20357" lon="15.52187">
      <ele>487.6</ele>
    </trkpt>
    <trkpt lat="40.20347" lon="15.5218">
      <ele>487.06</ele>
    </trkpt>
    <trkpt lat="40.20343" lon="15.52173">
      <ele>487.6</ele>
    </trkpt>
    <trkpt lat="40.20341" lon="15.52168">
      <ele>488.14</ele>
    </trkpt>
    <trkpt lat="40.20341" lon="15.52161">
      <ele>488.957</ele>
    </trkpt>
    <trkpt lat="40.20359" lon="15.52121">
      <ele>497.085</ele>
    </trkpt>
    <trkpt lat="40.20361" lon="15.52111">
      <ele>497.976</ele>
    </trkpt>
    <trkpt lat="40.20361" lon="15.52103">
      <ele>498.268</ele>
    </trkpt>
    <trkpt lat="40.20359" lon="15.52097">
      <ele>498.092</ele>
    </trkpt>
    <trkpt lat="40.20359" lon="15.52097">
      <ele>498.092</ele>
    </trkpt>
    <trkpt lat="40.20359" lon="15.52097">
      <ele>498.092</ele>
    </trkpt>
    <trkpt lat="40.20356" lon="15.5209">
      <ele>497.892</ele>
    </trkpt>
    <trkpt lat="40.20355" lon="15.52081">
      <ele>498.138</ele>
    </trkpt>
    <trkpt lat="40.20356" lon="15.52072">
      <ele>498.339</ele>
    </trkpt>
    <trkpt lat="40.20361" lon="15.52056">
      <ele>498.988</ele>
    </trkpt>
    <trkpt lat="40.20363" lon="15.52049">
      <ele>499.512</ele>
    </trkpt>
    <trkpt lat="40.20365" lon="15.52024">
      <ele>499.84</ele>
    </trkpt>
    <trkpt lat="40.20367" lon="15.52012">
      <ele>500.272</ele>
    </trkpt>
    <trkpt lat="40.20371" lon="15.51997">
      <ele>501.059</ele>
    </trkpt>
    <trkpt lat="40.20371" lon="15.51989">
      <ele>500.854</ele>
    </trkpt>
    <trkpt lat="40.2037" lon="15.5198">
      <ele>500.459</ele>
    </trkpt>
    <trkpt lat="40.2036" lon="15.51959">
      <ele>500.31</ele>
    </trkpt>
    <trkpt lat="40.20357" lon="15.51949">
      <ele>500.965</ele>
    </trkpt>
    <trkpt lat="40.20357" lon="15.51941">
      <ele>501.638</ele>
    </trkpt>
    <trkpt lat="40.20357" lon="15.51909">
      <ele>504.241</ele>
    </trkpt>
    <trkpt lat="40.20356" lon="15.519">
      <ele>505.149</ele>
    </trkpt>
    <trkpt lat="40.20351" lon="15.51881">
      <ele>505.656</ele>
    </trkpt>
    <trkpt lat="40.20348" lon="15.51869">
      <ele>505.656</ele>
    </trkpt>
    <trkpt lat="40.20347" lon="15.51846">
      <ele>507.844</ele>
    </trkpt>
    <trkpt lat="40.20344" lon="15.51832">
      <ele>508.88</ele>
    </trkpt>
    <trkpt lat="40.2034" lon="15.51817">
      <ele>510.032</ele>
    </trkpt>
    <trkpt lat="40.20311" lon="15.51742">
      <ele>512.544</ele>
    </trkpt>
    <trkpt lat="40.2031" lon="15.51737">
      <ele>511.949</ele>
    </trkpt>
    <trkpt lat="40.20312" lon="15.51733">
      <ele>512.026</ele>
    </trkpt>
    <trkpt lat="40.20319" lon="15.51729">
      <ele>513.026</ele>
    </trkpt>
    <trkpt lat="40.20335" lon="15.51731">
      <ele>516.289</ele>
    </trkpt>
    <trkpt lat="40.20357" lon="15.51734">
      <ele>521.023</ele>
    </trkpt>
    <trkpt lat="40.20393" lon="15.51698">
      <ele>523.787</ele>
    </trkpt>
    <trkpt lat="40.20397" lon="15.51691">
      <ele>524.773</ele>
    </trkpt>
    <trkpt lat="40.20398" lon="15.51683">
      <ele>525.493</ele>
    </trkpt>
    <trkpt lat="40.20396" lon="15.51672">
      <ele>525.131</ele>
    </trkpt>
    <trkpt lat="40.20396" lon="15.51662">
      <ele>525.367</ele>
    </trkpt>
    <trkpt lat="40.20408" lon="15.51634">
      <ele>530.056</ele>
    </trkpt>
    <trkpt lat="40.20408" lon="15.51625">
      <ele>530.38</ele>
    </trkpt>
    <trkpt lat="40.20406" lon="15.51617">
      <ele>529.948</ele>
    </trkpt>
    <trkpt lat="40.20396" lon="15.51591">
      <ele>528.008</ele>
    </trkpt>
    <trkpt lat="40.20391" lon="15.51574">
      <ele>527.794</ele>
    </trkpt>
    <trkpt lat="40.20385" lon="15.51529">
      <ele>529.256</ele>
    </trkpt>
    <trkpt lat="40.20387" lon="15.51511">
      <ele>527.408</ele>
    </trkpt>
    <trkpt lat="40.2039" lon="15.51506">
      <ele>527.344</ele>
    </trkpt>
    <trkpt lat="40.20403" lon="15.51489">
      <ele>531.09</ele>
    </trkpt>
    <trkpt lat="40.20405" lon="15.51486">
      <ele>531.498</ele>
    </trkpt>
    <trkpt lat="40.20404" lon="15.51481">
      <ele>530.668</ele>
    </trkpt>
    <trkpt lat="40.20399" lon="15.51472">
      <ele>528.593</ele>
    </trkpt>
    <trkpt lat="40.2039" lon="15.51463">
      <ele>528.259</ele>
    </trkpt>
    <trkpt lat="40.20377" lon="15.51461">
      <ele>527.477</ele>
    </trkpt>
    <trkpt lat="40.20369" lon="15.51452">
      <ele>528.088</ele>
    </trkpt>
    <trkpt lat="40.20346" lon="15.5142">
      <ele>528.387</ele>
    </trkpt>
    <trkpt lat="40.20334" lon="15.51398">
      <ele>528.16</ele>
    </trkpt>
    <trkpt lat="40.20324" lon="15.51368">
      <ele>527.48</ele>
    </trkpt>
    <trkpt lat="40.20316" lon="15.51354">
      <ele>525.959</ele>
    </trkpt>
    <trkpt lat="40.20306" lon="15.51342">
      <ele>524.186</ele>
    </trkpt>
    <trkpt lat="40.20266" lon="15.51314">
      <ele>514.525</ele>
    </trkpt>
    <trkpt lat="40.20248" lon="15.51295">
      <ele>509.325</ele>
    </trkpt>
    <trkpt lat="40.20245" lon="15.51287">
      <ele>507.213</ele>
    </trkpt>
    <trkpt lat="40.20245" lon="15.5128">
      <ele>505.882</ele>
    </trkpt>
    <trkpt lat="40.20248" lon="15.51271">
      <ele>504.582</ele>
    </trkpt>
    <trkpt lat="40.20274" lon="15.5124">
      <ele>507.359</ele>
    </trkpt>
    <trkpt lat="40.20278" lon="15.51235">
      <ele>508.6</ele>
    </trkpt>
    <trkpt lat="40.20282" lon="15.51234">
      <ele>509.728</ele>
    </trkpt>
    <trkpt lat="40.20307" lon="15.51236">
      <ele>516.372</ele>
    </trkpt>
    <trkpt lat="40.2035" lon="15.5122">
      <ele>527.808</ele>
    </trkpt>
    <trkpt lat="40.20384" lon="15.51202">
      <ele>536.752</ele>
    </trkpt>
    <trkpt lat="40.20392" lon="15.51197">
      <ele>538.499</ele>
    </trkpt>
    <trkpt lat="40.20396" lon="15.51192">
      <ele>539.632</ele>
    </trkpt>
    <trkpt lat="40.20405" lon="15.51175">
      <ele>543.7</ele>
    </trkpt>
    <trkpt lat="40.20408" lon="15.5117">
      <ele>544.96</ele>
    </trkpt>
    <trkpt lat="40.20417" lon="15.51162">
      <ele>547.746</ele>
    </trkpt>
    <trkpt lat="40.20421" lon="15.51156">
      <ele>549.532</ele>
    </trkpt>
    <trkpt lat="40.20423" lon="15.51143">
      <ele>551.97</ele>
    </trkpt>
    <trkpt lat="40.20423" lon="15.51143">
      <ele>551.97</ele>
    </trkpt>
    <trkpt lat="40.20423" lon="15.51143">
      <ele>551.97</ele>
    </trkpt>
    <trkpt lat="40.20423" lon="15.51135">
      <ele>552.94</ele>
    </trkpt>
    <trkpt lat="40.20424" lon="15.51131">
      <ele>553.566</ele>
    </trkpt>
    <trkpt lat="40.20436" lon="15.51116">
      <ele>558.667</ele>
    </trkpt>
    <trkpt lat="40.20439" lon="15.51111">
      <ele>560.243</ele>
    </trkpt>
    <trkpt lat="40.20443" lon="15.51098">
      <ele>562.451</ele>
    </trkpt>
    <trkpt lat="40.20452" lon="15.51083">
      <ele>566.4</ele>
    </trkpt>
    <trkpt lat="40.20461" lon="15.51071">
      <ele>567.588</ele>
    </trkpt>
    <trkpt lat="40.20472" lon="15.5106">
      <ele>569.568</ele>
    </trkpt>
    <trkpt lat="40.20484" lon="15.51052">
      <ele>572.358</ele>
    </trkpt>
    <trkpt lat="40.20489" lon="15.51047">
      <ele>573.39</ele>
    </trkpt>
    <trkpt lat="40.20493" lon="15.51041">
      <ele>574.028</ele>
    </trkpt>
    <trkpt lat="40.20495" lon="15.51033">
      <ele>573.798</ele>
    </trkpt>
    <trkpt lat="40.20496" lon="15.51017">
      <ele>575.056</ele>
    </trkpt>
    <trkpt lat="40.20497" lon="15.51004">
      <ele>577.252</ele>
    </trkpt>
    <trkpt lat="40.20497" lon="15.50998">
      <ele>578.028</ele>
    </trkpt>
    <trkpt lat="40.20494" lon="15.50983">
      <ele>578.46</ele>
    </trkpt>
    <trkpt lat="40.20494" lon="15.50969">
      <ele>580.097</ele>
    </trkpt>
    <trkpt lat="40.20497" lon="15.50955">
      <ele>583.007</ele>
    </trkpt>
    <trkpt lat="40.20498" lon="15.50945">
      <ele>584.501</ele>
    </trkpt>
    <trkpt lat="40.20496" lon="15.50937">
      <ele>586.012</ele>
    </trkpt>
    <trkpt lat="40.20492" lon="15.5093">
      <ele>586.912</ele>
    </trkpt>
    <trkpt lat="40.20479" lon="15.50913">
      <ele>588.288</ele>
    </trkpt>
    <trkpt lat="40.20472" lon="15.50898">
      <ele>589.987</ele>
    </trkpt>
    <trkpt lat="40.20454" lon="15.5087">
      <ele>590.572</ele>
    </trkpt>
    <trkpt lat="40.20447" lon="15.5085">
      <ele>590.173</ele>
    </trkpt>
    <trkpt lat="40.20441" lon="15.50817">
      <ele>588.347</ele>
    </trkpt>
    <trkpt lat="40.2044" lon="15.50804">
      <ele>587.466</ele>
    </trkpt>
    <trkpt lat="40.20441" lon="15.50791">
      <ele>586.966</ele>
    </trkpt>
    <trkpt lat="40.20444" lon="15.50778">
      <ele>586.904</ele>
    </trkpt>
    <trkpt lat="40.20445" lon="15.50773">
      <ele>587.686</ele>
    </trkpt>
    <trkpt lat="40.20444" lon="15.50766">
      <ele>588.174</ele>
    </trkpt>
    <trkpt lat="40.20441" lon="15.5076">
      <ele>588.211</ele>
    </trkpt>
    <trkpt lat="40.20432" lon="15.5075">
      <ele>587.76</ele>
    </trkpt>
    <trkpt lat="40.20427" lon="15.50735">
      <ele>589.56</ele>
    </trkpt>
    <trkpt lat="40.20425" lon="15.50725">
      <ele>591.0</ele>
    </trkpt>
    <trkpt lat="40.20425" lon="15.50718">
      <ele>591.743</ele>
    </trkpt>
    <trkpt lat="40.20425" lon="15.5071">
      <ele>592.204</ele>
    </trkpt>
    <trkpt lat="40.20428" lon="15.50689">
      <ele>594.088</ele>
    </trkpt>
    <trkpt lat="40.20428" lon="15.50664">
      <ele>595.442</ele>
    </trkpt>
    <trkpt lat="40.20428" lon="15.50661">
      <ele>595.894</ele>
    </trkpt>
    <trkpt lat="40.20428" lon="15.50661">
      <ele>595.894</ele>
    </trkpt>
    <trkpt lat="40.20428" lon="15.50661">
      <ele>595.894</ele>
    </trkpt>
    <trkpt lat="40.20426" lon="15.50633">
      <ele>599.998</ele>
    </trkpt>
    <trkpt lat="40.20421" lon="15.50614">
      <ele>602.332</ele>
    </trkpt>
    <trkpt lat="40.20421" lon="15.50603">
      <ele>604.486</ele>
    </trkpt>
    <trkpt lat="40.20419" lon="15.50595">
      <ele>605.851</ele>
    </trkpt>
    <trkpt lat="40.20416" lon="15.50589">
      <ele>606.647</ele>
    </trkpt>
    <trkpt lat="40.20412" lon="15.50581">
      <ele>607.16</ele>
    </trkpt>
    <trkpt lat="40.204" lon="15.50571">
      <ele>605.288</ele>
    </trkpt>
    <trkpt lat="40.2039" lon="15.50559">
      <ele>603.992</ele>
    </trkpt>
    <trkpt lat="40.20385" lon="15.5055">
      <ele>603.816</ele>
    </trkpt>
    <trkpt lat="40.20378" lon="15.50533">
      <ele>604.721</ele>
    </trkpt>
    <trkpt lat="40.2036" lon="15.505">
      <ele>608.8</ele>
    </trkpt>
    <trkpt lat="40.20352" lon="15.50489">
      <ele>609.34</ele>
    </trkpt>
    <trkpt lat="40.20351" lon="15.50483">
      <ele>610.24</ele>
    </trkpt>
    <trkpt lat="40.20351" lon="15.50469">
      <ele>612.834</ele>
    </trkpt>
    <trkpt lat="40.20349" lon="15.50462">
      <ele>613.868</ele>
    </trkpt>
    <trkpt lat="40.20346" lon="15.50458">
      <ele>614.073</ele>
    </trkpt>
    <trkpt lat="40.20338" lon="15.50455">
      <ele>613.044</ele>
    </trkpt>
    <trkpt lat="40.2033" lon="15.50448">
      <ele>612.071</ele>
    </trkpt>
    <trkpt lat="40.20327" lon="15.50441">
      <ele>612.58</ele>
    </trkpt>
    <trkpt lat="40.20326" lon="15.50432">
      <ele>615.01</ele>
    </trkpt>
    <trkpt lat="40.20324" lon="15.50423">
      <ele>616.993</ele>
    </trkpt>
    <trkpt lat="40.2032" lon="15.50417">
      <ele>617.138</ele>
    </trkpt>
    <trkpt lat="40.20314" lon="15.5041">
      <ele>615.942</ele>
    </trkpt>
    <trkpt lat="40.20311" lon="15.50404">
      <ele>615.909</ele>
    </trkpt>
    <trkpt lat="40.20298" lon="15.50372">
      <ele>614.781</ele>
    </trkpt>
    <trkpt lat="40.2029" lon="15.50345">
      <ele>614.21</ele>
    </trkpt>
    <trkpt lat="40.20279" lon="15.50321">
      <ele>614.128</ele>
    </trkpt>
    <trkpt lat="40.2027" lon="15.50309">
      <ele>613.755</ele>
    </trkpt>
    <trkpt lat="40.20257" lon="15.50299">
      <ele>612.339</ele>
    </trkpt>
    <trkpt lat="40.20249" lon="15.50292">
      <ele>611.23</ele>
    </trkpt>
    <trkpt lat="40.20244" lon="15.50281">
      <ele>611.165</ele>
    </trkpt>
    <trkpt lat="40.20237" lon="15.50262">
      <ele>611.089</ele>
    </trkpt>
    <trkpt lat="40.20232" lon="15.50244">
      <ele>612.196</ele>
    </trkpt>
    <trkpt lat="40.20221" lon="15.50227">
      <ele>613.26</ele>
    </trkpt>
    <trkpt lat="40.20215" lon="15.50209">
      <ele>615.996</ele>
    </trkpt>
    <trkpt lat="40.20206" lon="15.50167">
      <ele>621.207</ele>
    </trkpt>
    <trkpt lat="40.20205" lon="15.50124">
      <ele>621.032</ele>
    </trkpt>
    <trkpt lat="40.20208" lon="15.50097">
      <ele>620.42</ele>
    </trkpt>
    <trkpt lat="40.20211" lon="15.50084">
      <ele>620.6</ele>
    </trkpt>
    <trkpt lat="40.20216" lon="15.50071">
      <ele>620.768</ele>
    </trkpt>
    <trkpt lat="40.20223" lon="15.50046">
      <ele>620.49</ele>
    </trkpt>
    <trkpt lat="40.20229" lon="15.50021">
      <ele>620.285</ele>
    </trkpt>
    <trkpt lat="40.20232" lon="15.50011">
      <ele>620.222</ele>
    </trkpt>
    <trkpt lat="40.20238" lon="15.5">
      <ele>620.272</ele>
    </trkpt>
    <trkpt lat="40.20244" lon="15.49995">
      <ele>620.032</ele>
    </trkpt>
    <trkpt lat="40.20249" lon="15.49992">
      <ele>619.881</ele>
    </trkpt>
    <trkpt lat="40.20263" lon="15.49991">
      <ele>619.416</ele>
    </trkpt>
    <trkpt lat="40.20276" lon="15.49992">
      <ele>619.318</ele>
    </trkpt>
    <trkpt lat="40.20283" lon="15.49992">
      <ele>619.705</ele>
    </trkpt>
    <trkpt lat="40.2029" lon="15.4999">
      <ele>620.107</ele>
    </trkpt>
    <trkpt lat="40.20298" lon="15.49988">
      <ele>620.924</ele>
    </trkpt>
    <trkpt lat="40.20309" lon="15.49989">
      <ele>622.36</ele>
    </trkpt>
    <trkpt lat="40.20313" lon="15.49986">
      <ele>623.352</ele>
    </trkpt>
    <trkpt lat="40.20314" lon="15.4998">
      <ele>624.228</ele>
    </trkpt>
    <trkpt lat="40.20314" lon="15.49963">
      <ele>626.788</ele>
    </trkpt>
    <trkpt lat="40.20315" lon="15.49947">
      <ele>629.92</ele>
    </trkpt>
    <trkpt lat="40.20337" lon="15.49835">
      <ele>640.188</ele>
    </trkpt>
    <trkpt lat="40.2034" lon="15.49821">
      <ele>641.053</ele>
    </trkpt>
    <trkpt lat="40.20348" lon="15.49796">
      <ele>642.555</ele>
    </trkpt>
    <trkpt lat="40.20358" lon="15.49776">
      <ele>644.745</ele>
    </trkpt>
    <trkpt lat="40.20361" lon="15.49768">
      <ele>645.255</ele>
    </trkpt>
    <trkpt lat="40.20361" lon="15.49768">
      <ele>645.255</ele>
    </trkpt>
    <trkpt lat="40.20361" lon="15.49768">
      <ele>645.255</ele>
    </trkpt>
    <trkpt lat="40.20364" lon="15.49761">
      <ele>645.687</ele>
    </trkpt>
    <trkpt lat="40.20365" lon="15.49751">
      <ele>645.327</ele>
    </trkpt>
    <trkpt lat="40.20366" lon="15.49745">
      <ele>645.107</ele>
    </trkpt>
    <trkpt lat="40.20373" lon="15.49734">
      <ele>646.617</ele>
    </trkpt>
    <trkpt lat="40.20374" lon="15.49728">
      <ele>646.535</ele>
    </trkpt>
    <trkpt lat="40.20374" lon="15.49714">
      <ele>644.307</ele>
    </trkpt>
    <trkpt lat="40.20375" lon="15.49707">
      <ele>643.212</ele>
    </trkpt>
    <trkpt lat="40.20379" lon="15.49701">
      <ele>643.72</ele>
    </trkpt>
    <trkpt lat="40.20391" lon="15.4969">
      <ele>646.588</ele>
    </trkpt>
    <trkpt lat="40.20396" lon="15.49679">
      <ele>645.697</ele>
    </trkpt>
    <trkpt lat="40.20399" lon="15.49667">
      <ele>644.079</ele>
    </trkpt>
    <trkpt lat="40.20399" lon="15.4964">
      <ele>643.393</ele>
    </trkpt>
    <trkpt lat="40.20401" lon="15.49607">
      <ele>644.001</ele>
    </trkpt>
    <trkpt lat="40.20404" lon="15.49579">
      <ele>643.533</ele>
    </trkpt>
    <trkpt lat="40.20404" lon="15.49551">
      <ele>640.213</ele>
    </trkpt>
    <trkpt lat="40.20407" lon="15.4954">
      <ele>640.813</ele>
    </trkpt>
    <trkpt lat="40.20422" lon="15.49515">
      <ele>646.128</ele>
    </trkpt>
    <trkpt lat="40.20432" lon="15.49494">
      <ele>649.162</ele>
    </trkpt>
    <trkpt lat="40.20439" lon="15.49474">
      <ele>650.487</ele>
    </trkpt>
    <trkpt lat="40.20462" lon="15.49438">
      <ele>650.867</ele>
    </trkpt>
    <trkpt lat="40.20485" lon="15.49404">
      <ele>652.567</ele>
    </trkpt>
    <trkpt lat="40.20493" lon="15.49387">
      <ele>651.529</ele>
    </trkpt>
    <trkpt lat="40.20494" lon="15.49376">
      <ele>650.601</ele>
    </trkpt>
    <trkpt lat="40.20494" lon="15.49368">
      <ele>649.698</ele>
    </trkpt>
    <trkpt lat="40.20491" lon="15.49361">
      <ele>648.407</ele>
    </trkpt>
    <trkpt lat="40.20476" lon="15.49344">
      <ele>649.46</ele>
    </trkpt>
    <trkpt lat="40.20457" lon="15.49336">
      <ele>646.641</ele>
    </trkpt>
    <trkpt lat="40.20423" lon="15.49294">
      <ele>651.173</ele>
    </trkpt>
    <trkpt lat="40.20418" lon="15.49283">
      <ele>651.81</ele>
    </trkpt>
    <trkpt lat="40.20419" lon="15.49262">
      <ele>658.195</ele>
    </trkpt>
    <trkpt lat="40.20416" lon="15.49253">
      <ele>661.026</ele>
    </trkpt>
    <trkpt lat="40.20412" lon="15.49248">
      <ele>663.392</ele>
    </trkpt>
    <trkpt lat="40.20405" lon="15.49246">
      <ele>665.12</ele>
    </trkpt>
    <trkpt lat="40.20378" lon="15.49244">
      <ele>669.781</ele>
    </trkpt>
    <trkpt lat="40.20366" lon="15.49244">
      <ele>671.568</ele>
    </trkpt>
    <trkpt lat="40.2036" lon="15.4924">
      <ele>673.254</ele>
    </trkpt>
    <trkpt lat="40.20358" lon="15.49233">
      <ele>674.965</ele>
    </trkpt>
    <trkpt lat="40.20358" lon="15.49217">
      <ele>678.464</ele>
    </trkpt>
    <trkpt lat="40.20364" lon="15.49203">
      <ele>681.048</ele>
    </trkpt>
    <trkpt lat="40.20383" lon="15.49179">
      <ele>685.666</ele>
    </trkpt>
    <trkpt lat="40.20387" lon="15.49175">
      <ele>686.316</ele>
    </trkpt>
    <trkpt lat="40.20388" lon="15.4917">
      <ele>687.34</ele>
    </trkpt>
    <trkpt lat="40.20387" lon="15.49164">
      <ele>688.712</ele>
    </trkpt>
    <trkpt lat="40.20383" lon="15.4916">
      <ele>689.864</ele>
    </trkpt>
    <trkpt lat="40.20369" lon="15.49156">
      <ele>691.736</ele>
    </trkpt>
    <trkpt lat="40.20361" lon="15.49157">
      <ele>692.097</ele>
    </trkpt>
    <trkpt lat="40.20354" lon="15.49161">
      <ele>691.788</ele>
    </trkpt>
    <trkpt lat="40.20334" lon="15.49181">
      <ele>688.844</ele>
    </trkpt>
    <trkpt lat="40.20334" lon="15.49181">
      <ele>688.844</ele>
    </trkpt>
    <trkpt lat="40.20334" lon="15.49181">
      <ele>688.844</ele>
    </trkpt>
    <trkpt lat="40.20332" lon="15.49183">
      <ele>688.616</ele>
    </trkpt>
    <trkpt lat="40.20314" lon="15.4919">
      <ele>689.048</ele>
    </trkpt>
    <trkpt lat="40.20278" lon="15.49186">
      <ele>693.11</ele>
    </trkpt>
    <trkpt lat="40.20266" lon="15.49183">
      <ele>695.755</ele>
    </trkpt>
    <trkpt lat="40.20248" lon="15.49174">
      <ele>701.032</ele>
    </trkpt>
    <trkpt lat="40.20227" lon="15.49169">
      <ele>703.984</ele>
    </trkpt>
    <trkpt lat="40.20205" lon="15.49172">
      <ele>703.464</ele>
    </trkpt>
    <trkpt lat="40.20189" lon="15.49166">
      <ele>704.212</ele>
    </trkpt>
    <trkpt lat="40.2017" lon="15.49166">
      <ele>700.792</ele>
    </trkpt>
    <trkpt lat="40.20162" lon="15.49163">
      <ele>700.026</ele>
    </trkpt>
    <trkpt lat="40.20157" lon="15.49155">
      <ele>701.126</ele>
    </trkpt>
    <trkpt lat="40.20147" lon="15.49137">
      <ele>703.588</ele>
    </trkpt>
    <trkpt lat="40.20119" lon="15.49113">
      <ele>702.012</ele>
    </trkpt>
    <trkpt lat="40.20088" lon="15.49098">
      <ele>695.895</ele>
    </trkpt>
    <trkpt lat="40.20077" lon="15.49085">
      <ele>695.756</ele>
    </trkpt>
    <trkpt lat="40.20043" lon="15.49069">
      <ele>694.312</ele>
    </trkpt>
    <trkpt lat="40.20031" lon="15.49069">
      <ele>694.98</ele>
    </trkpt>
    <trkpt lat="40.20023" lon="15.49075">
      <ele>692.071</ele>
    </trkpt>
    <trkpt lat="40.20014" lon="15.49075">
      <ele>690.322</ele>
    </trkpt>
    <trkpt lat="40.20002" lon="15.49074">
      <ele>688.416</ele>
    </trkpt>
    <trkpt lat="40.19968" lon="15.49051">
      <ele>688.007</ele>
    </trkpt>
    <trkpt lat="40.19914" lon="15.49024">
      <ele>690.72</ele>
    </trkpt>
    <trkpt lat="40.199" lon="15.49023">
      <ele>690.432</ele>
    </trkpt>
    <trkpt lat="40.19892" lon="15.49032">
      <ele>688.2</ele>
    </trkpt>
    <trkpt lat="40.19884" lon="15.49041">
      <ele>686.06</ele>
    </trkpt>
    <trkpt lat="40.1987" lon="15.4904">
      <ele>686.061</ele>
    </trkpt>
    <trkpt lat="40.19836" lon="15.49021">
      <ele>685.967</ele>
    </trkpt>
    <trkpt lat="40.19823" lon="15.49007">
      <ele>685.327</ele>
    </trkpt>
    <trkpt lat="40.19801" lon="15.48979">
      <ele>683.772</ele>
    </trkpt>
    <trkpt lat="40.19788" lon="15.48965">
      <ele>681.417</ele>
    </trkpt>
    <trkpt lat="40.19746" lon="15.48937">
      <ele>675.744</ele>
    </trkpt>
    <trkpt lat="40.19722" lon="15.48917">
      <ele>674.96</ele>
    </trkpt>
    <trkpt lat="40.19714" lon="15.48912">
      <ele>677.36</ele>
    </trkpt>
    <trkpt lat="40.19708" lon="15.48912">
      <ele>678.224</ele>
    </trkpt>
    <trkpt lat="40.19699" lon="15.48916">
      <ele>678.512</ele>
    </trkpt>
    <trkpt lat="40.19651" lon="15.48959">
      <ele>676.668</ele>
    </trkpt>
    <trkpt lat="40.1964" lon="15.48972">
      <ele>674.832</ele>
    </trkpt>
    <trkpt lat="40.19632" lon="15.4898">
      <ele>675.875</ele>
    </trkpt>
    <trkpt lat="40.19613" lon="15.48997">
      <ele>680.711</ele>
    </trkpt>
    <trkpt lat="40.19609" lon="15.49005">
      <ele>680.964</ele>
    </trkpt>
    <trkpt lat="40.19608" lon="15.49012">
      <ele>680.28</ele>
    </trkpt>
    <trkpt lat="40.19605" lon="15.4902">
      <ele>680.1</ele>
    </trkpt>
    <trkpt lat="40.19597" lon="15.49025">
      <ele>681.972</ele>
    </trkpt>
    <trkpt lat="40.19592" lon="15.49026">
      <ele>683.448</ele>
    </trkpt>
    <trkpt lat="40.1959" lon="15.49025">
      <ele>684.24</ele>
    </trkpt>
    <trkpt lat="40.19586" lon="15.4902">
      <ele>686.256</ele>
    </trkpt>
    <trkpt lat="40.19582" lon="15.49015">
      <ele>688.18</ele>
    </trkpt>
    <trkpt lat="40.19551" lon="15.48998">
      <ele>695.428</ele>
    </trkpt>
    <trkpt lat="40.19542" lon="15.48984">
      <ele>694.905</ele>
    </trkpt>
    <trkpt lat="40.19538" lon="15.48979">
      <ele>694.706</ele>
    </trkpt>
    <trkpt lat="40.19529" lon="15.48974">
      <ele>694.007</ele>
    </trkpt>
    <trkpt lat="40.1952" lon="15.48965">
      <ele>692.933</ele>
    </trkpt>
    <trkpt lat="40.19498" lon="15.48937">
      <ele>691.516</ele>
    </trkpt>
    <trkpt lat="40.19489" lon="15.48927">
      <ele>691.3</ele>
    </trkpt>
    <trkpt lat="40.19485" lon="15.4892">
      <ele>691.48</ele>
    </trkpt>
    <trkpt lat="40.19479" lon="15.48897">
      <ele>693.635</ele>
    </trkpt>
    <trkpt lat="40.19479" lon="15.48897">
      <ele>693.635</ele>
    </trkpt>
    <trkpt lat="40.19479" lon="15.48897">
      <ele>693.635</ele>
    </trkpt>
    <trkpt lat="40.19477" lon="15.48892">
      <ele>694.087</ele>
    </trkpt>
    <trkpt lat="40.19474" lon="15.48885">
      <ele>694.743</ele>
    </trkpt>
    <trkpt lat="40.19464" lon="15.48874">
      <ele>695.848</ele>
    </trkpt>
    <trkpt lat="40.19444" lon="15.48853">
      <ele>698.738</ele>
    </trkpt>
    <trkpt lat="40.19425" lon="15.4884">
      <ele>699.964</ele>
    </trkpt>
    <trkpt lat="40.1942" lon="15.48835">
      <ele>700.158</ele>
    </trkpt>
    <trkpt lat="40.19417" lon="15.48831">
      <ele>700.624</ele>
    </trkpt>
    <trkpt lat="40.19408" lon="15.48811">
      <ele>704.19</ele>
    </trkpt>
    <trkpt lat="40.19403" lon="15.488">
      <ele>706.035</ele>
    </trkpt>
    <trkpt lat="40.19398" lon="15.48794">
      <ele>706.975</ele>
    </trkpt>
    <trkpt lat="40.1939" lon="15.48789">
      <ele>707.492</ele>
    </trkpt>
    <trkpt lat="40.19364" lon="15.4878">
      <ele>710.28</ele>
    </trkpt>
    <trkpt lat="40.19318" lon="15.4876">
      <ele>712.272</ele>
    </trkpt>
    <trkpt lat="40.19314" lon="15.48756">
      <ele>712.704</ele>
    </trkpt>
    <trkpt lat="40.19313" lon="15.48752">
      <ele>713.568</ele>
    </trkpt>
    <trkpt lat="40.19311" lon="15.48746">
      <ele>714.936</ele>
    </trkpt>
    <trkpt lat="40.19311" lon="15.48734">
      <ele>718.392</ele>
    </trkpt>
    <trkpt lat="40.19309" lon="15.48725">
      <ele>720.696</ele>
    </trkpt>
    <trkpt lat="40.19307" lon="15.4872">
      <ele>721.768</ele>
    </trkpt>
    <trkpt lat="40.19304" lon="15.48714">
      <ele>722.825</ele>
    </trkpt>
    <trkpt lat="40.19296" lon="15.48707">
      <ele>723.493</ele>
    </trkpt>
    <trkpt lat="40.19278" lon="15.48696">
      <ele>724.521</ele>
    </trkpt>
    <trkpt lat="40.19228" lon="15.48675">
      <ele>720.478</ele>
    </trkpt>
    <trkpt lat="40.19219" lon="15.48667">
      <ele>720.595</ele>
    </trkpt>
    <trkpt lat="40.19211" lon="15.48659">
      <ele>720.78</ele>
    </trkpt>
    <trkpt lat="40.19208" lon="15.4866">
      <ele>720.301</ele>
    </trkpt>
    <trkpt lat="40.19206" lon="15.48658">
      <ele>720.314</ele>
    </trkpt>
    <trkpt lat="40.19204" lon="15.48656">
      <ele>720.316</ele>
    </trkpt>
    <trkpt lat="40.19203" lon="15.48652">
      <ele>720.671</ele>
    </trkpt>
    <trkpt lat="40.19202" lon="15.48646">
      <ele>721.25</ele>
    </trkpt>
    <trkpt lat="40.19204" lon="15.48632">
      <ele>723.12</ele>
    </trkpt>
    <trkpt lat="40.19204" lon="15.48625">
      <ele>723.876</ele>
    </trkpt>
    <trkpt lat="40.19202" lon="15.4862">
      <ele>724.128</ele>
    </trkpt>
    <trkpt lat="40.19199" lon="15.48618">
      <ele>723.912</ele>
    </trkpt>
    <trkpt lat="40.19189" lon="15.48614">
      <ele>722.728</ele>
    </trkpt>
    <trkpt lat="40.19183" lon="15.48609">
      <ele>722.213</ele>
    </trkpt>
    <trkpt lat="40.19178" lon="15.48605">
      <ele>721.79</ele>
    </trkpt>
    <trkpt lat="40.19174" lon="15.48599">
      <ele>721.743</ele>
    </trkpt>
    <trkpt lat="40.19155" lon="15.48555">
      <ele>724.832</ele>
    </trkpt>
    <trkpt lat="40.19144" lon="15.48532">
      <ele>727.1</ele>
    </trkpt>
    <trkpt lat="40.19121" lon="15.48498">
      <ele>728.018</ele>
    </trkpt>
    <trkpt lat="40.19114" lon="15.48485">
      <ele>726.968</ele>
    </trkpt>
    <trkpt lat="40.19112" lon="15.48478">
      <ele>726.865</ele>
    </trkpt>
    <trkpt lat="40.1911" lon="15.4847">
      <ele>727.11</ele>
    </trkpt>
    <trkpt lat="40.19109" lon="15.48457">
      <ele>728.687</ele>
    </trkpt>
    <trkpt lat="40.19108" lon="15.48453">
      <ele>728.975</ele>
    </trkpt>
    <trkpt lat="40.19106" lon="15.48446">
      <ele>729.335</ele>
    </trkpt>
    <trkpt lat="40.19109" lon="15.48446">
      <ele>730.181</ele>
    </trkpt>
    <trkpt lat="40.19111" lon="15.48444">
      <ele>731.0</ele>
    </trkpt>
    <trkpt lat="40.19112" lon="15.4844">
      <ele>731.608</ele>
    </trkpt>
    <trkpt lat="40.19112" lon="15.48435">
      <ele>731.968</ele>
    </trkpt>
    <trkpt lat="40.19107" lon="15.48421">
      <ele>731.379</ele>
    </trkpt>
    <trkpt lat="40.19106" lon="15.48411">
      <ele>731.548</ele>
    </trkpt>
    <trkpt lat="40.19106" lon="15.48395">
      <ele>732.124</ele>
    </trkpt>
    <trkpt lat="40.19108" lon="15.48382">
      <ele>733.46</ele>
    </trkpt>
    <trkpt lat="40.19109" lon="15.48374">
      <ele>734.347</ele>
    </trkpt>
    <trkpt lat="40.19117" lon="15.48353">
      <ele>739.35</ele>
    </trkpt>
    <trkpt lat="40.19118" lon="15.48347">
      <ele>740.638</ele>
    </trkpt>
    <trkpt lat="40.19118" lon="15.48342">
      <ele>741.403</ele>
    </trkpt>
    <trkpt lat="40.19117" lon="15.48329">
      <ele>742.365</ele>
    </trkpt>
    <trkpt lat="40.19115" lon="15.48317">
      <ele>741.622</ele>
    </trkpt>
    <trkpt lat="40.19112" lon="15.48305">
      <ele>740.441</ele>
    </trkpt>
    <trkpt lat="40.1911" lon="15.48298">
      <ele>740.518</ele>
    </trkpt>
    <trkpt lat="40.19106" lon="15.48288">
      <ele>740.657</ele>
    </trkpt>
    <trkpt lat="40.19102" lon="15.4828">
      <ele>740.74</ele>
    </trkpt>
    <trkpt lat="40.19095" lon="15.48275">
      <ele>740.078</ele>
    </trkpt>
    <trkpt lat="40.19091" lon="15.48269">
      <ele>740.465</ele>
    </trkpt>
    <trkpt lat="40.19086" lon="15.48262">
      <ele>740.929</ele>
    </trkpt>
    <trkpt lat="40.19083" lon="15.48253">
      <ele>742.281</ele>
    </trkpt>
    <trkpt lat="40.19081" lon="15.48248">
      <ele>742.838</ele>
    </trkpt>
    <trkpt lat="40.19079" lon="15.48245">
      <ele>742.88</ele>
    </trkpt>
    <trkpt lat="40.19073" lon="15.48238">
      <ele>742.446</ele>
    </trkpt>
    <trkpt lat="40.1907" lon="15.48232">
      <ele>742.427</ele>
    </trkpt>
    <trkpt lat="40.19066" lon="15.48211">
      <ele>743.496</ele>
    </trkpt>
    <trkpt lat="40.1906" lon="15.48183">
      <ele>743.996</ele>
    </trkpt>
    <trkpt lat="40.19058" lon="15.48163">
      <ele>745.473</ele>
    </trkpt>
    <trkpt lat="40.19056" lon="15.48154">
      <ele>745.985</ele>
    </trkpt>
    <trkpt lat="40.19052" lon="15.48142">
      <ele>745.76</ele>
    </trkpt>
    <trkpt lat="40.19051" lon="15.48134">
      <ele>746.29</ele>
    </trkpt>
    <trkpt lat="40.1905" lon="15.48121">
      <ele>747.39</ele>
    </trkpt>
    <trkpt lat="40.19049" lon="15.48114">
      <ele>747.807</ele>
    </trkpt>
    <trkpt lat="40.19046" lon="15.48111">
      <ele>746.891</ele>
    </trkpt>
    <trkpt lat="40.19029" lon="15.481">
      <ele>742.64</ele>
    </trkpt>
    <trkpt lat="40.19013" lon="15.48088">
      <ele>742.285</ele>
    </trkpt>
    <trkpt lat="40.18991" lon="15.48064">
      <ele>743.554</ele>
    </trkpt>
    <trkpt lat="40.18982" lon="15.48054">
      <ele>743.728</ele>
    </trkpt>
    <trkpt lat="40.18974" lon="15.4804">
      <ele>746.176</ele>
    </trkpt>
    <trkpt lat="40.18968" lon="15.48031">
      <ele>747.285</ele>
    </trkpt>
    <trkpt lat="40.18957" lon="15.4802">
      <ele>747.067</ele>
    </trkpt>
    <trkpt lat="40.18951" lon="15.48011">
      <ele>748.115</ele>
    </trkpt>
    <trkpt lat="40.18944" lon="15.47998">
      <ele>750.04</ele>
    </trkpt>
    <trkpt lat="40.18939" lon="15.4798">
      <ele>750.004</ele>
    </trkpt>
    <trkpt lat="40.18937" lon="15.47962">
      <ele>749.953</ele>
    </trkpt>
    <trkpt lat="40.18934" lon="15.47905">
      <ele>749.862</ele>
    </trkpt>
    <trkpt lat="40.18932" lon="15.4789">
      <ele>750.422</ele>
    </trkpt>
    <trkpt lat="40.18929" lon="15.47873">
      <ele>751.728</ele>
    </trkpt>
    <trkpt lat="40.18926" lon="15.47864">
      <ele>751.944</ele>
    </trkpt>
    <trkpt lat="40.1891" lon="15.47836">
      <ele>752.264</ele>
    </trkpt>
    <trkpt lat="40.18896" lon="15.47808">
      <ele>753.543</ele>
    </trkpt>
    <trkpt lat="40.18893" lon="15.47801">
      <ele>754.004</ele>
    </trkpt>
    <trkpt lat="40.1889" lon="15.47787">
      <ele>755.66</ele>
    </trkpt>
    <trkpt lat="40.18889" lon="15.47781">
      <ele>756.452</ele>
    </trkpt>
    <trkpt lat="40.18883" lon="15.47765">
      <ele>755.845</ele>
    </trkpt>
    <trkpt lat="40.18883" lon="15.47765">
      <ele>755.845</ele>
    </trkpt>
    <trkpt lat="40.18883" lon="15.47765">
      <ele>755.845</ele>
    </trkpt>
    <trkpt lat="40.18881" lon="15.4776">
      <ele>755.629</ele>
    </trkpt>
    <trkpt lat="40.18873" lon="15.47716">
      <ele>755.424</ele>
    </trkpt>
    <trkpt lat="40.18871" lon="15.47696">
      <ele>754.848</ele>
    </trkpt>
    <trkpt lat="40.18872" lon="15.47681">
      <ele>755.136</ele>
    </trkpt>
    <trkpt lat="40.18877" lon="15.47649">
      <ele>756.576</ele>
    </trkpt>
    <trkpt lat="40.18879" lon="15.47642">
      <ele>757.152</ele>
    </trkpt>
    <trkpt lat="40.18878" lon="15.47638">
      <ele>757.024</ele>
    </trkpt>
    <trkpt lat="40.18875" lon="15.47631">
      <ele>757.42</ele>
    </trkpt>
    <trkpt lat="40.18861" lon="15.4761">
      <ele>757.364</ele>
    </trkpt>
    <trkpt lat="40.18855" lon="15.47604">
      <ele>757.58</ele>
    </trkpt>
    <trkpt lat="40.18824" lon="15.47587">
      <ele>754.417</ele>
    </trkpt>
    <trkpt lat="40.18813" lon="15.47579">
      <ele>754.052</ele>
    </trkpt>
    <trkpt lat="40.18806" lon="15.47571">
      <ele>754.234</ele>
    </trkpt>
    <trkpt lat="40.18798" lon="15.4756">
      <ele>753.975</ele>
    </trkpt>
    <trkpt lat="40.18792" lon="15.4755">
      <ele>753.632</ele>
    </trkpt>
    <trkpt lat="40.18783" lon="15.4753">
      <ele>753.668</ele>
    </trkpt>
    <trkpt lat="40.18781" lon="15.47523">
      <ele>753.448</ele>
    </trkpt>
    <trkpt lat="40.18778" lon="15.47514">
      <ele>752.584</ele>
    </trkpt>
    <trkpt lat="40.18775" lon="15.47503">
      <ele>751.903</ele>
    </trkpt>
    <trkpt lat="40.18775" lon="15.47492">
      <ele>751.626</ele>
    </trkpt>
    <trkpt lat="40.18773" lon="15.4746">
      <ele>749.248</ele>
    </trkpt>
    <trkpt lat="40.18771" lon="15.47437">
      <ele>746.911</ele>
    </trkpt>
    <trkpt lat="40.18771" lon="15.47431">
      <ele>746.368</ele>
    </trkpt>
    <trkpt lat="40.18772" lon="15.47426">
      <ele>746.372</ele>
    </trkpt>
    <trkpt lat="40.18774" lon="15.47423">
      <ele>746.99</ele>
    </trkpt>
    <trkpt lat="40.1878" lon="15.47416">
      <ele>748.624</ele>
    </trkpt>
    <trkpt lat="40.18782" lon="15.47409">
      <ele>748.264</ele>
    </trkpt>
    <trkpt lat="40.18784" lon="15.4739">
      <ele>746.176</ele>
    </trkpt>
    <trkpt lat="40.18785" lon="15.47379">
      <ele>745.009</ele>
    </trkpt>
    <trkpt lat="40.18788" lon="15.47373">
      <ele>745.234</ele>
    </trkpt>
    <trkpt lat="40.18796" lon="15.47357">
      <ele>746.56</ele>
    </trkpt>
    <trkpt lat="40.18798" lon="15.47351">
      <ele>747.28</ele>
    </trkpt>
    <trkpt lat="40.188" lon="15.4734">
      <ele>748.0</ele>
    </trkpt>
    <trkpt lat="40.18799" lon="15.47317">
      <ele>748.816</ele>
    </trkpt>
    <trkpt lat="40.18795" lon="15.47293">
      <ele>748.028</ele>
    </trkpt>
    <trkpt lat="40.18796" lon="15.47284">
      <ele>748.293</ele>
    </trkpt>
    <trkpt lat="40.18798" lon="15.47279">
      <ele>749.02</ele>
    </trkpt>
    <trkpt lat="40.18797" lon="15.47276">
      <ele>748.484</ele>
    </trkpt>
    <trkpt lat="40.18797" lon="15.4727">
      <ele>748.052</ele>
    </trkpt>
    <trkpt lat="40.18807" lon="15.47249">
      <ele>750.166</ele>
    </trkpt>
    <trkpt lat="40.18818" lon="15.47231">
      <ele>749.102</ele>
    </trkpt>
    <trkpt lat="40.18859" lon="15.47186">
      <ele>745.744</ele>
    </trkpt>
    <trkpt lat="40.18867" lon="15.4718">
      <ele>744.404</ele>
    </trkpt>
    <trkpt lat="40.18892" lon="15.47169">
      <ele>743.717</ele>
    </trkpt>
    <trkpt lat="40.18903" lon="15.47159">
      <ele>743.72</ele>
    </trkpt>
    <trkpt lat="40.18915" lon="15.47138">
      <ele>741.296</ele>
    </trkpt>
    <trkpt lat="40.18937" lon="15.47071">
      <ele>735.376</ele>
    </trkpt>
    <trkpt lat="40.18942" lon="15.47061">
      <ele>733.383</ele>
    </trkpt>
    <trkpt lat="40.18948" lon="15.47055">
      <ele>733.105</ele>
    </trkpt>
    <trkpt lat="40.18963" lon="15.47049">
      <ele>736.871</ele>
    </trkpt>
    <trkpt lat="40.18967" lon="15.47043">
      <ele>736.786</ele>
    </trkpt>
    <trkpt lat="40.18983" lon="15.47008">
      <ele>734.496</ele>
    </trkpt>
    <trkpt lat="40.18986" lon="15.46993">
      <ele>732.573</ele>
    </trkpt>
    <trkpt lat="40.18986" lon="15.46966">
      <ele>728.232</ele>
    </trkpt>
    <trkpt lat="40.18983" lon="15.46948">
      <ele>726.396</ele>
    </trkpt>
    <trkpt lat="40.18977" lon="15.46932">
      <ele>724.711</ele>
    </trkpt>
    <trkpt lat="40.18966" lon="15.46893">
      <ele>712.917</ele>
    </trkpt>
    <trkpt lat="40.18966" lon="15.46888">
      <ele>711.128</ele>
    </trkpt>
    <trkpt lat="40.18969" lon="15.46883">
      <ele>709.79</ele>
    </trkpt>
    <trkpt lat="40.18991" lon="15.46859">
      <ele>707.798</ele>
    </trkpt>
    <trkpt lat="40.18996" lon="15.46852">
      <ele>707.52</ele>
    </trkpt>
    <trkpt lat="40.19009" lon="15.46816">
      <ele>702.409</ele>
    </trkpt>
    <trkpt lat="40.19008" lon="15.46807">
      <ele>700.793</ele>
    </trkpt>
    <trkpt lat="40.19006" lon="15.46803">
      <ele>699.713</ele>
    </trkpt>
    <trkpt lat="40.18991" lon="15.4679">
      <ele>696.468</ele>
    </trkpt>
    <trkpt lat="40.18989" lon="15.46779">
      <ele>695.856</ele>
    </trkpt>
    <trkpt lat="40.18989" lon="15.46773">
      <ele>695.468</ele>
    </trkpt>
    <trkpt lat="40.18991" lon="15.46764">
      <ele>695.036</ele>
    </trkpt>
    <trkpt lat="40.18998" lon="15.46752">
      <ele>694.928</ele>
    </trkpt>
    <trkpt lat="40.19004" lon="15.46739">
      <ele>695.432</ele>
    </trkpt>
    <trkpt lat="40.19006" lon="15.46728">
      <ele>695.648</ele>
    </trkpt>
    <trkpt lat="40.1901" lon="15.46641">
      <ele>697.031</ele>
    </trkpt>
    <trkpt lat="40.19008" lon="15.46618">
      <ele>697.081</ele>
    </trkpt>
    <trkpt lat="40.19008" lon="15.46562">
      <ele>698.92</ele>
    </trkpt>
    <trkpt lat="40.19007" lon="15.4655">
      <ele>699.258</ele>
    </trkpt>
    <trkpt lat="40.19006" lon="15.4654">
      <ele>699.545</ele>
    </trkpt>
    <trkpt lat="40.19001" lon="15.46518">
      <ele>699.18</ele>
    </trkpt>
    <trkpt lat="40.18997" lon="15.46489">
      <ele>698.482</ele>
    </trkpt>
    <trkpt lat="40.18995" lon="15.46478">
      <ele>697.995</ele>
    </trkpt>
    <trkpt lat="40.18995" lon="15.46473">
      <ele>697.93</ele>
    </trkpt>
    <trkpt lat="40.18996" lon="15.46469">
      <ele>697.887</ele>
    </trkpt>
    <trkpt lat="40.1899" lon="15.46438">
      <ele>693.784</ele>
    </trkpt>
    <trkpt lat="40.1899" lon="15.46431">
      <ele>693.028</ele>
    </trkpt>
    <trkpt lat="40.18991" lon="15.46423">
      <ele>692.416</ele>
    </trkpt>
    <trkpt lat="40.18993" lon="15.46408">
      <ele>691.067</ele>
    </trkpt>
    <trkpt lat="40.19004" lon="15.46382">
      <ele>690.016</ele>
    </trkpt>
    <trkpt lat="40.19014" lon="15.46362">
      <ele>689.656</ele>
    </trkpt>
    <trkpt lat="40.19063" lon="15.46289">
      <ele>685.42</ele>
    </trkpt>
    <trkpt lat="40.19063" lon="15.46289">
      <ele>685.42</ele>
    </trkpt>
    <trkpt lat="40.19063" lon="15.46289">
      <ele>685.42</ele>
    </trkpt>
    <trkpt lat="40.19085" lon="15.46257">
      <ele>683.891</ele>
    </trkpt>
    <trkpt lat="40.19091" lon="15.46239">
      <ele>682.077</ele>
    </trkpt>
    <trkpt lat="40.19091" lon="15.46219">
      <ele>679.448</ele>
    </trkpt>
    <trkpt lat="40.1909" lon="15.46201">
      <ele>677.245</ele>
    </trkpt>
    <trkpt lat="40.1908" lon="15.46161">
      <ele>673.652</ele>
    </trkpt>
    <trkpt lat="40.19077" lon="15.46145">
      <ele>672.814</ele>
    </trkpt>
    <trkpt lat="40.19075" lon="15.46117">
      <ele>670.588</ele>
    </trkpt>
    <trkpt lat="40.19073" lon="15.46106">
      <ele>669.516</ele>
    </trkpt>
    <trkpt lat="40.19064" lon="15.46073">
      <ele>666.055</ele>
    </trkpt>
    <trkpt lat="40.19061" lon="15.46061">
      <ele>664.822</ele>
    </trkpt>
    <trkpt lat="40.19059" lon="15.46038">
      <ele>662.352</ele>
    </trkpt>
    <trkpt lat="40.19057" lon="15.46029">
      <ele>661.236</ele>
    </trkpt>
    <trkpt lat="40.19053" lon="15.46019">
      <ele>659.455</ele>
    </trkpt>
    <trkpt lat="40.19047" lon="15.46012">
      <ele>658.021</ele>
    </trkpt>
    <trkpt lat="40.19039" lon="15.46008">
      <ele>657.041</ele>
    </trkpt>
    <trkpt lat="40.19035" lon="15.46005">
      <ele>656.58</ele>
    </trkpt>
    <trkpt lat="40.19021" lon="15.4599">
      <ele>654.12</ele>
    </trkpt>
    <trkpt lat="40.19007" lon="15.45982">
      <ele>652.033</ele>
    </trkpt>
    <trkpt lat="40.18992" lon="15.45979">
      <ele>647.858</ele>
    </trkpt>
    <trkpt lat="40.18989" lon="15.45977">
      <ele>646.488</ele>
    </trkpt>
    <trkpt lat="40.18989" lon="15.4597">
      <ele>645.945</ele>
    </trkpt>
    <trkpt lat="40.1899" lon="15.45963">
      <ele>645.445</ele>
    </trkpt>
    <trkpt lat="40.18994" lon="15.45954">
      <ele>646.157</ele>
    </trkpt>
    <trkpt lat="40.18999" lon="15.45941">
      <ele>646.513</ele>
    </trkpt>
    <trkpt lat="40.19006" lon="15.4591">
      <ele>639.88</ele>
    </trkpt>
    <trkpt lat="40.19011" lon="15.45897">
      <ele>638.44</ele>
    </trkpt>
    <trkpt lat="40.19025" lon="15.45867">
      <ele>635.639</ele>
    </trkpt>
    <trkpt lat="40.19034" lon="15.45842">
      <ele>632.85</ele>
    </trkpt>
    <trkpt lat="40.19037" lon="15.45836">
      <ele>632.348</ele>
    </trkpt>
    <trkpt lat="40.19051" lon="15.45814">
      <ele>632.002</ele>
    </trkpt>
    <trkpt lat="40.19056" lon="15.45803">
      <ele>631.987</ele>
    </trkpt>
    <trkpt lat="40.19066" lon="15.45781">
      <ele>632.664</ele>
    </trkpt>
    <trkpt lat="40.1907" lon="15.45766">
      <ele>632.232</ele>
    </trkpt>
    <trkpt lat="40.19077" lon="15.45732">
      <ele>630.792</ele>
    </trkpt>
    <trkpt lat="40.19094" lon="15.45681">
      <ele>627.7</ele>
    </trkpt>
    <trkpt lat="40.19099" lon="15.45657">
      <ele>625.3</ele>
    </trkpt>
    <trkpt lat="40.19103" lon="15.45645">
      <ele>624.004</ele>
    </trkpt>
    <trkpt lat="40.19108" lon="15.45638">
      <ele>623.419</ele>
    </trkpt>
    <trkpt lat="40.19116" lon="15.45632">
      <ele>621.708</ele>
    </trkpt>
    <trkpt lat="40.19126" lon="15.45629">
      <ele>620.271</ele>
    </trkpt>
    <trkpt lat="40.19149" lon="15.45631">
      <ele>619.648</ele>
    </trkpt>
    <trkpt lat="40.19165" lon="15.45628">
      <ele>618.316</ele>
    </trkpt>
    <trkpt lat="40.19178" lon="15.45622">
      <ele>616.904</ele>
    </trkpt>
    <trkpt lat="40.1919" lon="15.45609">
      <ele>613.468</ele>
    </trkpt>
    <trkpt lat="40.19206" lon="15.45588">
      <ele>608.662</ele>
    </trkpt>
    <trkpt lat="40.19275" lon="15.45525">
      <ele>601.01</ele>
    </trkpt>
    <trkpt lat="40.19288" lon="15.45507">
      <ele>599.547</ele>
    </trkpt>
    <trkpt lat="40.19309" lon="15.45489">
      <ele>598.97</ele>
    </trkpt>
    <trkpt lat="40.19317" lon="15.45482">
      <ele>598.47</ele>
    </trkpt>
    <trkpt lat="40.19342" lon="15.4544">
      <ele>591.816</ele>
    </trkpt>
    <trkpt lat="40.19345" lon="15.45434">
      <ele>590.628</ele>
    </trkpt>
    <trkpt lat="40.19354" lon="15.45411">
      <ele>585.956</ele>
    </trkpt>
    <trkpt lat="40.19368" lon="15.45396">
      <ele>583.599</ele>
    </trkpt>
    <trkpt lat="40.19385" lon="15.45385">
      <ele>580.86</ele>
    </trkpt>
    <trkpt lat="40.19401" lon="15.45381">
      <ele>578.172</ele>
    </trkpt>
    <trkpt lat="40.19417" lon="15.45382">
      <ele>576.385</ele>
    </trkpt>
    <trkpt lat="40.1948" lon="15.45408">
      <ele>569.329</ele>
    </trkpt>
    <trkpt lat="40.19495" lon="15.4541">
      <ele>569.686</ele>
    </trkpt>
    <trkpt lat="40.19506" lon="15.45408">
      <ele>569.326</ele>
    </trkpt>
    <trkpt lat="40.19533" lon="15.45392">
      <ele>564.041</ele>
    </trkpt>
    <trkpt lat="40.19574" lon="15.45366">
      <ele>557.288</ele>
    </trkpt>
    <trkpt lat="40.19576" lon="15.4536">
      <ele>555.335</ele>
    </trkpt>
    <trkpt lat="40.19576" lon="15.45356">
      <ele>555.993</ele>
    </trkpt>
    <trkpt lat="40.19574" lon="15.45349">
      <ele>556.232</ele>
    </trkpt>
    <trkpt lat="40.19558" lon="15.4533">
      <ele>547.72</ele>
    </trkpt>
    <trkpt lat="40.19554" lon="15.45323">
      <ele>547.445</ele>
    </trkpt>
    <trkpt lat="40.19552" lon="15.45314">
      <ele>549.188</ele>
    </trkpt>
    <trkpt lat="40.19551" lon="15.45304">
      <ele>551.378</ele>
    </trkpt>
    <trkpt lat="40.1955" lon="15.45298">
      <ele>552.232</ele>
    </trkpt>
    <trkpt lat="40.19545" lon="15.45281">
      <ele>552.948</ele>
    </trkpt>
    <trkpt lat="40.19543" lon="15.45271">
      <ele>553.449</ele>
    </trkpt>
    <trkpt lat="40.19542" lon="15.4526">
      <ele>554.607</ele>
    </trkpt>
    <trkpt lat="40.19541" lon="15.45242">
      <ele>556.082</ele>
    </trkpt>
    <trkpt lat="40.19541" lon="15.45233">
      <ele>556.715</ele>
    </trkpt>
    <trkpt lat="40.19537" lon="15.45211">
      <ele>554.173</ele>
    </trkpt>
    <trkpt lat="40.19536" lon="15.45197">
      <ele>553.447</ele>
    </trkpt>
    <trkpt lat="40.19535" lon="15.45171">
      <ele>556.428</ele>
    </trkpt>
    <trkpt lat="40.19533" lon="15.45159">
      <ele>557.78</ele>
    </trkpt>
    <trkpt lat="40.1953" lon="15.45147">
      <ele>559.067</ele>
    </trkpt>
    <trkpt lat="40.19524" lon="15.45135">
      <ele>560.141</ele>
    </trkpt>
    <trkpt lat="40.1951" lon="15.45116">
      <ele>561.217</ele>
    </trkpt>
    <trkpt lat="40.1951" lon="15.45116">
      <ele>561.217</ele>
    </trkpt>
    <trkpt lat="40.1951" lon="15.45116">
      <ele>561.217</ele>
    </trkpt>
    <trkpt lat="40.19505" lon="15.45109">
      <ele>561.46</ele>
    </trkpt>
    <trkpt lat="40.19496" lon="15.45093">
      <ele>562.49</ele>
    </trkpt>
    <trkpt lat="40.19492" lon="15.45082">
      <ele>563.608</ele>
    </trkpt>
    <trkpt lat="40.19492" lon="15.45074">
      <ele>563.896</ele>
    </trkpt>
    <trkpt lat="40.19492" lon="15.45064">
      <ele>564.256</ele>
    </trkpt>
    <trkpt lat="40.19495" lon="15.4505">
      <ele>564.5</ele>
    </trkpt>
    <trkpt lat="40.19505" lon="15.45034">
      <ele>564.473</ele>
    </trkpt>
    <trkpt lat="40.19518" lon="15.45022">
      <ele>564.614</ele>
    </trkpt>
    <trkpt lat="40.19528" lon="15.45013">
      <ele>564.92</ele>
    </trkpt>
    <trkpt lat="40.19545" lon="15.44984">
      <ele>564.773</ele>
    </trkpt>
    <trkpt lat="40.19559" lon="15.44964">
      <ele>565.597</ele>
    </trkpt>
    <trkpt lat="40.19561" lon="15.44958">
      <ele>565.228</ele>
    </trkpt>
    <trkpt lat="40.19563" lon="15.44949">
      <ele>564.488</ele>
    </trkpt>
    <trkpt lat="40.19565" lon="15.44936">
      <ele>562.957</ele>
    </trkpt>
    <trkpt lat="40.19567" lon="15.44928">
      <ele>562.028</ele>
    </trkpt>
    <trkpt lat="40.19585" lon="15.44899">
      <ele>559.718</ele>
    </trkpt>
    <trkpt lat="40.19588" lon="15.44891">
      <ele>559.098</ele>
    </trkpt>
    <trkpt lat="40.1959" lon="15.44878">
      <ele>558.24</ele>
    </trkpt>
    <trkpt lat="40.19592" lon="15.44871">
      <ele>558.028</ele>
    </trkpt>
    <trkpt lat="40.19596" lon="15.44863">
      <ele>557.996</ele>
    </trkpt>
    <trkpt lat="40.19602" lon="15.44855">
      <ele>557.416</ele>
    </trkpt>
    <trkpt lat="40.1962" lon="15.44841">
      <ele>556.951</ele>
    </trkpt>
    <trkpt lat="40.19629" lon="15.44829">
      <ele>556.229</ele>
    </trkpt>
    <trkpt lat="40.19646" lon="15.448">
      <ele>557.965</ele>
    </trkpt>
    <trkpt lat="40.19648" lon="15.44791">
      <ele>557.34</ele>
    </trkpt>
    <trkpt lat="40.19655" lon="15.44717">
      <ele>554.531</ele>
    </trkpt>
    <trkpt lat="40.19655" lon="15.44702">
      <ele>554.218</ele>
    </trkpt>
    <trkpt lat="40.19652" lon="15.4469">
      <ele>552.748</ele>
    </trkpt>
    <trkpt lat="40.19633" lon="15.44641">
      <ele>543.896</ele>
    </trkpt>
    <trkpt lat="40.19628" lon="15.4463">
      <ele>543.288</ele>
    </trkpt>
    <trkpt lat="40.19623" lon="15.44611">
      <ele>543.562</ele>
    </trkpt>
    <trkpt lat="40.19622" lon="15.446">
      <ele>542.709</ele>
    </trkpt>
    <trkpt lat="40.19624" lon="15.44567">
      <ele>539.308</ele>
    </trkpt>
    <trkpt lat="40.19623" lon="15.44529">
      <ele>532.625</ele>
    </trkpt>
    <trkpt lat="40.19624" lon="15.44518">
      <ele>531.166</ele>
    </trkpt>
    <trkpt lat="40.19627" lon="15.44506">
      <ele>529.879</ele>
    </trkpt>
    <trkpt lat="40.19628" lon="15.44499">
      <ele>528.888</ele>
    </trkpt>
    <trkpt lat="40.19628" lon="15.4449">
      <ele>527.522</ele>
    </trkpt>
    <trkpt lat="40.19626" lon="15.44473">
      <ele>524.722</ele>
    </trkpt>
    <trkpt lat="40.19627" lon="15.44465">
      <ele>523.676</ele>
    </trkpt>
    <trkpt lat="40.19628" lon="15.44455">
      <ele>522.344</ele>
    </trkpt>
    <trkpt lat="40.19637" lon="15.44422">
      <ele>520.125</ele>
    </trkpt>
    <trkpt lat="40.19638" lon="15.44411">
      <ele>519.675</ele>
    </trkpt>
    <trkpt lat="40.19638" lon="15.44393">
      <ele>519.047</ele>
    </trkpt>
    <trkpt lat="40.19636" lon="15.44365">
      <ele>520.319</ele>
    </trkpt>
    <trkpt lat="40.19634" lon="15.44352">
      <ele>520.894</ele>
    </trkpt>
    <trkpt lat="40.19632" lon="15.44332">
      <ele>521.82</ele>
    </trkpt>
    <trkpt lat="40.19632" lon="15.44322">
      <ele>522.269</ele>
    </trkpt>
    <trkpt lat="40.19635" lon="15.4431">
      <ele>523.258</ele>
    </trkpt>
    <trkpt lat="40.19641" lon="15.44297">
      <ele>525.257</ele>
    </trkpt>
    <trkpt lat="40.19647" lon="15.44289">
      <ele>526.9</ele>
    </trkpt>
    <trkpt lat="40.1966" lon="15.44274">
      <ele>529.617</ele>
    </trkpt>
    <trkpt lat="40.1967" lon="15.44266">
      <ele>531.448</ele>
    </trkpt>
    <trkpt lat="40.1968" lon="15.44262">
      <ele>533.536</ele>
    </trkpt>
    <trkpt lat="40.19685" lon="15.44258">
      <ele>534.724</ele>
    </trkpt>
    <trkpt lat="40.19689" lon="15.44253">
      <ele>535.804</ele>
    </trkpt>
    <trkpt lat="40.19693" lon="15.44245">
      <ele>536.777</ele>
    </trkpt>
    <trkpt lat="40.19697" lon="15.44228">
      <ele>537.625</ele>
    </trkpt>
    <trkpt lat="40.19697" lon="15.44224">
      <ele>537.638</ele>
    </trkpt>
    <trkpt lat="40.19696" lon="15.44219">
      <ele>537.398</ele>
    </trkpt>
    <trkpt lat="40.19694" lon="15.44215">
      <ele>536.988</ele>
    </trkpt>
    <trkpt lat="40.19698" lon="15.4421">
      <ele>537.952</ele>
    </trkpt>
    <trkpt lat="40.19706" lon="15.44206">
      <ele>540.155</ele>
    </trkpt>
    <trkpt lat="40.19711" lon="15.44196">
      <ele>541.735</ele>
    </trkpt>
    <trkpt lat="40.19716" lon="15.44181">
      <ele>542.616</ele>
    </trkpt>
    <trkpt lat="40.19719" lon="15.44176">
      <ele>543.331</ele>
    </trkpt>
    <trkpt lat="40.19727" lon="15.44164">
      <ele>545.263</ele>
    </trkpt>
    <trkpt lat="40.19742" lon="15.44137">
      <ele>547.848</ele>
    </trkpt>
    <trkpt lat="40.19763" lon="15.44095">
      <ele>548.722</ele>
    </trkpt>
    <trkpt lat="40.19769" lon="15.44075">
      <ele>548.366</ele>
    </trkpt>
    <trkpt lat="40.19778" lon="15.44034">
      <ele>548.52</ele>
    </trkpt>
    <trkpt lat="40.19784" lon="15.44016">
      <ele>548.649</ele>
    </trkpt>
    <trkpt lat="40.19797" lon="15.43982">
      <ele>548.641</ele>
    </trkpt>
    <trkpt lat="40.19812" lon="15.4396">
      <ele>550.604</ele>
    </trkpt>
    <trkpt lat="40.19832" lon="15.43937">
      <ele>553.37</ele>
    </trkpt>
    <trkpt lat="40.19882" lon="15.439">
      <ele>555.952</ele>
    </trkpt>
    <trkpt lat="40.19891" lon="15.43892">
      <ele>555.488</ele>
    </trkpt>
    <trkpt lat="40.19898" lon="15.4388">
      <ele>554.911</ele>
    </trkpt>
    <trkpt lat="40.19902" lon="15.43873">
      <ele>554.53</ele>
    </trkpt>
    <trkpt lat="40.19902" lon="15.43873">
      <ele>554.53</ele>
    </trkpt>
    <trkpt lat="40.19902" lon="15.43873">
      <ele>554.53</ele>
    </trkpt>
    <trkpt lat="40.19914" lon="15.43851">
      <ele>553.141</ele>
    </trkpt>
    <trkpt lat="40.19926" lon="15.43837">
      <ele>552.353</ele>
    </trkpt>
    <trkpt lat="40.19941" lon="15.43827">
      <ele>551.288</ele>
    </trkpt>
    <trkpt lat="40.19965" lon="15.43818">
      <ele>553.304</ele>
    </trkpt>
    <trkpt lat="40.19971" lon="15.43814">
      <ele>553.736</ele>
    </trkpt>
    <trkpt lat="40.19974" lon="15.43808">
      <ele>553.625</ele>
    </trkpt>
    <trkpt lat="40.19975" lon="15.43802">
      <ele>553.6</ele>
    </trkpt>
    <trkpt lat="40.19974" lon="15.43795">
      <ele>553.384</ele>
    </trkpt>
    <trkpt lat="40.19971" lon="15.43782">
      <ele>552.675</ele>
    </trkpt>
    <trkpt lat="40.1997" lon="15.43773">
      <ele>552.202</ele>
    </trkpt>
    <trkpt lat="40.19972" lon="15.43761">
      <ele>552.337</ele>
    </trkpt>
    <trkpt lat="40.19975" lon="15.43751">
      <ele>552.347</ele>
    </trkpt>
    <trkpt lat="40.1998" lon="15.43738">
      <ele>551.112</ele>
    </trkpt>
    <trkpt lat="40.19987" lon="15.43728">
      <ele>550.428</ele>
    </trkpt>
    <trkpt lat="40.19995" lon="15.43721">
      <ele>550.292</ele>
    </trkpt>
    <trkpt lat="40.20038" lon="15.43699">
      <ele>541.88</ele>
    </trkpt>
    <trkpt lat="40.20055" lon="15.43683">
      <ele>536.604</ele>
    </trkpt>
    <trkpt lat="40.20067" lon="15.43674">
      <ele>534.172</ele>
    </trkpt>
    <trkpt lat="40.20087" lon="15.43666">
      <ele>531.856</ele>
    </trkpt>
    <trkpt lat="40.20104" lon="15.43659">
      <ele>530.344</ele>
    </trkpt>
    <trkpt lat="40.20114" lon="15.43651">
      <ele>528.779</ele>
    </trkpt>
    <trkpt lat="40.2012" lon="15.43649">
      <ele>528.708</ele>
    </trkpt>
    <trkpt lat="40.20133" lon="15.43647">
      <ele>529.098</ele>
    </trkpt>
    <trkpt lat="40.20138" lon="15.43645">
      <ele>529.043</ele>
    </trkpt>
    <trkpt lat="40.20153" lon="15.43636">
      <ele>528.339</ele>
    </trkpt>
    <trkpt lat="40.20173" lon="15.43614">
      <ele>523.909</ele>
    </trkpt>
    <trkpt lat="40.20179" lon="15.43609">
      <ele>523.055</ele>
    </trkpt>
    <trkpt lat="40.20189" lon="15.43606">
      <ele>522.996</ele>
    </trkpt>
    <trkpt lat="40.20203" lon="15.43605">
      <ele>524.592</ele>
    </trkpt>
    <trkpt lat="40.20209" lon="15.43604">
      <ele>525.462</ele>
    </trkpt>
    <trkpt lat="40.20215" lon="15.43602">
      <ele>526.145</ele>
    </trkpt>
    <trkpt lat="40.20225" lon="15.43595">
      <ele>526.984</ele>
    </trkpt>
    <trkpt lat="40.20229" lon="15.43589">
      <ele>527.072</ele>
    </trkpt>
    <trkpt lat="40.2023" lon="15.43581">
      <ele>525.833</ele>
    </trkpt>
    <trkpt lat="40.20231" lon="15.43566">
      <ele>523.44</ele>
    </trkpt>
    <trkpt lat="40.20233" lon="15.43553">
      <ele>521.664</ele>
    </trkpt>
    <trkpt lat="40.20243" lon="15.43538">
      <ele>521.844</ele>
    </trkpt>
    <trkpt lat="40.20297" lon="15.43492">
      <ele>516.053</ele>
    </trkpt>
    <trkpt lat="40.20309" lon="15.43487">
      <ele>515.564</ele>
    </trkpt>
    <trkpt lat="40.20329" lon="15.43482">
      <ele>516.644</ele>
    </trkpt>
    <trkpt lat="40.20346" lon="15.43475">
      <ele>516.968</ele>
    </trkpt>
    <trkpt lat="40.20371" lon="15.4346">
      <ele>514.093</ele>
    </trkpt>
    <trkpt lat="40.2039" lon="15.43467">
      <ele>513.165</ele>
    </trkpt>
    <trkpt lat="40.2039" lon="15.43467">
      <ele>513.165</ele>
    </trkpt>
    <trkpt lat="40.2039" lon="15.43467">
      <ele>513.165</ele>
    </trkpt>
    <trkpt lat="40.20396" lon="15.43469">
      <ele>514.129</ele>
    </trkpt>
    <trkpt lat="40.20407" lon="15.43469">
      <ele>515.225</ele>
    </trkpt>
    <trkpt lat="40.20418" lon="15.43465">
      <ele>515.432</ele>
    </trkpt>
    <trkpt lat="40.20501" lon="15.43421">
      <ele>511.128</ele>
    </trkpt>
    <trkpt lat="40.20531" lon="15.43406">
      <ele>508.955</ele>
    </trkpt>
    <trkpt lat="40.20543" lon="15.43404">
      <ele>509.408</ele>
    </trkpt>
    <trkpt lat="40.20564" lon="15.43403">
      <ele>511.28</ele>
    </trkpt>
    <trkpt lat="40.20571" lon="15.43401">
      <ele>511.712</ele>
    </trkpt>
    <trkpt lat="40.20579" lon="15.43397">
      <ele>511.712</ele>
    </trkpt>
    <trkpt lat="40.20597" lon="15.43377">
      <ele>510.237</ele>
    </trkpt>
    <trkpt lat="40.20605" lon="15.43372">
      <ele>510.73</ele>
    </trkpt>
    <trkpt lat="40.20615" lon="15.43371">
      <ele>512.168</ele>
    </trkpt>
    <trkpt lat="40.20624" lon="15.43372">
      <ele>513.164</ele>
    </trkpt>
    <trkpt lat="40.20631" lon="15.43371">
      <ele>513.486</ele>
    </trkpt>
    <trkpt lat="40.20635" lon="15.4337">
      <ele>513.59</ele>
    </trkpt>
    <trkpt lat="40.20641" lon="15.43363">
      <ele>513.006</ele>
    </trkpt>
    <trkpt lat="40.20664" lon="15.433">
      <ele>510.621</ele>
    </trkpt>
    <trkpt lat="40.20688" lon="15.43261">
      <ele>514.336</ele>
    </trkpt>
    <trkpt lat="40.20705" lon="15.43242">
      <ele>514.195</ele>
    </trkpt>
    <trkpt lat="40.20722" lon="15.43225">
      <ele>514.538</ele>
    </trkpt>
    <trkpt lat="40.20749" lon="15.43209">
      <ele>517.863</ele>
    </trkpt>
    <trkpt lat="40.20762" lon="15.43199">
      <ele>516.005</ele>
    </trkpt>
    <trkpt lat="40.20798" lon="15.43166">
      <ele>506.084</ele>
    </trkpt>
    <trkpt lat="40.20812" lon="15.43156">
      <ele>503.633</ele>
    </trkpt>
    <trkpt lat="40.20827" lon="15.43148">
      <ele>502.587</ele>
    </trkpt>
    <trkpt lat="40.20851" lon="15.43138">
      <ele>502.112</ele>
    </trkpt>
    <trkpt lat="40.2086" lon="15.43136">
      <ele>502.4</ele>
    </trkpt>
    <trkpt lat="40.20869" lon="15.43135">
      <ele>502.34</ele>
    </trkpt>
    <trkpt lat="40.20869" lon="15.43135">
      <ele>502.34</ele>
    </trkpt>
    <trkpt lat="40.20869" lon="15.43135">
      <ele>502.34</ele>
    </trkpt>
    <trkpt lat="40.20877" lon="15.4313">
      <ele>501.583</ele>
    </trkpt>
    <trkpt lat="40.20898" lon="15.4313">
      <ele>499.529</ele>
    </trkpt>
    <trkpt lat="40.20915" lon="15.43132">
      <ele>495.661</ele>
    </trkpt>
    <trkpt lat="40.2092" lon="15.43132">
      <ele>494.446</ele>
    </trkpt>
    <trkpt lat="40.20923" lon="15.43129">
      <ele>493.417</ele>
    </trkpt>
    <trkpt lat="40.20926" lon="15.43125">
      <ele>492.316</ele>
    </trkpt>
    <trkpt lat="40.20933" lon="15.43114">
      <ele>489.723</ele>
    </trkpt>
    <trkpt lat="40.20937" lon="15.43108">
      <ele>488.048</ele>
    </trkpt>
    <trkpt lat="40.20961" lon="15.43083">
      <ele>478.953</ele>
    </trkpt>
    <trkpt lat="40.20967" lon="15.43078">
      <ele>476.824</ele>
    </trkpt>
    <trkpt lat="40.20974" lon="15.43074">
      <ele>474.537</ele>
    </trkpt>
    <trkpt lat="40.20978" lon="15.43072">
      <ele>473.143</ele>
    </trkpt>
    <trkpt lat="40.20979" lon="15.43068">
      <ele>472.14</ele>
    </trkpt>
    <trkpt lat="40.2098" lon="15.43064">
      <ele>471.169</ele>
    </trkpt>
    <trkpt lat="40.2098" lon="15.43055">
      <ele>469.514</ele>
    </trkpt>
    <trkpt lat="40.20983" lon="15.4304">
      <ele>466.603</ele>
    </trkpt>
    <trkpt lat="40.20987" lon="15.4303">
      <ele>464.171</ele>
    </trkpt>
    <trkpt lat="40.20994" lon="15.43017">
      <ele>460.744</ele>
    </trkpt>
    <trkpt lat="40.20998" lon="15.43012">
      <ele>459.16</ele>
    </trkpt>
    <trkpt lat="40.21001" lon="15.43009">
      <ele>458.044</ele>
    </trkpt>
    <trkpt lat="40.21013" lon="15.43008">
      <ele>454.876</ele>
    </trkpt>
    <trkpt lat="40.21018" lon="15.43008">
      <ele>453.616</ele>
    </trkpt>
    <trkpt lat="40.21022" lon="15.43005">
      <ele>452.176</ele>
    </trkpt>
    <trkpt lat="40.21042" lon="15.42983">
      <ele>447.623</ele>
    </trkpt>
    <trkpt lat="40.2104" lon="15.4299">
      <ele>448.566</ele>
    </trkpt>
    <trkpt lat="40.2104" lon="15.4299">
      <ele>448.566</ele>
    </trkpt>
    <trkpt lat="40.2104" lon="15.4299">
      <ele>448.566</ele>
    </trkpt>
    <trkpt lat="40.21042" lon="15.42983">
      <ele>447.623</ele>
    </trkpt>
    <trkpt lat="40.21051" lon="15.42961">
      <ele>443.337</ele>
    </trkpt>
    <trkpt lat="40.21055" lon="15.42956">
      <ele>441.787</ele>
    </trkpt>
    <trkpt lat="40.21067" lon="15.42946">
      <ele>439.858</ele>
    </trkpt>
    <trkpt lat="40.21078" lon="15.4294">
      <ele>438.743</ele>
    </trkpt>
    <trkpt lat="40.21081" lon="15.42938">
      <ele>438.407</ele>
    </trkpt>
    <trkpt lat="40.21087" lon="15.42931">
      <ele>437.999</ele>
    </trkpt>
    <trkpt lat="40.21087" lon="15.42931">
      <ele>437.999</ele>
    </trkpt>
    <trkpt lat="40.21087" lon="15.42931">
      <ele>437.999</ele>
    </trkpt>
    <trkpt lat="40.21092" lon="15.4292">
      <ele>438.045</ele>
    </trkpt>
    <trkpt lat="40.21092" lon="15.42916">
      <ele>437.927</ele>
    </trkpt>
    <trkpt lat="40.21091" lon="15.42913">
      <ele>437.956</ele>
    </trkpt>
    <trkpt lat="40.21088" lon="15.42905">
      <ele>437.919</ele>
    </trkpt>
    <trkpt lat="40.21087" lon="15.42896">
      <ele>438.378</ele>
    </trkpt>
    <trkpt lat="40.21088" lon="15.42876">
      <ele>440.026</ele>
    </trkpt>
    <trkpt lat="40.21097" lon="15.42831">
      <ele>442.417</ele>
    </trkpt>
    <trkpt lat="40.21101" lon="15.42823">
      <ele>443.045</ele>
    </trkpt>
    <trkpt lat="40.21101" lon="15.42823">
      <ele>443.045</ele>
    </trkpt>
    <trkpt lat="40.21101" lon="15.42823">
      <ele>443.045</ele>
    </trkpt>
    <trkpt lat="40.21099" lon="15.42814">
      <ele>442.517</ele>
    </trkpt>
    <trkpt lat="40.21099" lon="15.42802">
      <ele>442.312</ele>
    </trkpt>
    <trkpt lat="40.21103" lon="15.42789">
      <ele>442.826</ele>
    </trkpt>
    <trkpt lat="40.21115" lon="15.42779">
      <ele>444.33</ele>
    </trkpt>
    <trkpt lat="40.21135" lon="15.42769">
      <ele>444.816</ele>
    </trkpt>
    <trkpt lat="40.21141" lon="15.42763">
      <ele>444.52</ele>
    </trkpt>
    <trkpt lat="40.21148" lon="15.42751">
      <ele>443.752</ele>
    </trkpt>
    <trkpt lat="40.21152" lon="15.42738">
      <ele>443.08</ele>
    </trkpt>
    <trkpt lat="40.21161" lon="15.42713">
      <ele>441.928</ele>
    </trkpt>
    <trkpt lat="40.2117" lon="15.42696">
      <ele>441.245</ele>
    </trkpt>
    <trkpt lat="40.2117" lon="15.42696">
      <ele>441.245</ele>
    </trkpt>
    <trkpt lat="40.2117" lon="15.42696">
      <ele>441.245</ele>
    </trkpt>
    <trkpt lat="40.21166" lon="15.42686">
      <ele>439.736</ele>
    </trkpt>
  </trkseg>
</trk>
<trk>
  <name>CSN 6 - ROFRANO LAURITO MONTANO PULITA</name>
  <trkseg>
    <trkpt lat="40.21166" lon="15.42688">
      <ele>440.024</ele>
    </trkpt>
    <trkpt lat="40.21166" lon="15.42688">
      <ele>440.024</ele>
    </trkpt>
    <trkpt lat="40.21163" lon="15.4268">
      <ele>438.656</ele>
    </trkpt>
    <trkpt lat="40.2116" lon="15.42677">
      <ele>438.008</ele>
    </trkpt>
    <trkpt lat="40.21154" lon="15.42672">
      <ele>436.856</ele>
    </trkpt>
    <trkpt lat="40.21138" lon="15.42664">
      <ele>434.43</ele>
    </trkpt>
    <trkpt lat="40.21124" lon="15.42663">
      <ele>432.874</ele>
    </trkpt>
    <trkpt lat="40.21124" lon="15.42663">
      <ele>432.874</ele>
    </trkpt>
    <trkpt lat="40.21124" lon="15.42663">
      <ele>432.874</ele>
    </trkpt>
    <trkpt lat="40.21123" lon="15.42657">
      <ele>431.942</ele>
    </trkpt>
    <trkpt lat="40.2112" lon="15.42644">
      <ele>429.99</ele>
    </trkpt>
    <trkpt lat="40.21117" lon="15.42637">
      <ele>429.101</ele>
    </trkpt>
    <trkpt lat="40.21114" lon="15.42634">
      <ele>428.873</ele>
    </trkpt>
    <trkpt lat="40.2111" lon="15.42593">
      <ele>427.428</ele>
    </trkpt>
    <trkpt lat="40.2111" lon="15.42593">
      <ele>427.428</ele>
    </trkpt>
    <trkpt lat="40.2111" lon="15.42593">
      <ele>427.428</ele>
    </trkpt>
    <trkpt lat="40.2111" lon="15.42588">
      <ele>427.248</ele>
    </trkpt>
    <trkpt lat="40.21102" lon="15.42544">
      <ele>427.104</ele>
    </trkpt>
    <trkpt lat="40.21089" lon="15.42506">
      <ele>426.012</ele>
    </trkpt>
    <trkpt lat="40.21082" lon="15.4247">
      <ele>425.968</ele>
    </trkpt>
    <trkpt lat="40.21081" lon="15.42467">
      <ele>425.896</ele>
    </trkpt>
    <trkpt lat="40.21079" lon="15.42469">
      <ele>426.04</ele>
    </trkpt>
    <trkpt lat="40.21079" lon="15.42469">
      <ele>426.04</ele>
    </trkpt>
    <trkpt lat="40.21079" lon="15.42469">
      <ele>426.04</ele>
    </trkpt>
    <trkpt lat="40.21083" lon="15.42526">
      <ele>426.96</ele>
    </trkpt>
    <trkpt lat="40.21083" lon="15.42531">
      <ele>427.255</ele>
    </trkpt>
    <trkpt lat="40.21078" lon="15.42534">
      <ele>427.789</ele>
    </trkpt>
    <trkpt lat="40.21063" lon="15.42534">
      <ele>428.748</ele>
    </trkpt>
    <trkpt lat="40.21058" lon="15.42536">
      <ele>429.146</ele>
    </trkpt>
    <trkpt lat="40.21057" lon="15.42537">
      <ele>429.245</ele>
    </trkpt>
    <trkpt lat="40.21057" lon="15.42537">
      <ele>429.245</ele>
    </trkpt>
    <trkpt lat="40.21057" lon="15.42537">
      <ele>429.245</ele>
    </trkpt>
    <trkpt lat="40.2103" lon="15.42551">
      <ele>429.067</ele>
    </trkpt>
    <trkpt lat="40.21028" lon="15.42555">
      <ele>429.008</ele>
    </trkpt>
    <trkpt lat="40.21028" lon="15.4256">
      <ele>429.168</ele>
    </trkpt>
    <trkpt lat="40.2104" lon="15.42584">
      <ele>430.451</ele>
    </trkpt>
    <trkpt lat="40.21038" lon="15.42586">
      <ele>430.403</ele>
    </trkpt>
    <trkpt lat="40.21035" lon="15.42584">
      <ele>430.266</ele>
    </trkpt>
    <trkpt lat="40.21028" lon="15.4257">
      <ele>429.528</ele>
    </trkpt>
    <trkpt lat="40.21023" lon="15.42559">
      <ele>428.78</ele>
    </trkpt>
    <trkpt lat="40.21019" lon="15.42543">
      <ele>428.368</ele>
    </trkpt>
    <trkpt lat="40.21017" lon="15.4254">
      <ele>428.224</ele>
    </trkpt>
    <trkpt lat="40.21013" lon="15.42543">
      <ele>427.936</ele>
    </trkpt>
    <trkpt lat="40.2101" lon="15.42574">
      <ele>428.384</ele>
    </trkpt>
    <trkpt lat="40.2101" lon="15.42574">
      <ele>428.384</ele>
    </trkpt>
    <trkpt lat="40.20993" lon="15.42521">
      <ele>426.435</ele>
    </trkpt>
    <trkpt lat="40.20993" lon="15.42521">
      <ele>426.435</ele>
    </trkpt>
    <trkpt lat="40.20987" lon="15.42464">
      <ele>422.638</ele>
    </trkpt>
    <trkpt lat="40.20987" lon="15.42464">
      <ele>422.638</ele>
    </trkpt>
    <trkpt lat="40.21011" lon="15.4242">
      <ele>424.937</ele>
    </trkpt>
    <trkpt lat="40.21011" lon="15.4242">
      <ele>424.937</ele>
    </trkpt>
    <trkpt lat="40.21036" lon="15.42382">
      <ele>418.434</ele>
    </trkpt>
    <trkpt lat="40.21036" lon="15.42382">
      <ele>418.434</ele>
    </trkpt>
    <trkpt lat="40.21055" lon="15.42358">
      <ele>403.424</ele>
    </trkpt>
    <trkpt lat="40.21055" lon="15.42358">
      <ele>403.424</ele>
    </trkpt>
    <trkpt lat="40.21055" lon="15.42356">
      <ele>402.347</ele>
    </trkpt>
    <trkpt lat="40.21067" lon="15.42372">
      <ele>404.518</ele>
    </trkpt>
    <trkpt lat="40.21076" lon="15.42379">
      <ele>403.054</ele>
    </trkpt>
    <trkpt lat="40.21098" lon="15.42394">
      <ele>401.265</ele>
    </trkpt>
    <trkpt lat="40.21115" lon="15.42412">
      <ele>401.799</ele>
    </trkpt>
    <trkpt lat="40.21137" lon="15.42449">
      <ele>400.157</ele>
    </trkpt>
    <trkpt lat="40.21137" lon="15.42449">
      <ele>400.157</ele>
    </trkpt>
    <trkpt lat="40.21137" lon="15.42449">
      <ele>400.157</ele>
    </trkpt>
    <trkpt lat="40.21143" lon="15.42459">
      <ele>400.85</ele>
    </trkpt>
    <trkpt lat="40.21148" lon="15.42468">
      <ele>402.018</ele>
    </trkpt>
    <trkpt lat="40.21152" lon="15.42472">
      <ele>402.116</ele>
    </trkpt>
    <trkpt lat="40.21152" lon="15.42472">
      <ele>402.116</ele>
    </trkpt>
    <trkpt lat="40.21152" lon="15.42472">
      <ele>402.116</ele>
    </trkpt>
    <trkpt lat="40.21148" lon="15.42468">
      <ele>402.018</ele>
    </trkpt>
    <trkpt lat="40.21147" lon="15.42458">
      <ele>399.814</ele>
    </trkpt>
    <trkpt lat="40.21144" lon="15.42445">
      <ele>397.216</ele>
    </trkpt>
    <trkpt lat="40.21143" lon="15.4243">
      <ele>395.546</ele>
    </trkpt>
    <trkpt lat="40.21142" lon="15.42409">
      <ele>391.856</ele>
    </trkpt>
    <trkpt lat="40.21141" lon="15.42399">
      <ele>388.937</ele>
    </trkpt>
    <trkpt lat="40.21135" lon="15.42387">
      <ele>386.479</ele>
    </trkpt>
    <trkpt lat="40.21135" lon="15.42382">
      <ele>384.784</ele>
    </trkpt>
    <trkpt lat="40.21135" lon="15.4237">
      <ele>380.714</ele>
    </trkpt>
    <trkpt lat="40.21131" lon="15.4236">
      <ele>378.077</ele>
    </trkpt>
    <trkpt lat="40.21125" lon="15.4235">
      <ele>375.9</ele>
    </trkpt>
    <trkpt lat="40.2112" lon="15.42338">
      <ele>372.612</ele>
    </trkpt>
    <trkpt lat="40.21116" lon="15.42325">
      <ele>368.93</ele>
    </trkpt>
    <trkpt lat="40.21116" lon="15.42325">
      <ele>368.93</ele>
    </trkpt>
    <trkpt lat="40.21116" lon="15.42325">
      <ele>368.93</ele>
    </trkpt>
    <trkpt lat="40.21112" lon="15.42311">
      <ele>364.745</ele>
    </trkpt>
    <trkpt lat="40.21098" lon="15.42279">
      <ele>356.35</ele>
    </trkpt>
    <trkpt lat="40.2109" lon="15.42244">
      <ele>343.095</ele>
    </trkpt>
    <trkpt lat="40.21088" lon="15.42237">
      <ele>340.034</ele>
    </trkpt>
    <trkpt lat="40.21083" lon="15.42232">
      <ele>337.24</ele>
    </trkpt>
    <trkpt lat="40.2107" lon="15.42225">
      <ele>334.728</ele>
    </trkpt>
    <trkpt lat="40.21056" lon="15.42216">
      <ele>331.972</ele>
    </trkpt>
    <trkpt lat="40.21049" lon="15.42217">
      <ele>332.691</ele>
    </trkpt>
    <trkpt lat="40.21049" lon="15.42217">
      <ele>332.691</ele>
    </trkpt>
    <trkpt lat="40.21049" lon="15.42217">
      <ele>332.691</ele>
    </trkpt>
    <trkpt lat="40.21037" lon="15.42217">
      <ele>333.393</ele>
    </trkpt>
    <trkpt lat="40.21026" lon="15.4222">
      <ele>334.644</ele>
    </trkpt>
    <trkpt lat="40.21007" lon="15.42221">
      <ele>329.762</ele>
    </trkpt>
    <trkpt lat="40.20998" lon="15.42217">
      <ele>326.713</ele>
    </trkpt>
    <trkpt lat="40.20991" lon="15.42209">
      <ele>323.967</ele>
    </trkpt>
    <trkpt lat="40.2097" lon="15.42181">
      <ele>321.009</ele>
    </trkpt>
    <trkpt lat="40.2097" lon="15.42181">
      <ele>321.009</ele>
    </trkpt>
    <trkpt lat="40.2097" lon="15.42181">
      <ele>321.009</ele>
    </trkpt>
    <trkpt lat="40.20952" lon="15.42163">
      <ele>328.436</ele>
    </trkpt>
    <trkpt lat="40.20945" lon="15.42158">
      <ele>331.681</ele>
    </trkpt>
    <trkpt lat="40.20926" lon="15.42154">
      <ele>336.056</ele>
    </trkpt>
    <trkpt lat="40.20904" lon="15.42144">
      <ele>339.524</ele>
    </trkpt>
    <trkpt lat="40.20884" lon="15.42127">
      <ele>341.688</ele>
    </trkpt>
    <trkpt lat="40.20861" lon="15.42105">
      <ele>342.54</ele>
    </trkpt>
    <trkpt lat="40.20829" lon="15.42067">
      <ele>351.804</ele>
    </trkpt>
    <trkpt lat="40.20815" lon="15.42046">
      <ele>356.088</ele>
    </trkpt>
    <trkpt lat="40.20805" lon="15.42036">
      <ele>357.856</ele>
    </trkpt>
    <trkpt lat="40.20788" lon="15.42027">
      <ele>358.353</ele>
    </trkpt>
    <trkpt lat="40.20776" lon="15.42018">
      <ele>360.113</ele>
    </trkpt>
    <trkpt lat="40.20766" lon="15.42006">
      <ele>361.964</ele>
    </trkpt>
    <trkpt lat="40.20752" lon="15.41996">
      <ele>362.057</ele>
    </trkpt>
    <trkpt lat="40.2075" lon="15.41995">
      <ele>361.98</ele>
    </trkpt>
    <trkpt lat="40.2075" lon="15.41995">
      <ele>361.98</ele>
    </trkpt>
    <trkpt lat="40.2075" lon="15.41995">
      <ele>361.98</ele>
    </trkpt>
    <trkpt lat="40.20731" lon="15.4199">
      <ele>360.786</ele>
    </trkpt>
    <trkpt lat="40.20714" lon="15.41987">
      <ele>360.912</ele>
    </trkpt>
    <trkpt lat="40.20703" lon="15.41981">
      <ele>363.9</ele>
    </trkpt>
    <trkpt lat="40.20679" lon="15.41963">
      <ele>369.357</ele>
    </trkpt>
    <trkpt lat="40.20628" lon="15.41943">
      <ele>373.559</ele>
    </trkpt>
    <trkpt lat="40.20606" lon="15.41939">
      <ele>374.724</ele>
    </trkpt>
    <trkpt lat="40.20593" lon="15.4194">
      <ele>375.52</ele>
    </trkpt>
    <trkpt lat="40.20577" lon="15.41945">
      <ele>375.858</ele>
    </trkpt>
    <trkpt lat="40.20571" lon="15.41944">
      <ele>376.016</ele>
    </trkpt>
    <trkpt lat="40.20531" lon="15.41925">
      <ele>375.551</ele>
    </trkpt>
    <trkpt lat="40.20516" lon="15.41919">
      <ele>374.489</ele>
    </trkpt>
    <trkpt lat="40.20478" lon="15.41912">
      <ele>370.098</ele>
    </trkpt>
    <trkpt lat="40.20467" lon="15.41907">
      <ele>368.887</ele>
    </trkpt>
    <trkpt lat="40.20456" lon="15.41901">
      <ele>367.867</ele>
    </trkpt>
    <trkpt lat="40.20443" lon="15.41885">
      <ele>367.807</ele>
    </trkpt>
    <trkpt lat="40.20443" lon="15.41885">
      <ele>367.807</ele>
    </trkpt>
    <trkpt lat="40.20443" lon="15.41885">
      <ele>367.807</ele>
    </trkpt>
    <trkpt lat="40.20443" lon="15.41885">
      <ele>367.807</ele>
    </trkpt>
    <trkpt lat="40.20438" lon="15.41882">
      <ele>367.187</ele>
    </trkpt>
    <trkpt lat="40.20375" lon="15.41823">
      <ele>359.756</ele>
    </trkpt>
    <trkpt lat="40.20333" lon="15.41783">
      <ele>353.145</ele>
    </trkpt>
    <trkpt lat="40.20326" lon="15.41773">
      <ele>351.681</ele>
    </trkpt>
    <trkpt lat="40.20322" lon="15.41761">
      <ele>350.271</ele>
    </trkpt>
    <trkpt lat="40.20318" lon="15.41758">
      <ele>349.294</ele>
    </trkpt>
    <trkpt lat="40.20311" lon="15.41756">
      <ele>347.739</ele>
    </trkpt>
    <trkpt lat="40.20292" lon="15.41757">
      <ele>343.951</ele>
    </trkpt>
    <trkpt lat="40.2028" lon="15.41751">
      <ele>340.621</ele>
    </trkpt>
    <trkpt lat="40.20271" lon="15.41741">
      <ele>337.809</ele>
    </trkpt>
    <trkpt lat="40.20265" lon="15.41728">
      <ele>335.292</ele>
    </trkpt>
    <trkpt lat="40.2026" lon="15.41715">
      <ele>332.74</ele>
    </trkpt>
    <trkpt lat="40.20253" lon="15.41704">
      <ele>329.788</ele>
    </trkpt>
    <trkpt lat="40.20247" lon="15.41698">
      <ele>328.019</ele>
    </trkpt>
    <trkpt lat="40.20238" lon="15.417">
      <ele>327.045</ele>
    </trkpt>
    <trkpt lat="40.20228" lon="15.41708">
      <ele>325.929</ele>
    </trkpt>
    <trkpt lat="40.20221" lon="15.41707">
      <ele>325.149</ele>
    </trkpt>
    <trkpt lat="40.20209" lon="15.41701">
      <ele>327.433</ele>
    </trkpt>
    <trkpt lat="40.202" lon="15.41703">
      <ele>328.629</ele>
    </trkpt>
    <trkpt lat="40.20192" lon="15.41715">
      <ele>326.65</ele>
    </trkpt>
    <trkpt lat="40.2019" lon="15.41714">
      <ele>327.393</ele>
    </trkpt>
    <trkpt lat="40.20189" lon="15.41712">
      <ele>328.172</ele>
    </trkpt>
    <trkpt lat="40.20192" lon="15.417">
      <ele>330.875</ele>
    </trkpt>
    <trkpt lat="40.20192" lon="15.41695">
      <ele>332.284</ele>
    </trkpt>
    <trkpt lat="40.20192" lon="15.41682">
      <ele>335.207</ele>
    </trkpt>
    <trkpt lat="40.20192" lon="15.41682">
      <ele>335.207</ele>
    </trkpt>
    <trkpt lat="40.20192" lon="15.41682">
      <ele>335.207</ele>
    </trkpt>
    <trkpt lat="40.20192" lon="15.41681">
      <ele>335.429</ele>
    </trkpt>
    <trkpt lat="40.20193" lon="15.41666">
      <ele>338.555</ele>
    </trkpt>
    <trkpt lat="40.2019" lon="15.41655">
      <ele>342.413</ele>
    </trkpt>
    <trkpt lat="40.20184" lon="15.41651">
      <ele>344.932</ele>
    </trkpt>
    <trkpt lat="40.20177" lon="15.4165">
      <ele>346.819</ele>
    </trkpt>
    <trkpt lat="40.20166" lon="15.41655">
      <ele>348.04</ele>
    </trkpt>
    <trkpt lat="40.20143" lon="15.41662">
      <ele>350.15</ele>
    </trkpt>
    <trkpt lat="40.20134" lon="15.41663">
      <ele>351.188</ele>
    </trkpt>
    <trkpt lat="40.20125" lon="15.41663">
      <ele>352.16</ele>
    </trkpt>
    <trkpt lat="40.20112" lon="15.41666">
      <ele>353.024</ele>
    </trkpt>
    <trkpt lat="40.20106" lon="15.41668">
      <ele>353.158</ele>
    </trkpt>
    <trkpt lat="40.20098" lon="15.41671">
      <ele>353.173</ele>
    </trkpt>
    <trkpt lat="40.20092" lon="15.4167">
      <ele>353.731</ele>
    </trkpt>
    <trkpt lat="40.20087" lon="15.41665">
      <ele>355.088</ele>
    </trkpt>
    <trkpt lat="40.20071" lon="15.41616">
      <ele>364.218</ele>
    </trkpt>
    <trkpt lat="40.20066" lon="15.41606">
      <ele>366.035</ele>
    </trkpt>
    <trkpt lat="40.20048" lon="15.41583">
      <ele>371.613</ele>
    </trkpt>
    <trkpt lat="40.20045" lon="15.41574">
      <ele>373.648</ele>
    </trkpt>
    <trkpt lat="40.20041" lon="15.41551">
      <ele>378.422</ele>
    </trkpt>
    <trkpt lat="40.20038" lon="15.41544">
      <ele>379.865</ele>
    </trkpt>
    <trkpt lat="40.20031" lon="15.41533">
      <ele>382.038</ele>
    </trkpt>
    <trkpt lat="40.20031" lon="15.41533">
      <ele>382.038</ele>
    </trkpt>
    <trkpt lat="40.20031" lon="15.41533">
      <ele>382.038</ele>
    </trkpt>
    <trkpt lat="40.20029" lon="15.4153">
      <ele>382.596</ele>
    </trkpt>
    <trkpt lat="40.20026" lon="15.41518">
      <ele>385.089</ele>
    </trkpt>
    <trkpt lat="40.2002" lon="15.41495">
      <ele>389.85</ele>
    </trkpt>
    <trkpt lat="40.20008" lon="15.41473">
      <ele>394.812</ele>
    </trkpt>
    <trkpt lat="40.20005" lon="15.41465">
      <ele>395.993</ele>
    </trkpt>
    <trkpt lat="40.20002" lon="15.41458">
      <ele>397.011</ele>
    </trkpt>
    <trkpt lat="40.19998" lon="15.41452">
      <ele>397.945</ele>
    </trkpt>
    <trkpt lat="40.19976" lon="15.41441">
      <ele>400.36</ele>
    </trkpt>
    <trkpt lat="40.19969" lon="15.41434">
      <ele>401.62</ele>
    </trkpt>
    <trkpt lat="40.19958" lon="15.41419">
      <ele>404.176</ele>
    </trkpt>
    <trkpt lat="40.19932" lon="15.41342">
      <ele>413.96</ele>
    </trkpt>
    <trkpt lat="40.19926" lon="15.41331">
      <ele>414.708</ele>
    </trkpt>
    <trkpt lat="40.19916" lon="15.41321">
      <ele>414.872</ele>
    </trkpt>
    <trkpt lat="40.19907" lon="15.41318">
      <ele>416.6</ele>
    </trkpt>
    <trkpt lat="40.19893" lon="15.41318">
      <ele>418.616</ele>
    </trkpt>
    <trkpt lat="40.19871" lon="15.4132">
      <ele>420.208</ele>
    </trkpt>
    <trkpt lat="40.19849" lon="15.41321">
      <ele>421.018</ele>
    </trkpt>
    <trkpt lat="40.19827" lon="15.41326">
      <ele>420.852</ele>
    </trkpt>
    <trkpt lat="40.19798" lon="15.41321">
      <ele>421.171</ele>
    </trkpt>
    <trkpt lat="40.19788" lon="15.41314">
      <ele>422.015</ele>
    </trkpt>
    <trkpt lat="40.19768" lon="15.41288">
      <ele>424.789</ele>
    </trkpt>
    <trkpt lat="40.19756" lon="15.41261">
      <ele>428.133</ele>
    </trkpt>
    <trkpt lat="40.19756" lon="15.41261">
      <ele>428.133</ele>
    </trkpt>
    <trkpt lat="40.19756" lon="15.41261">
      <ele>428.133</ele>
    </trkpt>
    <trkpt lat="40.19754" lon="15.41255">
      <ele>429.25</ele>
    </trkpt>
    <trkpt lat="40.19749" lon="15.41258">
      <ele>428.015</ele>
    </trkpt>
    <trkpt lat="40.1973" lon="15.41278">
      <ele>425.127</ele>
    </trkpt>
    <trkpt lat="40.19723" lon="15.41282">
      <ele>425.443</ele>
    </trkpt>
    <trkpt lat="40.19711" lon="15.41284">
      <ele>426.54</ele>
    </trkpt>
    <trkpt lat="40.19691" lon="15.41281">
      <ele>428.995</ele>
    </trkpt>
    <trkpt lat="40.1967" lon="15.41273">
      <ele>432.328</ele>
    </trkpt>
    <trkpt lat="40.19642" lon="15.41256">
      <ele>434.944</ele>
    </trkpt>
    <trkpt lat="40.19618" lon="15.41238">
      <ele>439.664</ele>
    </trkpt>
    <trkpt lat="40.19573" lon="15.4121">
      <ele>444.368</ele>
    </trkpt>
    <trkpt lat="40.19546" lon="15.41197">
      <ele>443.912</ele>
    </trkpt>
    <trkpt lat="40.19539" lon="15.41192">
      <ele>444.196</ele>
    </trkpt>
    <trkpt lat="40.19524" lon="15.41181">
      <ele>444.524</ele>
    </trkpt>
    <trkpt lat="40.1951" lon="15.41172">
      <ele>444.706</ele>
    </trkpt>
    <trkpt lat="40.19499" lon="15.41168">
      <ele>444.676</ele>
    </trkpt>
    <trkpt lat="40.19479" lon="15.41167">
      <ele>444.172</ele>
    </trkpt>
    <trkpt lat="40.19468" lon="15.41164">
      <ele>444.561</ele>
    </trkpt>
    <trkpt lat="40.19429" lon="15.41148">
      <ele>447.925</ele>
    </trkpt>
    <trkpt lat="40.1942" lon="15.41146">
      <ele>448.804</ele>
    </trkpt>
    <trkpt lat="40.19404" lon="15.41148">
      <ele>447.614</ele>
    </trkpt>
    <trkpt lat="40.1939" lon="15.41147">
      <ele>447.024</ele>
    </trkpt>
    <trkpt lat="40.19338" lon="15.41134">
      <ele>447.896</ele>
    </trkpt>
    <trkpt lat="40.19328" lon="15.41128">
      <ele>449.936</ele>
    </trkpt>
    <trkpt lat="40.19328" lon="15.41128">
      <ele>449.936</ele>
    </trkpt>
    <trkpt lat="40.19328" lon="15.41128">
      <ele>449.936</ele>
    </trkpt>
    <trkpt lat="40.19325" lon="15.41126">
      <ele>450.548</ele>
    </trkpt>
    <trkpt lat="40.19315" lon="15.41116">
      <ele>453.428</ele>
    </trkpt>
    <trkpt lat="40.19308" lon="15.41111">
      <ele>454.932</ele>
    </trkpt>
    <trkpt lat="40.19304" lon="15.41105">
      <ele>455.932</ele>
    </trkpt>
    <trkpt lat="40.193" lon="15.41094">
      <ele>457.48</ele>
    </trkpt>
    <trkpt lat="40.19293" lon="15.41079">
      <ele>459.283</ele>
    </trkpt>
    <trkpt lat="40.19285" lon="15.41069">
      <ele>459.596</ele>
    </trkpt>
    <trkpt lat="40.19271" lon="15.41055">
      <ele>459.119</ele>
    </trkpt>
    <trkpt lat="40.19264" lon="15.4105">
      <ele>458.917</ele>
    </trkpt>
    <trkpt lat="40.19251" lon="15.41039">
      <ele>458.549</ele>
    </trkpt>
    <trkpt lat="40.19243" lon="15.41027">
      <ele>458.068</ele>
    </trkpt>
    <trkpt lat="40.19235" lon="15.41005">
      <ele>458.14</ele>
    </trkpt>
    <trkpt lat="40.19228" lon="15.4098">
      <ele>458.104</ele>
    </trkpt>
    <trkpt lat="40.19225" lon="15.40976">
      <ele>457.528</ele>
    </trkpt>
    <trkpt lat="40.19221" lon="15.40975">
      <ele>457.161</ele>
    </trkpt>
    <trkpt lat="40.19215" lon="15.40975">
      <ele>458.932</ele>
    </trkpt>
    <trkpt lat="40.19212" lon="15.40981">
      <ele>458.75</ele>
    </trkpt>
    <trkpt lat="40.19209" lon="15.40983">
      <ele>459.03</ele>
    </trkpt>
    <trkpt lat="40.19205" lon="15.40983">
      <ele>459.88</ele>
    </trkpt>
    <trkpt lat="40.19201" lon="15.40984">
      <ele>460.437</ele>
    </trkpt>
    <trkpt lat="40.19197" lon="15.40986">
      <ele>460.577</ele>
    </trkpt>
    <trkpt lat="40.19193" lon="15.4099">
      <ele>460.201</ele>
    </trkpt>
    <trkpt lat="40.19191" lon="15.40997">
      <ele>458.638</ele>
    </trkpt>
    <trkpt lat="40.19184" lon="15.4101">
      <ele>459.045</ele>
    </trkpt>
    <trkpt lat="40.19181" lon="15.41014">
      <ele>459.984</ele>
    </trkpt>
    <trkpt lat="40.19179" lon="15.41016">
      <ele>460.797</ele>
    </trkpt>
    <trkpt lat="40.19171" lon="15.41017">
      <ele>465.271</ele>
    </trkpt>
    <trkpt lat="40.19167" lon="15.4102">
      <ele>467.361</ele>
    </trkpt>
    <trkpt lat="40.19164" lon="15.41025">
      <ele>468.352</ele>
    </trkpt>
    <trkpt lat="40.19164" lon="15.41025">
      <ele>468.352</ele>
    </trkpt>
    <trkpt lat="40.19164" lon="15.41025">
      <ele>468.352</ele>
    </trkpt>
    <trkpt lat="40.1916" lon="15.41031">
      <ele>469.444</ele>
    </trkpt>
    <trkpt lat="40.19156" lon="15.41034">
      <ele>470.798</ele>
    </trkpt>
    <trkpt lat="40.1915" lon="15.41037">
      <ele>473.071</ele>
    </trkpt>
    <trkpt lat="40.1913" lon="15.41046">
      <ele>478.422</ele>
    </trkpt>
    <trkpt lat="40.19119" lon="15.41051">
      <ele>479.473</ele>
    </trkpt>
    <trkpt lat="40.19085" lon="15.4107">
      <ele>480.709</ele>
    </trkpt>
    <trkpt lat="40.19085" lon="15.4107">
      <ele>480.709</ele>
    </trkpt>
    <trkpt lat="40.19085" lon="15.4107">
      <ele>480.709</ele>
    </trkpt>
    <trkpt lat="40.19073" lon="15.41077">
      <ele>481.4</ele>
    </trkpt>
    <trkpt lat="40.19066" lon="15.41081">
      <ele>481.832</ele>
    </trkpt>
    <trkpt lat="40.19061" lon="15.41083">
      <ele>482.264</ele>
    </trkpt>
    <trkpt lat="40.19055" lon="15.41082">
      <ele>483.232</ele>
    </trkpt>
    <trkpt lat="40.19049" lon="15.41078">
      <ele>484.24</ele>
    </trkpt>
    <trkpt lat="40.19039" lon="15.41077">
      <ele>485.104</ele>
    </trkpt>
    <trkpt lat="40.18958" lon="15.41078">
      <ele>485.792</ele>
    </trkpt>
    <trkpt lat="40.18941" lon="15.41082">
      <ele>486.806</ele>
    </trkpt>
    <trkpt lat="40.18905" lon="15.41104">
      <ele>489.272</ele>
    </trkpt>
    <trkpt lat="40.18892" lon="15.41113">
      <ele>490.289</ele>
    </trkpt>
    <trkpt lat="40.18846" lon="15.41113">
      <ele>493.447</ele>
    </trkpt>
    <trkpt lat="40.1883" lon="15.4111">
      <ele>491.92</ele>
    </trkpt>
    <trkpt lat="40.18827" lon="15.41108">
      <ele>492.1</ele>
    </trkpt>
    <trkpt lat="40.18827" lon="15.41108">
      <ele>492.1</ele>
    </trkpt>
    <trkpt lat="40.18827" lon="15.41108">
      <ele>492.1</ele>
    </trkpt>
    <trkpt lat="40.18819" lon="15.41101">
      <ele>493.0</ele>
    </trkpt>
    <trkpt lat="40.18799" lon="15.41071">
      <ele>498.033</ele>
    </trkpt>
    <trkpt lat="40.18795" lon="15.41059">
      <ele>500.565</ele>
    </trkpt>
    <trkpt lat="40.18788" lon="15.41046">
      <ele>503.097</ele>
    </trkpt>
    <trkpt lat="40.18775" lon="15.41039">
      <ele>503.668</ele>
    </trkpt>
    <trkpt lat="40.18719" lon="15.41032">
      <ele>505.017</ele>
    </trkpt>
    <trkpt lat="40.18709" lon="15.41026">
      <ele>505.041</ele>
    </trkpt>
    <trkpt lat="40.18707" lon="15.41019">
      <ele>506.268</ele>
    </trkpt>
    <trkpt lat="40.18706" lon="15.40988">
      <ele>513.784</ele>
    </trkpt>
    <trkpt lat="40.18698" lon="15.40965">
      <ele>517.844</ele>
    </trkpt>
    <trkpt lat="40.18691" lon="15.40956">
      <ele>517.476</ele>
    </trkpt>
    <trkpt lat="40.18681" lon="15.40952">
      <ele>513.804</ele>
    </trkpt>
    <trkpt lat="40.18674" lon="15.40945">
      <ele>512.292</ele>
    </trkpt>
    <trkpt lat="40.18673" lon="15.40933">
      <ele>514.942</ele>
    </trkpt>
    <trkpt lat="40.18679" lon="15.40897">
      <ele>528.115</ele>
    </trkpt>
    <trkpt lat="40.18678" lon="15.40887">
      <ele>530.616</ele>
    </trkpt>
    <trkpt lat="40.18675" lon="15.40883">
      <ele>530.22</ele>
    </trkpt>
    <trkpt lat="40.18666" lon="15.40886">
      <ele>524.131</ele>
    </trkpt>
    <trkpt lat="40.18638" lon="15.40921">
      <ele>516.975</ele>
    </trkpt>
    <trkpt lat="40.1863" lon="15.40925">
      <ele>519.044</ele>
    </trkpt>
    <trkpt lat="40.18621" lon="15.40933">
      <ele>520.057</ele>
    </trkpt>
    <trkpt lat="40.18611" lon="15.40952">
      <ele>516.512</ele>
    </trkpt>
    <trkpt lat="40.18592" lon="15.40972">
      <ele>517.402</ele>
    </trkpt>
    <trkpt lat="40.18586" lon="15.40979">
      <ele>516.529</ele>
    </trkpt>
    <trkpt lat="40.18586" lon="15.40979">
      <ele>516.529</ele>
    </trkpt>
    <trkpt lat="40.18586" lon="15.40979">
      <ele>516.529</ele>
    </trkpt>
    <trkpt lat="40.18576" lon="15.40988">
      <ele>515.884</ele>
    </trkpt>
    <trkpt lat="40.18554" lon="15.41006">
      <ele>518.016</ele>
    </trkpt>
    <trkpt lat="40.18533" lon="15.41018">
      <ele>518.18</ele>
    </trkpt>
    <trkpt lat="40.18517" lon="15.41026">
      <ele>520.065</ele>
    </trkpt>
    <trkpt lat="40.18476" lon="15.41036">
      <ele>529.952</ele>
    </trkpt>
    <trkpt lat="40.18455" lon="15.41038">
      <ele>534.268</ele>
    </trkpt>
    <trkpt lat="40.1844" lon="15.41044">
      <ele>535.771</ele>
    </trkpt>
    <trkpt lat="40.18423" lon="15.41056">
      <ele>535.479</ele>
    </trkpt>
    <trkpt lat="40.18384" lon="15.41088">
      <ele>535.248</ele>
    </trkpt>
    <trkpt lat="40.18351" lon="15.41101">
      <ele>542.651</ele>
    </trkpt>
    <trkpt lat="40.18324" lon="15.41106">
      <ele>549.64</ele>
    </trkpt>
    <trkpt lat="40.18314" lon="15.4111">
      <ele>551.152</ele>
    </trkpt>
    <trkpt lat="40.18314" lon="15.41111">
      <ele>550.9</ele>
    </trkpt>
    <trkpt lat="40.18314" lon="15.41111">
      <ele>550.9</ele>
    </trkpt>
    <trkpt lat="40.18314" lon="15.41111">
      <ele>550.9</ele>
    </trkpt>
    <trkpt lat="40.18294" lon="15.41139">
      <ele>548.644</ele>
    </trkpt>
    <trkpt lat="40.18284" lon="15.41143">
      <ele>549.364</ele>
    </trkpt>
    <trkpt lat="40.18263" lon="15.41143">
      <ele>551.777</ele>
    </trkpt>
    <trkpt lat="40.18223" lon="15.41129">
      <ele>558.08</ele>
    </trkpt>
    <trkpt lat="40.18186" lon="15.41111">
      <ele>564.015</ele>
    </trkpt>
    <trkpt lat="40.1815" lon="15.41099">
      <ele>562.831</ele>
    </trkpt>
    <trkpt lat="40.1813" lon="15.41092">
      <ele>562.44</ele>
    </trkpt>
    <trkpt lat="40.18028" lon="15.41073">
      <ele>565.24</ele>
    </trkpt>
    <trkpt lat="40.18007" lon="15.41074">
      <ele>564.765</ele>
    </trkpt>
    <trkpt lat="40.17992" lon="15.41081">
      <ele>563.708</ele>
    </trkpt>
    <trkpt lat="40.1798" lon="15.41084">
      <ele>563.635</ele>
    </trkpt>
    <trkpt lat="40.17969" lon="15.41084">
      <ele>564.395</ele>
    </trkpt>
    <trkpt lat="40.17925" lon="15.41064">
      <ele>569.875</ele>
    </trkpt>
    <trkpt lat="40.17911" lon="15.41054">
      <ele>571.473</ele>
    </trkpt>
    <trkpt lat="40.17906" lon="15.41044">
      <ele>573.304</ele>
    </trkpt>
    <trkpt lat="40.17901" lon="15.41042">
      <ele>573.729</ele>
    </trkpt>
    <trkpt lat="40.17901" lon="15.41042">
      <ele>573.729</ele>
    </trkpt>
    <trkpt lat="40.17901" lon="15.41042">
      <ele>573.729</ele>
    </trkpt>
    <trkpt lat="40.17906" lon="15.41044">
      <ele>573.304</ele>
    </trkpt>
    <trkpt lat="40.17906" lon="15.41033">
      <ele>575.132</ele>
    </trkpt>
    <trkpt lat="40.17903" lon="15.41022">
      <ele>576.624</ele>
    </trkpt>
    <trkpt lat="40.17882" lon="15.41006">
      <ele>578.546</ele>
    </trkpt>
    <trkpt lat="40.17871" lon="15.41003">
      <ele>579.25</ele>
    </trkpt>
    <trkpt lat="40.17858" lon="15.41006">
      <ele>579.448</ele>
    </trkpt>
    <trkpt lat="40.17839" lon="15.41012">
      <ele>580.316</ele>
    </trkpt>
    <trkpt lat="40.17827" lon="15.41013">
      <ele>580.553</ele>
    </trkpt>
    <trkpt lat="40.1782" lon="15.4101">
      <ele>581.027</ele>
    </trkpt>
    <trkpt lat="40.17793" lon="15.4099">
      <ele>583.352</ele>
    </trkpt>
    <trkpt lat="40.17776" lon="15.4098">
      <ele>583.22</ele>
    </trkpt>
    <trkpt lat="40.17756" lon="15.40971">
      <ele>584.568</ele>
    </trkpt>
    <trkpt lat="40.1774" lon="15.40959">
      <ele>586.745</ele>
    </trkpt>
    <trkpt lat="40.17721" lon="15.40941">
      <ele>588.651</ele>
    </trkpt>
    <trkpt lat="40.1771" lon="15.40935">
      <ele>589.01</ele>
    </trkpt>
    <trkpt lat="40.17696" lon="15.40925">
      <ele>589.651</ele>
    </trkpt>
    <trkpt lat="40.17673" lon="15.40906">
      <ele>589.36</ele>
    </trkpt>
    <trkpt lat="40.17648" lon="15.40894">
      <ele>588.248</ele>
    </trkpt>
    <trkpt lat="40.17617" lon="15.40884">
      <ele>585.552</ele>
    </trkpt>
    <trkpt lat="40.17574" lon="15.40873">
      <ele>584.624</ele>
    </trkpt>
    <trkpt lat="40.17556" lon="15.40867">
      <ele>586.503</ele>
    </trkpt>
    <trkpt lat="40.1754" lon="15.40863">
      <ele>586.964</ele>
    </trkpt>
    <trkpt lat="40.17516" lon="15.40864">
      <ele>585.0</ele>
    </trkpt>
    <trkpt lat="40.17495" lon="15.40862">
      <ele>583.41</ele>
    </trkpt>
    <trkpt lat="40.17489" lon="15.40866">
      <ele>581.906</ele>
    </trkpt>
    <trkpt lat="40.17483" lon="15.40866">
      <ele>581.436</ele>
    </trkpt>
    <trkpt lat="40.17464" lon="15.40862">
      <ele>582.345</ele>
    </trkpt>
    <trkpt lat="40.17444" lon="15.40861">
      <ele>584.044</ele>
    </trkpt>
    <trkpt lat="40.1742" lon="15.40857">
      <ele>586.046</ele>
    </trkpt>
    <trkpt lat="40.17409" lon="15.40863">
      <ele>584.543</ele>
    </trkpt>
    <trkpt lat="40.17388" lon="15.40871">
      <ele>582.96</ele>
    </trkpt>
    <trkpt lat="40.17357" lon="15.4088">
      <ele>584.465</ele>
    </trkpt>
    <trkpt lat="40.17331" lon="15.40882">
      <ele>587.387</ele>
    </trkpt>
    <trkpt lat="40.17307" lon="15.40882">
      <ele>588.901</ele>
    </trkpt>
    <trkpt lat="40.17307" lon="15.40882">
      <ele>588.901</ele>
    </trkpt>
    <trkpt lat="40.17307" lon="15.40882">
      <ele>588.901</ele>
    </trkpt>
    <trkpt lat="40.17293" lon="15.40882">
      <ele>587.412</ele>
    </trkpt>
    <trkpt lat="40.17281" lon="15.40875">
      <ele>586.464</ele>
    </trkpt>
    <trkpt lat="40.17265" lon="15.4086">
      <ele>584.36</ele>
    </trkpt>
    <trkpt lat="40.17238" lon="15.40842">
      <ele>581.498</ele>
    </trkpt>
    <trkpt lat="40.17218" lon="15.40828">
      <ele>581.544</ele>
    </trkpt>
    <trkpt lat="40.17203" lon="15.40821">
      <ele>580.896</ele>
    </trkpt>
    <trkpt lat="40.17189" lon="15.40822">
      <ele>579.564</ele>
    </trkpt>
    <trkpt lat="40.1718" lon="15.40828">
      <ele>578.572</ele>
    </trkpt>
    <trkpt lat="40.17152" lon="15.40848">
      <ele>577.193</ele>
    </trkpt>
    <trkpt lat="40.17129" lon="15.40879">
      <ele>571.892</ele>
    </trkpt>
    <trkpt lat="40.17103" lon="15.409">
      <ele>569.717</ele>
    </trkpt>
    <trkpt lat="40.17024" lon="15.40944">
      <ele>558.631</ele>
    </trkpt>
    <trkpt lat="40.16998" lon="15.40956">
      <ele>553.922</ele>
    </trkpt>
    <trkpt lat="40.16928" lon="15.40983">
      <ele>539.355</ele>
    </trkpt>
    <trkpt lat="40.16912" lon="15.40979">
      <ele>537.008</ele>
    </trkpt>
    <trkpt lat="40.169" lon="15.40977">
      <ele>535.856</ele>
    </trkpt>
    <trkpt lat="40.1689" lon="15.40978">
      <ele>534.704</ele>
    </trkpt>
    <trkpt lat="40.16813" lon="15.41011">
      <ele>526.937</ele>
    </trkpt>
    <trkpt lat="40.16811" lon="15.41005">
      <ele>526.788</ele>
    </trkpt>
    <trkpt lat="40.16802" lon="15.41002">
      <ele>525.441</ele>
    </trkpt>
    <trkpt lat="40.16802" lon="15.41002">
      <ele>525.441</ele>
    </trkpt>
    <trkpt lat="40.16802" lon="15.41002">
      <ele>525.441</ele>
    </trkpt>
    <trkpt lat="40.16802" lon="15.41002">
      <ele>525.441</ele>
    </trkpt>
    <trkpt lat="40.16787" lon="15.41007">
      <ele>523.08</ele>
    </trkpt>
    <trkpt lat="40.16786" lon="15.41001">
      <ele>522.541</ele>
    </trkpt>
    <trkpt lat="40.16788" lon="15.40975">
      <ele>517.771</ele>
    </trkpt>
    <trkpt lat="40.16791" lon="15.4094">
      <ele>513.376</ele>
    </trkpt>
    <trkpt lat="40.1679" lon="15.40919">
      <ele>510.892</ele>
    </trkpt>
    <trkpt lat="40.1679" lon="15.40919">
      <ele>510.892</ele>
    </trkpt>
    <trkpt lat="40.1679" lon="15.40919">
      <ele>510.892</ele>
    </trkpt>
    <trkpt lat="40.1679" lon="15.40901">
      <ele>508.384</ele>
    </trkpt>
    <trkpt lat="40.16795" lon="15.40884">
      <ele>507.192</ele>
    </trkpt>
    <trkpt lat="40.16795" lon="15.40871">
      <ele>505.788</ele>
    </trkpt>
    <trkpt lat="40.16786" lon="15.40876">
      <ele>504.384</ele>
    </trkpt>
    <trkpt lat="40.16769" lon="15.40893">
      <ele>501.572</ele>
    </trkpt>
    <trkpt lat="40.16757" lon="15.40897">
      <ele>498.343</ele>
    </trkpt>
    <trkpt lat="40.16757" lon="15.40897">
      <ele>498.343</ele>
    </trkpt>
    <trkpt lat="40.16757" lon="15.40897">
      <ele>498.343</ele>
    </trkpt>
    <trkpt lat="40.16748" lon="15.40868">
      <ele>487.157</ele>
    </trkpt>
    <trkpt lat="40.16749" lon="15.40842">
      <ele>487.016</ele>
    </trkpt>
    <trkpt lat="40.16769" lon="15.40798">
      <ele>488.7</ele>
    </trkpt>
    <trkpt lat="40.16782" lon="15.40776">
      <ele>488.699</ele>
    </trkpt>
    <trkpt lat="40.16782" lon="15.40776">
      <ele>488.699</ele>
    </trkpt>
    <trkpt lat="40.16782" lon="15.40776">
      <ele>488.699</ele>
    </trkpt>
    <trkpt lat="40.16789" lon="15.40766">
      <ele>488.627</ele>
    </trkpt>
    <trkpt lat="40.16815" lon="15.40727">
      <ele>489.818</ele>
    </trkpt>
    <trkpt lat="40.16817" lon="15.40721">
      <ele>489.526</ele>
    </trkpt>
    <trkpt lat="40.16818" lon="15.40715">
      <ele>489.101</ele>
    </trkpt>
    <trkpt lat="40.16815" lon="15.40713">
      <ele>488.371</ele>
    </trkpt>
    <trkpt lat="40.16809" lon="15.40709">
      <ele>486.769</ele>
    </trkpt>
    <trkpt lat="40.16807" lon="15.40663">
      <ele>480.666</ele>
    </trkpt>
    <trkpt lat="40.16803" lon="15.40636">
      <ele>481.366</ele>
    </trkpt>
    <trkpt lat="40.16797" lon="15.40611">
      <ele>480.152</ele>
    </trkpt>
    <trkpt lat="40.16796" lon="15.40584">
      <ele>479.936</ele>
    </trkpt>
    <trkpt lat="40.16798" lon="15.40555">
      <ele>480.348</ele>
    </trkpt>
    <trkpt lat="40.16802" lon="15.40537">
      <ele>480.564</ele>
    </trkpt>
    <trkpt lat="40.1681" lon="15.40504">
      <ele>480.248</ele>
    </trkpt>
    <trkpt lat="40.16835" lon="15.40454">
      <ele>482.048</ele>
    </trkpt>
    <trkpt lat="40.16842" lon="15.40435">
      <ele>481.852</ele>
    </trkpt>
    <trkpt lat="40.16852" lon="15.40398">
      <ele>480.688</ele>
    </trkpt>
    <trkpt lat="40.16852" lon="15.40398">
      <ele>480.688</ele>
    </trkpt>
    <trkpt lat="40.16852" lon="15.40398">
      <ele>480.688</ele>
    </trkpt>
    <trkpt lat="40.16859" lon="15.40374">
      <ele>479.895</ele>
    </trkpt>
    <trkpt lat="40.1684" lon="15.40369">
      <ele>474.748</ele>
    </trkpt>
    <trkpt lat="40.16837" lon="15.40361">
      <ele>472.915</ele>
    </trkpt>
    <trkpt lat="40.16836" lon="15.40344">
      <ele>471.381</ele>
    </trkpt>
    <trkpt lat="40.1684" lon="15.40315">
      <ele>469.46</ele>
    </trkpt>
    <trkpt lat="40.1684" lon="15.40315">
      <ele>469.46</ele>
    </trkpt>
    <trkpt lat="40.1684" lon="15.40315">
      <ele>469.46</ele>
    </trkpt>
    <trkpt lat="40.16841" lon="15.40308">
      <ele>468.92</ele>
    </trkpt>
    <trkpt lat="40.1684" lon="15.40303">
      <ele>468.142</ele>
    </trkpt>
    <trkpt lat="40.16838" lon="15.40301">
      <ele>467.488</ele>
    </trkpt>
    <trkpt lat="40.16834" lon="15.40301">
      <ele>466.648</ele>
    </trkpt>
    <trkpt lat="40.16831" lon="15.40303">
      <ele>466.22</ele>
    </trkpt>
    <trkpt lat="40.16828" lon="15.40303">
      <ele>465.572</ele>
    </trkpt>
    <trkpt lat="40.1682" lon="15.40266">
      <ele>458.983</ele>
    </trkpt>
    <trkpt lat="40.16818" lon="15.40257">
      <ele>457.026</ele>
    </trkpt>
    <trkpt lat="40.16819" lon="15.40244">
      <ele>454.522</ele>
    </trkpt>
    <trkpt lat="40.16818" lon="15.40239">
      <ele>453.156</ele>
    </trkpt>
    <trkpt lat="40.16818" lon="15.40239">
      <ele>453.156</ele>
    </trkpt>
    <trkpt lat="40.16818" lon="15.40239">
      <ele>453.156</ele>
    </trkpt>
    <trkpt lat="40.16818" lon="15.40238">
      <ele>452.917</ele>
    </trkpt>
    <trkpt lat="40.16819" lon="15.40235">
      <ele>452.4</ele>
    </trkpt>
    <trkpt lat="40.16833" lon="15.40224">
      <ele>453.238</ele>
    </trkpt>
    <trkpt lat="40.16849" lon="15.40213">
      <ele>457.007</ele>
    </trkpt>
    <trkpt lat="40.16855" lon="15.40207">
      <ele>458.665</ele>
    </trkpt>
    <trkpt lat="40.16857" lon="15.402">
      <ele>458.462</ele>
    </trkpt>
    <trkpt lat="40.16857" lon="15.40189">
      <ele>456.802</ele>
    </trkpt>
    <trkpt lat="40.16855" lon="15.40176">
      <ele>453.471</ele>
    </trkpt>
    <trkpt lat="40.16855" lon="15.40168">
      <ele>452.262</ele>
    </trkpt>
    <trkpt lat="40.16856" lon="15.4016">
      <ele>451.308</ele>
    </trkpt>
    <trkpt lat="40.16862" lon="15.40139">
      <ele>451.923</ele>
    </trkpt>
    <trkpt lat="40.16863" lon="15.40127">
      <ele>447.943</ele>
    </trkpt>
    <trkpt lat="40.16863" lon="15.40119">
      <ele>444.604</ele>
    </trkpt>
    <trkpt lat="40.16863" lon="15.40107">
      <ele>439.812</ele>
    </trkpt>
    <trkpt lat="40.16863" lon="15.40107">
      <ele>439.812</ele>
    </trkpt>
    <trkpt lat="40.16863" lon="15.40107">
      <ele>439.812</ele>
    </trkpt>
    <trkpt lat="40.16862" lon="15.401">
      <ele>436.062</ele>
    </trkpt>
    <trkpt lat="40.16864" lon="15.40088">
      <ele>434.043</ele>
    </trkpt>
    <trkpt lat="40.16876" lon="15.40052">
      <ele>432.707</ele>
    </trkpt>
    <trkpt lat="40.16876" lon="15.40047">
      <ele>431.08</ele>
    </trkpt>
    <trkpt lat="40.16875" lon="15.40043">
      <ele>429.158</ele>
    </trkpt>
    <trkpt lat="40.16862" lon="15.4003">
      <ele>420.406</ele>
    </trkpt>
    <trkpt lat="40.16858" lon="15.40027">
      <ele>420.716</ele>
    </trkpt>
    <trkpt lat="40.16848" lon="15.40026">
      <ele>422.615</ele>
    </trkpt>
    <trkpt lat="40.16845" lon="15.40025">
      <ele>423.51</ele>
    </trkpt>
    <trkpt lat="40.16843" lon="15.40023">
      <ele>424.717</ele>
    </trkpt>
    <trkpt lat="40.16843" lon="15.40023">
      <ele>424.717</ele>
    </trkpt>
    <trkpt lat="40.16843" lon="15.40023">
      <ele>424.717</ele>
    </trkpt>
    <trkpt lat="40.16842" lon="15.40022">
      <ele>425.34</ele>
    </trkpt>
    <trkpt lat="40.16834" lon="15.40014">
      <ele>430.788</ele>
    </trkpt>
    <trkpt lat="40.1682" lon="15.40004">
      <ele>436.053</ele>
    </trkpt>
    <trkpt lat="40.16804" lon="15.40001">
      <ele>437.532</ele>
    </trkpt>
    <trkpt lat="40.16784" lon="15.39997">
      <ele>439.428</ele>
    </trkpt>
    <trkpt lat="40.16739" lon="15.39976">
      <ele>444.516</ele>
    </trkpt>
    <trkpt lat="40.16717" lon="15.39956">
      <ele>444.998</ele>
    </trkpt>
    <trkpt lat="40.16687" lon="15.39912">
      <ele>449.132</ele>
    </trkpt>
    <trkpt lat="40.16682" lon="15.39902">
      <ele>450.032</ele>
    </trkpt>
    <trkpt lat="40.16682" lon="15.39902">
      <ele>450.032</ele>
    </trkpt>
    <trkpt lat="40.16682" lon="15.39902">
      <ele>450.032</ele>
    </trkpt>
    <trkpt lat="40.16664" lon="15.39868">
      <ele>452.936</ele>
    </trkpt>
    <trkpt lat="40.16649" lon="15.39845">
      <ele>455.033</ele>
    </trkpt>
    <trkpt lat="40.16636" lon="15.39819">
      <ele>457.902</ele>
    </trkpt>
    <trkpt lat="40.16628" lon="15.39794">
      <ele>459.92</ele>
    </trkpt>
    <trkpt lat="40.16617" lon="15.39705">
      <ele>466.425</ele>
    </trkpt>
    <trkpt lat="40.16609" lon="15.39647">
      <ele>470.668</ele>
    </trkpt>
    <trkpt lat="40.16609" lon="15.39602">
      <ele>476.856</ele>
    </trkpt>
    <trkpt lat="40.16607" lon="15.39591">
      <ele>478.008</ele>
    </trkpt>
    <trkpt lat="40.16607" lon="15.39578">
      <ele>479.524</ele>
    </trkpt>
    <trkpt lat="40.16611" lon="15.39536">
      <ele>484.089</ele>
    </trkpt>
    <trkpt lat="40.16611" lon="15.39536">
      <ele>484.089</ele>
    </trkpt>
    <trkpt lat="40.16611" lon="15.39536">
      <ele>484.089</ele>
    </trkpt>
    <trkpt lat="40.16611" lon="15.39536">
      <ele>484.089</ele>
    </trkpt>
    <trkpt lat="40.1661" lon="15.39523">
      <ele>485.104</ele>
    </trkpt>
    <trkpt lat="40.16605" lon="15.39505">
      <ele>485.32</ele>
    </trkpt>
    <trkpt lat="40.16596" lon="15.39488">
      <ele>484.835</ele>
    </trkpt>
    <trkpt lat="40.16558" lon="15.39431">
      <ele>479.717</ele>
    </trkpt>
    <trkpt lat="40.1654" lon="15.39381">
      <ele>475.007</ele>
    </trkpt>
    <trkpt lat="40.16514" lon="15.39322">
      <ele>469.978</ele>
    </trkpt>
    <trkpt lat="40.1651" lon="15.39315">
      <ele>469.082</ele>
    </trkpt>
    <trkpt lat="40.16505" lon="15.39312">
      <ele>467.274</ele>
    </trkpt>
    <trkpt lat="40.16501" lon="15.39311">
      <ele>465.655</ele>
    </trkpt>
    <trkpt lat="40.16477" lon="15.39312">
      <ele>469.02</ele>
    </trkpt>
    <trkpt lat="40.16473" lon="15.39315">
      <ele>469.17</ele>
    </trkpt>
    <trkpt lat="40.16471" lon="15.39318">
      <ele>469.239</ele>
    </trkpt>
    <trkpt lat="40.16468" lon="15.39326">
      <ele>469.064</ele>
    </trkpt>
    <trkpt lat="40.16468" lon="15.39326">
      <ele>469.064</ele>
    </trkpt>
    <trkpt lat="40.16468" lon="15.39326">
      <ele>469.064</ele>
    </trkpt>
    <trkpt lat="40.16463" lon="15.39328">
      <ele>470.817</ele>
    </trkpt>
    <trkpt lat="40.1646" lon="15.39331">
      <ele>471.626</ele>
    </trkpt>
    <trkpt lat="40.16455" lon="15.39336">
      <ele>473.02</ele>
    </trkpt>
    <trkpt lat="40.16451" lon="15.39338">
      <ele>474.456</ele>
    </trkpt>
    <trkpt lat="40.16448" lon="15.39337">
      <ele>475.919</ele>
    </trkpt>
    <trkpt lat="40.16429" lon="15.39326">
      <ele>483.796</ele>
    </trkpt>
    <trkpt lat="40.16414" lon="15.39319">
      <ele>488.793</ele>
    </trkpt>
    <trkpt lat="40.16409" lon="15.39318">
      <ele>489.389</ele>
    </trkpt>
    <trkpt lat="40.16392" lon="15.39322">
      <ele>490.199</ele>
    </trkpt>
    <trkpt lat="40.16384" lon="15.39323">
      <ele>490.715</ele>
    </trkpt>
    <trkpt lat="40.16369" lon="15.39322">
      <ele>492.464</ele>
    </trkpt>
    <trkpt lat="40.16369" lon="15.39322">
      <ele>492.464</ele>
    </trkpt>
    <trkpt lat="40.16369" lon="15.39322">
      <ele>492.464</ele>
    </trkpt>
    <trkpt lat="40.16361" lon="15.39321">
      <ele>493.566</ele>
    </trkpt>
    <trkpt lat="40.16353" lon="15.3932">
      <ele>494.868</ele>
    </trkpt>
    <trkpt lat="40.16343" lon="15.39316">
      <ele>497.193</ele>
    </trkpt>
    <trkpt lat="40.16339" lon="15.39315">
      <ele>497.939</ele>
    </trkpt>
    <trkpt lat="40.16334" lon="15.39316">
      <ele>498.287</ele>
    </trkpt>
    <trkpt lat="40.1633" lon="15.39319">
      <ele>497.91</ele>
    </trkpt>
    <trkpt lat="40.16319" lon="15.39329">
      <ele>496.56</ele>
    </trkpt>
    <trkpt lat="40.16309" lon="15.39337">
      <ele>496.035</ele>
    </trkpt>
    <trkpt lat="40.16277" lon="15.39356">
      <ele>500.659</ele>
    </trkpt>
    <trkpt lat="40.16266" lon="15.3936">
      <ele>501.799</ele>
    </trkpt>
    <trkpt lat="40.16257" lon="15.39362">
      <ele>502.896</ele>
    </trkpt>
    <trkpt lat="40.1625" lon="15.3936">
      <ele>504.08</ele>
    </trkpt>
    <trkpt lat="40.16245" lon="15.39356">
      <ele>503.255</ele>
    </trkpt>
    <trkpt lat="40.16239" lon="15.39349">
      <ele>502.323</ele>
    </trkpt>
    <trkpt lat="40.16239" lon="15.39349">
      <ele>502.323</ele>
    </trkpt>
    <trkpt lat="40.16239" lon="15.39349">
      <ele>502.323</ele>
    </trkpt>
    <trkpt lat="40.16246" lon="15.39338">
      <ele>504.68</ele>
    </trkpt>
    <trkpt lat="40.16254" lon="15.39317">
      <ele>507.417</ele>
    </trkpt>
    <trkpt lat="40.16269" lon="15.39254">
      <ele>516.106</ele>
    </trkpt>
    <trkpt lat="40.16271" lon="15.39235">
      <ele>518.78</ele>
    </trkpt>
    <trkpt lat="40.1627" lon="15.39218">
      <ele>520.131</ele>
    </trkpt>
    <trkpt lat="40.16272" lon="15.39212">
      <ele>521.287</ele>
    </trkpt>
    <trkpt lat="40.16278" lon="15.39205">
      <ele>523.878</ele>
    </trkpt>
    <trkpt lat="40.16292" lon="15.39198">
      <ele>526.021</ele>
    </trkpt>
    <trkpt lat="40.16317" lon="15.39186">
      <ele>528.392</ele>
    </trkpt>
    <trkpt lat="40.16317" lon="15.39186">
      <ele>528.392</ele>
    </trkpt>
    <trkpt lat="40.16317" lon="15.39186">
      <ele>528.392</ele>
    </trkpt>
    <trkpt lat="40.16342" lon="15.39173">
      <ele>527.84</ele>
    </trkpt>
    <trkpt lat="40.16351" lon="15.39166">
      <ele>527.521</ele>
    </trkpt>
    <trkpt lat="40.16356" lon="15.39157">
      <ele>527.56</ele>
    </trkpt>
    <trkpt lat="40.1636" lon="15.39134">
      <ele>528.592</ele>
    </trkpt>
    <trkpt lat="40.16353" lon="15.39145">
      <ele>529.184</ele>
    </trkpt>
    <trkpt lat="40.16353" lon="15.39145">
      <ele>529.184</ele>
    </trkpt>
    <trkpt lat="40.16353" lon="15.39145">
      <ele>529.184</ele>
    </trkpt>
    <trkpt lat="40.16349" lon="15.39152">
      <ele>529.26</ele>
    </trkpt>
    <trkpt lat="40.16344" lon="15.39158">
      <ele>529.472</ele>
    </trkpt>
    <trkpt lat="40.16334" lon="15.39163">
      <ele>530.426</ele>
    </trkpt>
    <trkpt lat="40.16321" lon="15.39165">
      <ele>531.075</ele>
    </trkpt>
    <trkpt lat="40.16312" lon="15.39163">
      <ele>531.861</ele>
    </trkpt>
    <trkpt lat="40.16307" lon="15.39158">
      <ele>532.552</ele>
    </trkpt>
    <trkpt lat="40.16303" lon="15.3915">
      <ele>532.574</ele>
    </trkpt>
    <trkpt lat="40.16303" lon="15.3915">
      <ele>532.574</ele>
    </trkpt>
    <trkpt lat="40.16303" lon="15.3915">
      <ele>532.574</ele>
    </trkpt>
    <trkpt lat="40.16305" lon="15.3914">
      <ele>533.762</ele>
    </trkpt>
    <trkpt lat="40.16304" lon="15.39115">
      <ele>534.46</ele>
    </trkpt>
    <trkpt lat="40.16309" lon="15.39107">
      <ele>535.345</ele>
    </trkpt>
    <trkpt lat="40.16317" lon="15.39081">
      <ele>538.297</ele>
    </trkpt>
    <trkpt lat="40.16321" lon="15.39058">
      <ele>541.618</ele>
    </trkpt>
    <trkpt lat="40.16321" lon="15.39058">
      <ele>541.618</ele>
    </trkpt>
    <trkpt lat="40.16321" lon="15.39058">
      <ele>541.618</ele>
    </trkpt>
    <trkpt lat="40.16321" lon="15.39055">
      <ele>541.952</ele>
    </trkpt>
    <trkpt lat="40.16323" lon="15.39022">
      <ele>546.305</ele>
    </trkpt>
    <trkpt lat="40.16326" lon="15.39002">
      <ele>550.109</ele>
    </trkpt>
    <trkpt lat="40.1635" lon="15.38953">
      <ele>556.922</ele>
    </trkpt>
    <trkpt lat="40.16362" lon="15.38932">
      <ele>561.054</ele>
    </trkpt>
    <trkpt lat="40.16365" lon="15.38919">
      <ele>564.12</ele>
    </trkpt>
    <trkpt lat="40.16366" lon="15.38899">
      <ele>567.416</ele>
    </trkpt>
    <trkpt lat="40.16365" lon="15.38882">
      <ele>569.635</ele>
    </trkpt>
    <trkpt lat="40.16358" lon="15.38849">
      <ele>571.088</ele>
    </trkpt>
    <trkpt lat="40.16356" lon="15.38827">
      <ele>572.354</ele>
    </trkpt>
    <trkpt lat="40.16359" lon="15.38807">
      <ele>575.24</ele>
    </trkpt>
    <trkpt lat="40.16379" lon="15.38784">
      <ele>580.496</ele>
    </trkpt>
    <trkpt lat="40.16387" lon="15.38774">
      <ele>582.71</ele>
    </trkpt>
    <trkpt lat="40.16391" lon="15.38771">
      <ele>583.757</ele>
    </trkpt>
    <trkpt lat="40.16415" lon="15.38766">
      <ele>589.605</ele>
    </trkpt>
    <trkpt lat="40.16421" lon="15.38759">
      <ele>591.56</ele>
    </trkpt>
    <trkpt lat="40.16428" lon="15.38744">
      <ele>594.08</ele>
    </trkpt>
    <trkpt lat="40.16429" lon="15.38729">
      <ele>594.44</ele>
    </trkpt>
    <trkpt lat="40.16426" lon="15.38714">
      <ele>593.36</ele>
    </trkpt>
    <trkpt lat="40.16426" lon="15.38707">
      <ele>593.36</ele>
    </trkpt>
    <trkpt lat="40.1644" lon="15.38656">
      <ele>598.243</ele>
    </trkpt>
    <trkpt lat="40.16456" lon="15.38615">
      <ele>607.565</ele>
    </trkpt>
    <trkpt lat="40.16456" lon="15.38615">
      <ele>607.565</ele>
    </trkpt>
    <trkpt lat="40.16456" lon="15.38615">
      <ele>607.565</ele>
    </trkpt>
    <trkpt lat="40.16437" lon="15.38581">
      <ele>604.188</ele>
    </trkpt>
    <trkpt lat="40.16427" lon="15.38561">
      <ele>604.195</ele>
    </trkpt>
    <trkpt lat="40.1642" lon="15.38548">
      <ele>604.984</ele>
    </trkpt>
    <trkpt lat="40.164" lon="15.38523">
      <ele>605.163</ele>
    </trkpt>
    <trkpt lat="40.16391" lon="15.38512">
      <ele>604.973</ele>
    </trkpt>
    <trkpt lat="40.16389" lon="15.38507">
      <ele>605.517</ele>
    </trkpt>
    <trkpt lat="40.16387" lon="15.38499">
      <ele>606.43</ele>
    </trkpt>
    <trkpt lat="40.16374" lon="15.38464">
      <ele>606.889</ele>
    </trkpt>
    <trkpt lat="40.16362" lon="15.38437">
      <ele>605.488</ele>
    </trkpt>
    <trkpt lat="40.16345" lon="15.38411">
      <ele>601.974</ele>
    </trkpt>
    <trkpt lat="40.16341" lon="15.38396">
      <ele>602.827</ele>
    </trkpt>
    <trkpt lat="40.1634" lon="15.38376">
      <ele>605.607</ele>
    </trkpt>
    <trkpt lat="40.16338" lon="15.38359">
      <ele>607.282</ele>
    </trkpt>
    <trkpt lat="40.16324" lon="15.3829">
      <ele>613.596</ele>
    </trkpt>
    <trkpt lat="40.16325" lon="15.38284">
      <ele>614.847</ele>
    </trkpt>
    <trkpt lat="40.16325" lon="15.38284">
      <ele>614.847</ele>
    </trkpt>
    <trkpt lat="40.16325" lon="15.38284">
      <ele>614.847</ele>
    </trkpt>
    <trkpt lat="40.16325" lon="15.3828">
      <ele>615.524</ele>
    </trkpt>
    <trkpt lat="40.16325" lon="15.38273">
      <ele>616.296</ele>
    </trkpt>
    <trkpt lat="40.16323" lon="15.38267">
      <ele>616.316</ele>
    </trkpt>
    <trkpt lat="40.1632" lon="15.38263">
      <ele>615.959</ele>
    </trkpt>
    <trkpt lat="40.16316" lon="15.38258">
      <ele>615.5</ele>
    </trkpt>
    <trkpt lat="40.16313" lon="15.38251">
      <ele>615.51</ele>
    </trkpt>
    <trkpt lat="40.16308" lon="15.38221">
      <ele>617.916</ele>
    </trkpt>
    <trkpt lat="40.16309" lon="15.38193">
      <ele>624.932</ele>
    </trkpt>
    <trkpt lat="40.16309" lon="15.38165">
      <ele>630.867</ele>
    </trkpt>
    <trkpt lat="40.16308" lon="15.38136">
      <ele>634.849</ele>
    </trkpt>
    <trkpt lat="40.1631" lon="15.38127">
      <ele>636.312</ele>
    </trkpt>
    <trkpt lat="40.16312" lon="15.38121">
      <ele>637.473</ele>
    </trkpt>
    <trkpt lat="40.16316" lon="15.38113">
      <ele>639.402</ele>
    </trkpt>
    <trkpt lat="40.16317" lon="15.38078">
      <ele>642.104</ele>
    </trkpt>
    <trkpt lat="40.16323" lon="15.38041">
      <ele>643.743</ele>
    </trkpt>
    <trkpt lat="40.1632" lon="15.38034">
      <ele>643.308</ele>
    </trkpt>
    <trkpt lat="40.16315" lon="15.38037">
      <ele>641.829</ele>
    </trkpt>
    <trkpt lat="40.16311" lon="15.38037">
      <ele>640.773</ele>
    </trkpt>
    <trkpt lat="40.16311" lon="15.38037">
      <ele>640.773</ele>
    </trkpt>
    <trkpt lat="40.16311" lon="15.38037">
      <ele>640.773</ele>
    </trkpt>
    <trkpt lat="40.16315" lon="15.38037">
      <ele>641.829</ele>
    </trkpt>
    <trkpt lat="40.1632" lon="15.38034">
      <ele>643.308</ele>
    </trkpt>
    <trkpt lat="40.16324" lon="15.38031">
      <ele>644.493</ele>
    </trkpt>
    <trkpt lat="40.16373" lon="15.37966">
      <ele>656.216</ele>
    </trkpt>
    <trkpt lat="40.16376" lon="15.37958">
      <ele>656.466</ele>
    </trkpt>
    <trkpt lat="40.16378" lon="15.37946">
      <ele>656.334</ele>
    </trkpt>
    <trkpt lat="40.16376" lon="15.3793">
      <ele>657.071</ele>
    </trkpt>
    <trkpt lat="40.16367" lon="15.37886">
      <ele>656.562</ele>
    </trkpt>
    <trkpt lat="40.16365" lon="15.37868">
      <ele>657.149</ele>
    </trkpt>
    <trkpt lat="40.16363" lon="15.37828">
      <ele>659.2</ele>
    </trkpt>
    <trkpt lat="40.16361" lon="15.37811">
      <ele>659.56</ele>
    </trkpt>
    <trkpt lat="40.16358" lon="15.37798">
      <ele>659.2</ele>
    </trkpt>
    <trkpt lat="40.16358" lon="15.37798">
      <ele>659.2</ele>
    </trkpt>
    <trkpt lat="40.16358" lon="15.37798">
      <ele>659.2</ele>
    </trkpt>
    <trkpt lat="40.16344" lon="15.37728">
      <ele>656.664</ele>
    </trkpt>
    <trkpt lat="40.16339" lon="15.37689">
      <ele>655.952</ele>
    </trkpt>
    <trkpt lat="40.16342" lon="15.37662">
      <ele>656.964</ele>
    </trkpt>
    <trkpt lat="40.16367" lon="15.3754">
      <ele>666.613</ele>
    </trkpt>
    <trkpt lat="40.16367" lon="15.37524">
      <ele>668.392</ele>
    </trkpt>
    <trkpt lat="40.16369" lon="15.37487">
      <ele>669.771</ele>
    </trkpt>
    <trkpt lat="40.16377" lon="15.37449">
      <ele>667.326</ele>
    </trkpt>
    <trkpt lat="40.16406" lon="15.37387">
      <ele>667.108</ele>
    </trkpt>
    <trkpt lat="40.16406" lon="15.37387">
      <ele>667.108</ele>
    </trkpt>
    <trkpt lat="40.16406" lon="15.37387">
      <ele>667.108</ele>
    </trkpt>
    <trkpt lat="40.16423" lon="15.37349">
      <ele>668.289</ele>
    </trkpt>
    <trkpt lat="40.16484" lon="15.3727">
      <ele>672.664</ele>
    </trkpt>
    <trkpt lat="40.16498" lon="15.37258">
      <ele>676.396</ele>
    </trkpt>
    <trkpt lat="40.16517" lon="15.37247">
      <ele>683.593</ele>
    </trkpt>
    <trkpt lat="40.16521" lon="15.37241">
      <ele>684.0</ele>
    </trkpt>
    <trkpt lat="40.16523" lon="15.37231">
      <ele>681.611</ele>
    </trkpt>
    <trkpt lat="40.16523" lon="15.37217">
      <ele>679.849</ele>
    </trkpt>
    <trkpt lat="40.16521" lon="15.37211">
      <ele>680.768</ele>
    </trkpt>
    <trkpt lat="40.16516" lon="15.37206">
      <ele>680.855</ele>
    </trkpt>
    <trkpt lat="40.16501" lon="15.37203">
      <ele>678.441</ele>
    </trkpt>
    <trkpt lat="40.16455" lon="15.37199">
      <ele>679.576</ele>
    </trkpt>
    <trkpt lat="40.16435" lon="15.37186">
      <ele>681.901</ele>
    </trkpt>
    <trkpt lat="40.16423" lon="15.37168">
      <ele>683.878</ele>
    </trkpt>
    <trkpt lat="40.16387" lon="15.37098">
      <ele>686.836</ele>
    </trkpt>
    <trkpt lat="40.16368" lon="15.37063">
      <ele>685.912</ele>
    </trkpt>
    <trkpt lat="40.16312" lon="15.3697">
      <ele>690.784</ele>
    </trkpt>
    <trkpt lat="40.16304" lon="15.36954">
      <ele>689.827</ele>
    </trkpt>
    <trkpt lat="40.16304" lon="15.36954">
      <ele>689.827</ele>
    </trkpt>
    <trkpt lat="40.16304" lon="15.36954">
      <ele>689.827</ele>
    </trkpt>
    <trkpt lat="40.16302" lon="15.36943">
      <ele>689.984</ele>
    </trkpt>
    <trkpt lat="40.1629" lon="15.36885">
      <ele>690.96</ele>
    </trkpt>
    <trkpt lat="40.16284" lon="15.36859">
      <ele>692.561</ele>
    </trkpt>
    <trkpt lat="40.16274" lon="15.36831">
      <ele>693.332</ele>
    </trkpt>
    <trkpt lat="40.16263" lon="15.36813">
      <ele>693.404</ele>
    </trkpt>
    <trkpt lat="40.16225" lon="15.36768">
      <ele>691.882</ele>
    </trkpt>
    <trkpt lat="40.16215" lon="15.36759">
      <ele>691.412</ele>
    </trkpt>
    <trkpt lat="40.16208" lon="15.36756">
      <ele>690.521</ele>
    </trkpt>
    <trkpt lat="40.16188" lon="15.36751">
      <ele>687.373</ele>
    </trkpt>
    <trkpt lat="40.16176" lon="15.36746">
      <ele>685.593</ele>
    </trkpt>
    <trkpt lat="40.16168" lon="15.36738">
      <ele>684.646</ele>
    </trkpt>
    <trkpt lat="40.16156" lon="15.36719">
      <ele>684.089</ele>
    </trkpt>
    <trkpt lat="40.16132" lon="15.36647">
      <ele>683.6</ele>
    </trkpt>
    <trkpt lat="40.16131" lon="15.36631">
      <ele>682.444</ele>
    </trkpt>
    <trkpt lat="40.16131" lon="15.36589">
      <ele>680.932</ele>
    </trkpt>
    <trkpt lat="40.16135" lon="15.36574">
      <ele>681.067</ele>
    </trkpt>
    <trkpt lat="40.16143" lon="15.36562">
      <ele>682.682</ele>
    </trkpt>
    <trkpt lat="40.16155" lon="15.36548">
      <ele>684.824</ele>
    </trkpt>
    <trkpt lat="40.1616" lon="15.36538">
      <ele>685.184</ele>
    </trkpt>
    <trkpt lat="40.16164" lon="15.36527">
      <ele>685.204</ele>
    </trkpt>
    <trkpt lat="40.16167" lon="15.36515">
      <ele>685.636</ele>
    </trkpt>
    <trkpt lat="40.16169" lon="15.36503">
      <ele>685.78</ele>
    </trkpt>
    <trkpt lat="40.16173" lon="15.36487">
      <ele>686.036</ele>
    </trkpt>
    <trkpt lat="40.16174" lon="15.36485">
      <ele>686.144</ele>
    </trkpt>
  </trkseg>
</trk>
<trk>
  <name>CSN 7 - Montano Antilia San Nazario (Via Cuccaro - Eremiti)</name>
  <trkseg>
    <trkpt lat="40.16173" lon="15.3649">
      <ele>686.218</ele>
    </trkpt>
    <trkpt lat="40.16172" lon="15.3649">
      <ele>685.969</ele>
    </trkpt>
    <trkpt lat="40.16173" lon="15.36487">
      <ele>686.036</ele>
    </trkpt>
    <trkpt lat="40.16179" lon="15.36477">
      <ele>686.621</ele>
    </trkpt>
    <trkpt lat="40.16184" lon="15.36473">
      <ele>687.2</ele>
    </trkpt>
    <trkpt lat="40.16191" lon="15.36471">
      <ele>688.16</ele>
    </trkpt>
    <trkpt lat="40.16215" lon="15.36471">
      <ele>691.773</ele>
    </trkpt>
    <trkpt lat="40.16224" lon="15.36468">
      <ele>692.712</ele>
    </trkpt>
    <trkpt lat="40.16229" lon="15.36462">
      <ele>692.748</ele>
    </trkpt>
    <trkpt lat="40.16233" lon="15.36453">
      <ele>692.172</ele>
    </trkpt>
    <trkpt lat="40.16235" lon="15.36442">
      <ele>691.381</ele>
    </trkpt>
    <trkpt lat="40.16235" lon="15.36436">
      <ele>691.58</ele>
    </trkpt>
    <trkpt lat="40.16232" lon="15.36418">
      <ele>691.43</ele>
    </trkpt>
    <trkpt lat="40.16216" lon="15.3634">
      <ele>691.362</ele>
    </trkpt>
    <trkpt lat="40.16212" lon="15.36317">
      <ele>690.359</ele>
    </trkpt>
    <trkpt lat="40.16194" lon="15.36142">
      <ele>686.908</ele>
    </trkpt>
    <trkpt lat="40.1619" lon="15.36127">
      <ele>685.844</ele>
    </trkpt>
    <trkpt lat="40.16187" lon="15.36117">
      <ele>685.303</ele>
    </trkpt>
    <trkpt lat="40.16141" lon="15.36032">
      <ele>678.62</ele>
    </trkpt>
    <trkpt lat="40.16136" lon="15.36018">
      <ele>677.599</ele>
    </trkpt>
    <trkpt lat="40.16128" lon="15.35985">
      <ele>678.3</ele>
    </trkpt>
    <trkpt lat="40.16122" lon="15.35973">
      <ele>677.921</ele>
    </trkpt>
    <trkpt lat="40.161" lon="15.35953">
      <ele>673.938</ele>
    </trkpt>
    <trkpt lat="40.16093" lon="15.35948">
      <ele>673.46</ele>
    </trkpt>
    <trkpt lat="40.16087" lon="15.35942">
      <ele>673.056</ele>
    </trkpt>
    <trkpt lat="40.16084" lon="15.35937">
      <ele>672.006</ele>
    </trkpt>
    <trkpt lat="40.16081" lon="15.35931">
      <ele>670.766</ele>
    </trkpt>
    <trkpt lat="40.16079" lon="15.35928">
      <ele>670.129</ele>
    </trkpt>
    <trkpt lat="40.16078" lon="15.35922">
      <ele>669.273</ele>
    </trkpt>
    <trkpt lat="40.16078" lon="15.35916">
      <ele>668.515</ele>
    </trkpt>
    <trkpt lat="40.1608" lon="15.35909">
      <ele>667.623</ele>
    </trkpt>
    <trkpt lat="40.16083" lon="15.35903">
      <ele>667.002</ele>
    </trkpt>
    <trkpt lat="40.16087" lon="15.35901">
      <ele>667.123</ele>
    </trkpt>
    <trkpt lat="40.16092" lon="15.35897">
      <ele>666.974</ele>
    </trkpt>
    <trkpt lat="40.16097" lon="15.35895">
      <ele>667.08</ele>
    </trkpt>
    <trkpt lat="40.16105" lon="15.3589">
      <ele>666.782</ele>
    </trkpt>
    <trkpt lat="40.16146" lon="15.35871">
      <ele>665.136</ele>
    </trkpt>
    <trkpt lat="40.16189" lon="15.35869">
      <ele>665.508</ele>
    </trkpt>
    <trkpt lat="40.162" lon="15.35864">
      <ele>665.382</ele>
    </trkpt>
    <trkpt lat="40.16226" lon="15.35839">
      <ele>663.849</ele>
    </trkpt>
    <trkpt lat="40.16238" lon="15.35829">
      <ele>664.393</ele>
    </trkpt>
    <trkpt lat="40.16244" lon="15.35816">
      <ele>664.402</ele>
    </trkpt>
    <trkpt lat="40.16246" lon="15.35801">
      <ele>663.5</ele>
    </trkpt>
    <trkpt lat="40.16239" lon="15.35735">
      <ele>656.362</ele>
    </trkpt>
    <trkpt lat="40.16242" lon="15.35704">
      <ele>654.026</ele>
    </trkpt>
    <trkpt lat="40.1625" lon="15.35681">
      <ele>651.58</ele>
    </trkpt>
    <trkpt lat="40.16286" lon="15.35625">
      <ele>642.112</ele>
    </trkpt>
    <trkpt lat="40.16299" lon="15.35618">
      <ele>638.811</ele>
    </trkpt>
    <trkpt lat="40.16316" lon="15.35617">
      <ele>636.511</ele>
    </trkpt>
    <trkpt lat="40.16353" lon="15.35637">
      <ele>641.253</ele>
    </trkpt>
    <trkpt lat="40.16364" lon="15.35637">
      <ele>641.65</ele>
    </trkpt>
    <trkpt lat="40.16374" lon="15.35632">
      <ele>644.926</ele>
    </trkpt>
    <trkpt lat="40.1638" lon="15.35617">
      <ele>645.927</ele>
    </trkpt>
    <trkpt lat="40.16381" lon="15.35603">
      <ele>645.221</ele>
    </trkpt>
    <trkpt lat="40.16366" lon="15.35524">
      <ele>634.704</ele>
    </trkpt>
    <trkpt lat="40.16367" lon="15.355">
      <ele>633.484</ele>
    </trkpt>
    <trkpt lat="40.16371" lon="15.35483">
      <ele>632.656</ele>
    </trkpt>
    <trkpt lat="40.16382" lon="15.35463">
      <ele>632.851</ele>
    </trkpt>
    <trkpt lat="40.164" lon="15.35443">
      <ele>632.35</ele>
    </trkpt>
    <trkpt lat="40.16417" lon="15.35435">
      <ele>632.992</ele>
    </trkpt>
    <trkpt lat="40.16505" lon="15.35416">
      <ele>635.556</ele>
    </trkpt>
    <trkpt lat="40.16525" lon="15.35416">
      <ele>634.836</ele>
    </trkpt>
    <trkpt lat="40.16537" lon="15.35418">
      <ele>634.848</ele>
    </trkpt>
    <trkpt lat="40.16557" lon="15.35424">
      <ele>635.717</ele>
    </trkpt>
    <trkpt lat="40.16562" lon="15.35424">
      <ele>635.982</ele>
    </trkpt>
    <trkpt lat="40.16567" lon="15.35422">
      <ele>635.586</ele>
    </trkpt>
    <trkpt lat="40.16572" lon="15.35417">
      <ele>634.29</ele>
    </trkpt>
    <trkpt lat="40.16608" lon="15.35367">
      <ele>637.921</ele>
    </trkpt>
    <trkpt lat="40.16655" lon="15.35324">
      <ele>633.848</ele>
    </trkpt>
    <trkpt lat="40.1666" lon="15.35318">
      <ele>634.854</ele>
    </trkpt>
    <trkpt lat="40.16661" lon="15.35309">
      <ele>635.425</ele>
    </trkpt>
    <trkpt lat="40.16658" lon="15.35297">
      <ele>635.528</ele>
    </trkpt>
    <trkpt lat="40.16635" lon="15.3524">
      <ele>624.026</ele>
    </trkpt>
    <trkpt lat="40.16628" lon="15.35218">
      <ele>615.971</ele>
    </trkpt>
    <trkpt lat="40.16618" lon="15.3517">
      <ele>613.142</ele>
    </trkpt>
    <trkpt lat="40.16615" lon="15.35132">
      <ele>614.069</ele>
    </trkpt>
    <trkpt lat="40.16619" lon="15.35026">
      <ele>611.062</ele>
    </trkpt>
    <trkpt lat="40.16621" lon="15.35004">
      <ele>608.975</ele>
    </trkpt>
    <trkpt lat="40.16626" lon="15.34985">
      <ele>607.843</ele>
    </trkpt>
    <trkpt lat="40.16636" lon="15.34964">
      <ele>607.161</ele>
    </trkpt>
    <trkpt lat="40.16663" lon="15.34923">
      <ele>604.612</ele>
    </trkpt>
    <trkpt lat="40.16685" lon="15.349">
      <ele>603.076</ele>
    </trkpt>
    <trkpt lat="40.1672" lon="15.34868">
      <ele>604.707</ele>
    </trkpt>
    <trkpt lat="40.16725" lon="15.34857">
      <ele>603.864</ele>
    </trkpt>
    <trkpt lat="40.16725" lon="15.34843">
      <ele>600.336</ele>
    </trkpt>
    <trkpt lat="40.16722" lon="15.34828">
      <ele>595.174</ele>
    </trkpt>
    <trkpt lat="40.167" lon="15.34768">
      <ele>586.616</ele>
    </trkpt>
    <trkpt lat="40.16694" lon="15.34754">
      <ele>590.795</ele>
    </trkpt>
    <trkpt lat="40.16687" lon="15.34745">
      <ele>592.649</ele>
    </trkpt>
    <trkpt lat="40.16674" lon="15.3474">
      <ele>593.372</ele>
    </trkpt>
    <trkpt lat="40.16645" lon="15.34736">
      <ele>591.418</ele>
    </trkpt>
    <trkpt lat="40.16629" lon="15.34738">
      <ele>592.428</ele>
    </trkpt>
    <trkpt lat="40.16606" lon="15.34749">
      <ele>595.698</ele>
    </trkpt>
    <trkpt lat="40.16562" lon="15.34754">
      <ele>603.075</ele>
    </trkpt>
    <trkpt lat="40.1652" lon="15.34767">
      <ele>601.727</ele>
    </trkpt>
    <trkpt lat="40.16459" lon="15.34758">
      <ele>607.084</ele>
    </trkpt>
    <trkpt lat="40.16438" lon="15.34756">
      <ele>605.842</ele>
    </trkpt>
    <trkpt lat="40.16428" lon="15.34748">
      <ele>605.992</ele>
    </trkpt>
    <trkpt lat="40.16419" lon="15.34733">
      <ele>607.396</ele>
    </trkpt>
    <trkpt lat="40.1639" lon="15.34665">
      <ele>607.878</ele>
    </trkpt>
    <trkpt lat="40.16381" lon="15.34657">
      <ele>608.45</ele>
    </trkpt>
    <trkpt lat="40.16371" lon="15.34652">
      <ele>607.968</ele>
    </trkpt>
    <trkpt lat="40.16358" lon="15.34649">
      <ele>606.144</ele>
    </trkpt>
    <trkpt lat="40.16347" lon="15.34641">
      <ele>605.496</ele>
    </trkpt>
    <trkpt lat="40.16301" lon="15.34587">
      <ele>607.346</ele>
    </trkpt>
    <trkpt lat="40.16294" lon="15.3457">
      <ele>607.129</ele>
    </trkpt>
    <trkpt lat="40.16291" lon="15.34548">
      <ele>607.284</ele>
    </trkpt>
    <trkpt lat="40.16288" lon="15.34473">
      <ele>605.597</ele>
    </trkpt>
    <trkpt lat="40.16281" lon="15.34419">
      <ele>606.538</ele>
    </trkpt>
    <trkpt lat="40.16274" lon="15.34396">
      <ele>608.16</ele>
    </trkpt>
    <trkpt lat="40.16238" lon="15.3434">
      <ele>607.36</ele>
    </trkpt>
    <trkpt lat="40.16227" lon="15.34321">
      <ele>606.092</ele>
    </trkpt>
    <trkpt lat="40.16212" lon="15.34279">
      <ele>605.956</ele>
    </trkpt>
    <trkpt lat="40.16212" lon="15.3426">
      <ele>606.696</ele>
    </trkpt>
    <trkpt lat="40.16217" lon="15.3424">
      <ele>608.428</ele>
    </trkpt>
    <trkpt lat="40.16216" lon="15.34225">
      <ele>608.006</ele>
    </trkpt>
    <trkpt lat="40.16207" lon="15.34182">
      <ele>607.292</ele>
    </trkpt>
    <trkpt lat="40.16201" lon="15.34174">
      <ele>607.436</ele>
    </trkpt>
    <trkpt lat="40.16193" lon="15.34172">
      <ele>606.724</ele>
    </trkpt>
    <trkpt lat="40.16178" lon="15.34175">
      <ele>604.661</ele>
    </trkpt>
    <trkpt lat="40.16161" lon="15.3417">
      <ele>604.656</ele>
    </trkpt>
    <trkpt lat="40.16085" lon="15.34138">
      <ele>602.402</ele>
    </trkpt>
    <trkpt lat="40.16064" lon="15.34133">
      <ele>601.921</ele>
    </trkpt>
    <trkpt lat="40.16057" lon="15.34124">
      <ele>602.208</ele>
    </trkpt>
    <trkpt lat="40.16053" lon="15.34113">
      <ele>602.594</ele>
    </trkpt>
    <trkpt lat="40.16053" lon="15.34113">
      <ele>602.594</ele>
    </trkpt>
    <trkpt lat="40.16053" lon="15.34113">
      <ele>602.594</ele>
    </trkpt>
    <trkpt lat="40.16049" lon="15.34113">
      <ele>602.172</ele>
    </trkpt>
    <trkpt lat="40.16045" lon="15.34114">
      <ele>601.692</ele>
    </trkpt>
    <trkpt lat="40.16039" lon="15.34118">
      <ele>600.864</ele>
    </trkpt>
    <trkpt lat="40.16039" lon="15.34124">
      <ele>600.561</ele>
    </trkpt>
    <trkpt lat="40.16037" lon="15.34131">
      <ele>600.042</ele>
    </trkpt>
    <trkpt lat="40.16033" lon="15.34137">
      <ele>599.457</ele>
    </trkpt>
    <trkpt lat="40.16015" lon="15.34159">
      <ele>593.766</ele>
    </trkpt>
    <trkpt lat="40.15991" lon="15.3418">
      <ele>587.086</ele>
    </trkpt>
    <trkpt lat="40.15957" lon="15.34204">
      <ele>579.637</ele>
    </trkpt>
    <trkpt lat="40.15949" lon="15.34206">
      <ele>578.516</ele>
    </trkpt>
    <trkpt lat="40.15941" lon="15.34206">
      <ele>577.336</ele>
    </trkpt>
    <trkpt lat="40.15904" lon="15.34193">
      <ele>570.413</ele>
    </trkpt>
    <trkpt lat="40.15858" lon="15.34188">
      <ele>562.946</ele>
    </trkpt>
    <trkpt lat="40.15805" lon="15.34187">
      <ele>559.843</ele>
    </trkpt>
    <trkpt lat="40.15792" lon="15.34189">
      <ele>558.168</ele>
    </trkpt>
    <trkpt lat="40.1578" lon="15.34197">
      <ele>557.574</ele>
    </trkpt>
    <trkpt lat="40.15773" lon="15.34197">
      <ele>557.213</ele>
    </trkpt>
    <trkpt lat="40.15753" lon="15.34184">
      <ele>555.12</ele>
    </trkpt>
    <trkpt lat="40.15739" lon="15.34169">
      <ele>552.65</ele>
    </trkpt>
    <trkpt lat="40.15724" lon="15.34157">
      <ele>552.218</ele>
    </trkpt>
    <trkpt lat="40.15632" lon="15.34106">
      <ele>537.683</ele>
    </trkpt>
    <trkpt lat="40.1561" lon="15.34089">
      <ele>538.916</ele>
    </trkpt>
    <trkpt lat="40.156" lon="15.34077">
      <ele>539.965</ele>
    </trkpt>
    <trkpt lat="40.15595" lon="15.34062">
      <ele>541.893</ele>
    </trkpt>
    <trkpt lat="40.15592" lon="15.34043">
      <ele>542.148</ele>
    </trkpt>
    <trkpt lat="40.15593" lon="15.34029">
      <ele>540.348</ele>
    </trkpt>
    <trkpt lat="40.15591" lon="15.34023">
      <ele>539.778</ele>
    </trkpt>
    <trkpt lat="40.15586" lon="15.34018">
      <ele>539.903</ele>
    </trkpt>
    <trkpt lat="40.15528" lon="15.34013">
      <ele>531.522</ele>
    </trkpt>
    <trkpt lat="40.15522" lon="15.34008">
      <ele>529.236</ele>
    </trkpt>
    <trkpt lat="40.15517" lon="15.34">
      <ele>527.508</ele>
    </trkpt>
    <trkpt lat="40.15516" lon="15.3399">
      <ele>525.427</ele>
    </trkpt>
    <trkpt lat="40.15518" lon="15.33983">
      <ele>524.625</ele>
    </trkpt>
    <trkpt lat="40.15528" lon="15.33976">
      <ele>524.962</ele>
    </trkpt>
    <trkpt lat="40.15528" lon="15.33971">
      <ele>523.656</ele>
    </trkpt>
    <trkpt lat="40.15511" lon="15.33933">
      <ele>513.202</ele>
    </trkpt>
    <trkpt lat="40.15502" lon="15.33924">
      <ele>511.478</ele>
    </trkpt>
    <trkpt lat="40.15491" lon="15.33925">
      <ele>509.888</ele>
    </trkpt>
    <trkpt lat="40.15483" lon="15.33933">
      <ele>509.388</ele>
    </trkpt>
    <trkpt lat="40.15471" lon="15.33979">
      <ele>511.881</ele>
    </trkpt>
    <trkpt lat="40.15466" lon="15.33982">
      <ele>510.481</ele>
    </trkpt>
    <trkpt lat="40.1546" lon="15.33982">
      <ele>508.677</ele>
    </trkpt>
    <trkpt lat="40.15455" lon="15.33975">
      <ele>507.078</ele>
    </trkpt>
    <trkpt lat="40.15451" lon="15.33961">
      <ele>504.581</ele>
    </trkpt>
    <trkpt lat="40.15446" lon="15.33953">
      <ele>502.333</ele>
    </trkpt>
    <trkpt lat="40.15416" lon="15.33907">
      <ele>493.789</ele>
    </trkpt>
    <trkpt lat="40.15408" lon="15.339">
      <ele>491.266</ele>
    </trkpt>
    <trkpt lat="40.15376" lon="15.33894">
      <ele>485.266</ele>
    </trkpt>
    <trkpt lat="40.15366" lon="15.33889">
      <ele>484.515</ele>
    </trkpt>
    <trkpt lat="40.15364" lon="15.33886">
      <ele>483.584</ele>
    </trkpt>
    <trkpt lat="40.15326" lon="15.33876">
      <ele>476.797</ele>
    </trkpt>
    <trkpt lat="40.15316" lon="15.33877">
      <ele>475.754</ele>
    </trkpt>
    <trkpt lat="40.15291" lon="15.33897">
      <ele>472.028</ele>
    </trkpt>
    <trkpt lat="40.1528" lon="15.33908">
      <ele>469.256</ele>
    </trkpt>
    <trkpt lat="40.1527" lon="15.3392">
      <ele>467.293</ele>
    </trkpt>
    <trkpt lat="40.15263" lon="15.33925">
      <ele>466.249</ele>
    </trkpt>
    <trkpt lat="40.15257" lon="15.33925">
      <ele>465.903</ele>
    </trkpt>
    <trkpt lat="40.15234" lon="15.33921">
      <ele>465.068</ele>
    </trkpt>
    <trkpt lat="40.15214" lon="15.33916">
      <ele>463.995</ele>
    </trkpt>
    <trkpt lat="40.15196" lon="15.33919">
      <ele>461.748</ele>
    </trkpt>
    <trkpt lat="40.15188" lon="15.3392">
      <ele>460.351</ele>
    </trkpt>
    <trkpt lat="40.15186" lon="15.33916">
      <ele>460.312</ele>
    </trkpt>
    <trkpt lat="40.15169" lon="15.33924">
      <ele>457.067</ele>
    </trkpt>
    <trkpt lat="40.15139" lon="15.33928">
      <ele>454.6</ele>
    </trkpt>
    <trkpt lat="40.15135" lon="15.33927">
      <ele>453.736</ele>
    </trkpt>
    <trkpt lat="40.1513" lon="15.3392">
      <ele>452.922</ele>
    </trkpt>
    <trkpt lat="40.1513" lon="15.33915">
      <ele>452.742</ele>
    </trkpt>
    <trkpt lat="40.15126" lon="15.33909">
      <ele>450.58</ele>
    </trkpt>
    <trkpt lat="40.1511" lon="15.33902">
      <ele>444.932</ele>
    </trkpt>
    <trkpt lat="40.15095" lon="15.33893">
      <ele>438.955</ele>
    </trkpt>
    <trkpt lat="40.15087" lon="15.33881">
      <ele>434.767</ele>
    </trkpt>
    <trkpt lat="40.15076" lon="15.33873">
      <ele>429.847</ele>
    </trkpt>
    <trkpt lat="40.15034" lon="15.33862">
      <ele>415.304</ele>
    </trkpt>
    <trkpt lat="40.14995" lon="15.33854">
      <ele>399.158</ele>
    </trkpt>
    <trkpt lat="40.14988" lon="15.33855">
      <ele>395.705</ele>
    </trkpt>
    <trkpt lat="40.14975" lon="15.33865">
      <ele>389.766</ele>
    </trkpt>
    <trkpt lat="40.14968" lon="15.33876">
      <ele>386.944</ele>
    </trkpt>
    <trkpt lat="40.14965" lon="15.33878">
      <ele>385.576</ele>
    </trkpt>
    <trkpt lat="40.14963" lon="15.33876">
      <ele>384.424</ele>
    </trkpt>
    <trkpt lat="40.1496" lon="15.33819">
      <ele>379.048</ele>
    </trkpt>
    <trkpt lat="40.14963" lon="15.33808">
      <ele>378.667</ele>
    </trkpt>
    <trkpt lat="40.14968" lon="15.33798">
      <ele>379.743</ele>
    </trkpt>
    <trkpt lat="40.1501" lon="15.33762">
      <ele>384.812</ele>
    </trkpt>
    <trkpt lat="40.15015" lon="15.33754">
      <ele>385.358</ele>
    </trkpt>
    <trkpt lat="40.15019" lon="15.33743">
      <ele>385.559</ele>
    </trkpt>
    <trkpt lat="40.15024" lon="15.33735">
      <ele>386.303</ele>
    </trkpt>
    <trkpt lat="40.15052" lon="15.33707">
      <ele>388.562</ele>
    </trkpt>
    <trkpt lat="40.15058" lon="15.33702">
      <ele>388.472</ele>
    </trkpt>
    <trkpt lat="40.15066" lon="15.33699">
      <ele>388.258</ele>
    </trkpt>
    <trkpt lat="40.15069" lon="15.33694">
      <ele>387.411</ele>
    </trkpt>
    <trkpt lat="40.15073" lon="15.33681">
      <ele>385.636</ele>
    </trkpt>
    <trkpt lat="40.15079" lon="15.33667">
      <ele>384.418</ele>
    </trkpt>
    <trkpt lat="40.151" lon="15.33623">
      <ele>386.088</ele>
    </trkpt>
    <trkpt lat="40.15103" lon="15.33608">
      <ele>388.763</ele>
    </trkpt>
    <trkpt lat="40.15101" lon="15.33596">
      <ele>390.974</ele>
    </trkpt>
    <trkpt lat="40.15098" lon="15.33588">
      <ele>392.183</ele>
    </trkpt>
    <trkpt lat="40.1509" lon="15.33585">
      <ele>391.646</ele>
    </trkpt>
    <trkpt lat="40.15079" lon="15.33587">
      <ele>389.987</ele>
    </trkpt>
    <trkpt lat="40.15064" lon="15.33596">
      <ele>386.693</ele>
    </trkpt>
    <trkpt lat="40.15055" lon="15.33598">
      <ele>385.244</ele>
    </trkpt>
    <trkpt lat="40.15046" lon="15.33595">
      <ele>385.028</ele>
    </trkpt>
    <trkpt lat="40.15028" lon="15.33586">
      <ele>385.352</ele>
    </trkpt>
    <trkpt lat="40.15022" lon="15.33576">
      <ele>388.21</ele>
    </trkpt>
    <trkpt lat="40.15014" lon="15.33565">
      <ele>391.121</ele>
    </trkpt>
    <trkpt lat="40.15008" lon="15.33558">
      <ele>392.709</ele>
    </trkpt>
    <trkpt lat="40.15001" lon="15.33554">
      <ele>393.376</ele>
    </trkpt>
    <trkpt lat="40.14969" lon="15.3355">
      <ele>391.852</ele>
    </trkpt>
    <trkpt lat="40.14959" lon="15.33547">
      <ele>391.42</ele>
    </trkpt>
    <trkpt lat="40.14912" lon="15.33525">
      <ele>384.57</ele>
    </trkpt>
    <trkpt lat="40.14903" lon="15.33516">
      <ele>381.726</ele>
    </trkpt>
    <trkpt lat="40.14894" lon="15.33501">
      <ele>378.372</ele>
    </trkpt>
    <trkpt lat="40.14888" lon="15.33481">
      <ele>380.864</ele>
    </trkpt>
    <trkpt lat="40.14882" lon="15.33464">
      <ele>380.988</ele>
    </trkpt>
    <trkpt lat="40.14874" lon="15.33455">
      <ele>377.913</ele>
    </trkpt>
    <trkpt lat="40.14864" lon="15.33443">
      <ele>375.012</ele>
    </trkpt>
    <trkpt lat="40.14856" lon="15.33425">
      <ele>374.698</ele>
    </trkpt>
    <trkpt lat="40.1485" lon="15.33403">
      <ele>374.59</ele>
    </trkpt>
    <trkpt lat="40.14847" lon="15.33362">
      <ele>372.491</ele>
    </trkpt>
    <trkpt lat="40.14843" lon="15.33341">
      <ele>370.46</ele>
    </trkpt>
    <trkpt lat="40.14839" lon="15.33332">
      <ele>369.138</ele>
    </trkpt>
    <trkpt lat="40.14834" lon="15.33323">
      <ele>367.409</ele>
    </trkpt>
    <trkpt lat="40.14827" lon="15.33322">
      <ele>365.36</ele>
    </trkpt>
    <trkpt lat="40.14819" lon="15.33322">
      <ele>363.056</ele>
    </trkpt>
    <trkpt lat="40.14779" lon="15.3333">
      <ele>352.953</ele>
    </trkpt>
    <trkpt lat="40.14769" lon="15.3333">
      <ele>350.428</ele>
    </trkpt>
    <trkpt lat="40.14755" lon="15.33327">
      <ele>346.576</ele>
    </trkpt>
    <trkpt lat="40.14755" lon="15.33327">
      <ele>346.576</ele>
    </trkpt>
    <trkpt lat="40.14755" lon="15.33327">
      <ele>346.576</ele>
    </trkpt>
    <trkpt lat="40.14747" lon="15.33347">
      <ele>346.014</ele>
    </trkpt>
    <trkpt lat="40.14744" lon="15.33369">
      <ele>345.395</ele>
    </trkpt>
    <trkpt lat="40.14744" lon="15.3338">
      <ele>344.774</ele>
    </trkpt>
    <trkpt lat="40.14744" lon="15.33386">
      <ele>344.435</ele>
    </trkpt>
    <trkpt lat="40.14744" lon="15.33391">
      <ele>343.968</ele>
    </trkpt>
    <trkpt lat="40.14742" lon="15.33393">
      <ele>343.104</ele>
    </trkpt>
    <trkpt lat="40.14738" lon="15.33397">
      <ele>341.376</ele>
    </trkpt>
    <trkpt lat="40.14733" lon="15.334">
      <ele>339.504</ele>
    </trkpt>
    <trkpt lat="40.1473" lon="15.33405">
      <ele>337.92</ele>
    </trkpt>
    <trkpt lat="40.14729" lon="15.3341">
      <ele>336.912</ele>
    </trkpt>
    <trkpt lat="40.14729" lon="15.33416">
      <ele>336.048</ele>
    </trkpt>
    <trkpt lat="40.14732" lon="15.33441">
      <ele>334.139</ele>
    </trkpt>
    <trkpt lat="40.14731" lon="15.3345">
      <ele>334.138</ele>
    </trkpt>
    <trkpt lat="40.14727" lon="15.33454">
      <ele>334.166</ele>
    </trkpt>
    <trkpt lat="40.1471" lon="15.33465">
      <ele>337.117</ele>
    </trkpt>
    <trkpt lat="40.14702" lon="15.33466">
      <ele>338.303</ele>
    </trkpt>
    <trkpt lat="40.1469" lon="15.33456">
      <ele>336.808</ele>
    </trkpt>
    <trkpt lat="40.14679" lon="15.33451">
      <ele>336.556</ele>
    </trkpt>
    <trkpt lat="40.14664" lon="15.33439">
      <ele>334.935</ele>
    </trkpt>
    <trkpt lat="40.14658" lon="15.33426">
      <ele>332.495</ele>
    </trkpt>
    <trkpt lat="40.14644" lon="15.33395">
      <ele>329.144</ele>
    </trkpt>
    <trkpt lat="40.14631" lon="15.33383">
      <ele>331.072</ele>
    </trkpt>
    <trkpt lat="40.14627" lon="15.33374">
      <ele>331.551</ele>
    </trkpt>
    <trkpt lat="40.14622" lon="15.33364">
      <ele>332.135</ele>
    </trkpt>
    <trkpt lat="40.14616" lon="15.33358">
      <ele>333.111</ele>
    </trkpt>
    <trkpt lat="40.14599" lon="15.3334">
      <ele>331.741</ele>
    </trkpt>
    <trkpt lat="40.14596" lon="15.33329">
      <ele>329.679</ele>
    </trkpt>
    <trkpt lat="40.14594" lon="15.33318">
      <ele>327.516</ele>
    </trkpt>
    <trkpt lat="40.14596" lon="15.33295">
      <ele>323.687</ele>
    </trkpt>
    <trkpt lat="40.14593" lon="15.33285">
      <ele>322.522</ele>
    </trkpt>
    <trkpt lat="40.14568" lon="15.33269">
      <ele>322.821</ele>
    </trkpt>
    <trkpt lat="40.14556" lon="15.33269">
      <ele>323.958</ele>
    </trkpt>
    <trkpt lat="40.14544" lon="15.33275">
      <ele>327.619</ele>
    </trkpt>
    <trkpt lat="40.1454" lon="15.33287">
      <ele>329.186</ele>
    </trkpt>
    <trkpt lat="40.14536" lon="15.33309">
      <ele>330.903</ele>
    </trkpt>
    <trkpt lat="40.14532" lon="15.33313">
      <ele>332.215</ele>
    </trkpt>
    <trkpt lat="40.14528" lon="15.33313">
      <ele>333.213</ele>
    </trkpt>
    <trkpt lat="40.14507" lon="15.33281">
      <ele>339.992</ele>
    </trkpt>
    <trkpt lat="40.14491" lon="15.33265">
      <ele>341.618</ele>
    </trkpt>
    <trkpt lat="40.14446" lon="15.33223">
      <ele>349.608</ele>
    </trkpt>
    <trkpt lat="40.14428" lon="15.33213">
      <ele>348.475</ele>
    </trkpt>
    <trkpt lat="40.14418" lon="15.33212">
      <ele>348.178</ele>
    </trkpt>
    <trkpt lat="40.14403" lon="15.33207">
      <ele>347.53</ele>
    </trkpt>
    <trkpt lat="40.14394" lon="15.33194">
      <ele>345.759</ele>
    </trkpt>
    <trkpt lat="40.14388" lon="15.33173">
      <ele>343.915</ele>
    </trkpt>
    <trkpt lat="40.14376" lon="15.33151">
      <ele>344.033</ele>
    </trkpt>
    <trkpt lat="40.14361" lon="15.33137">
      <ele>344.744</ele>
    </trkpt>
    <trkpt lat="40.1434" lon="15.33124">
      <ele>345.896</ele>
    </trkpt>
    <trkpt lat="40.14318" lon="15.33117">
      <ele>349.829</ele>
    </trkpt>
    <trkpt lat="40.14305" lon="15.33105">
      <ele>351.607</ele>
    </trkpt>
    <trkpt lat="40.14267" lon="15.33046">
      <ele>355.956</ele>
    </trkpt>
    <trkpt lat="40.14251" lon="15.33006">
      <ele>355.833</ele>
    </trkpt>
    <trkpt lat="40.14243" lon="15.33002">
      <ele>355.378</ele>
    </trkpt>
    <trkpt lat="40.14232" lon="15.33005">
      <ele>356.017</ele>
    </trkpt>
    <trkpt lat="40.14209" lon="15.33014">
      <ele>353.972</ele>
    </trkpt>
    <trkpt lat="40.14202" lon="15.3302">
      <ele>352.652</ele>
    </trkpt>
    <trkpt lat="40.14198" lon="15.33027">
      <ele>352.185</ele>
    </trkpt>
    <trkpt lat="40.14189" lon="15.33033">
      <ele>350.952</ele>
    </trkpt>
    <trkpt lat="40.1416" lon="15.33041">
      <ele>347.616</ele>
    </trkpt>
    <trkpt lat="40.1416" lon="15.33041">
      <ele>347.616</ele>
    </trkpt>
    <trkpt lat="40.1416" lon="15.33041">
      <ele>347.616</ele>
    </trkpt>
    <trkpt lat="40.14152" lon="15.3305">
      <ele>349.272</ele>
    </trkpt>
    <trkpt lat="40.14125" lon="15.33065">
      <ele>353.86</ele>
    </trkpt>
    <trkpt lat="40.14087" lon="15.33085">
      <ele>356.784</ele>
    </trkpt>
    <trkpt lat="40.14066" lon="15.33099">
      <ele>358.268</ele>
    </trkpt>
    <trkpt lat="40.14058" lon="15.33107">
      <ele>358.721</ele>
    </trkpt>
    <trkpt lat="40.1405" lon="15.33125">
      <ele>362.2</ele>
    </trkpt>
    <trkpt lat="40.14043" lon="15.33134">
      <ele>363.065</ele>
    </trkpt>
    <trkpt lat="40.13996" lon="15.33154">
      <ele>370.499</ele>
    </trkpt>
    <trkpt lat="40.13947" lon="15.33168">
      <ele>380.912</ele>
    </trkpt>
    <trkpt lat="40.13918" lon="15.33173">
      <ele>384.768</ele>
    </trkpt>
    <trkpt lat="40.13909" lon="15.3317">
      <ele>386.103</ele>
    </trkpt>
    <trkpt lat="40.13894" lon="15.33157">
      <ele>387.852</ele>
    </trkpt>
    <trkpt lat="40.13883" lon="15.33134">
      <ele>386.085</ele>
    </trkpt>
    <trkpt lat="40.13879" lon="15.33146">
      <ele>386.965</ele>
    </trkpt>
    <trkpt lat="40.13876" lon="15.33155">
      <ele>387.543</ele>
    </trkpt>
    <trkpt lat="40.13869" lon="15.33167">
      <ele>387.888</ele>
    </trkpt>
    <trkpt lat="40.13862" lon="15.33177">
      <ele>388.212</ele>
    </trkpt>
    <trkpt lat="40.13855" lon="15.33187">
      <ele>388.799</ele>
    </trkpt>
    <trkpt lat="40.13855" lon="15.33187">
      <ele>388.799</ele>
    </trkpt>
    <trkpt lat="40.13855" lon="15.33187">
      <ele>388.799</ele>
    </trkpt>
    <trkpt lat="40.13853" lon="15.33184">
      <ele>388.251</ele>
    </trkpt>
    <trkpt lat="40.13836" lon="15.33183">
      <ele>386.743</ele>
    </trkpt>
    <trkpt lat="40.13817" lon="15.33188">
      <ele>387.02</ele>
    </trkpt>
    <trkpt lat="40.13788" lon="15.332">
      <ele>389.0</ele>
    </trkpt>
    <trkpt lat="40.13771" lon="15.33203">
      <ele>389.239</ele>
    </trkpt>
    <trkpt lat="40.13761" lon="15.33205">
      <ele>388.982</ele>
    </trkpt>
    <trkpt lat="40.13743" lon="15.33207">
      <ele>387.558</ele>
    </trkpt>
    <trkpt lat="40.13734" lon="15.33203">
      <ele>386.181</ele>
    </trkpt>
    <trkpt lat="40.13731" lon="15.33198">
      <ele>385.48</ele>
    </trkpt>
    <trkpt lat="40.13731" lon="15.33198">
      <ele>385.48</ele>
    </trkpt>
    <trkpt lat="40.13731" lon="15.33198">
      <ele>385.48</ele>
    </trkpt>
    <trkpt lat="40.13725" lon="15.33189">
      <ele>383.832</ele>
    </trkpt>
    <trkpt lat="40.13719" lon="15.33173">
      <ele>381.916</ele>
    </trkpt>
    <trkpt lat="40.13712" lon="15.33121">
      <ele>377.974</ele>
    </trkpt>
    <trkpt lat="40.13705" lon="15.32996">
      <ele>369.743</ele>
    </trkpt>
    <trkpt lat="40.13702" lon="15.32941">
      <ele>362.96</ele>
    </trkpt>
    <trkpt lat="40.1371" lon="15.3292">
      <ele>359.36</ele>
    </trkpt>
    <trkpt lat="40.13724" lon="15.3291">
      <ele>357.313</ele>
    </trkpt>
    <trkpt lat="40.13746" lon="15.32904">
      <ele>354.13</ele>
    </trkpt>
    <trkpt lat="40.13779" lon="15.32892">
      <ele>351.6</ele>
    </trkpt>
    <trkpt lat="40.13789" lon="15.32886">
      <ele>353.216</ele>
    </trkpt>
    <trkpt lat="40.13796" lon="15.32873">
      <ele>353.792</ele>
    </trkpt>
    <trkpt lat="40.13801" lon="15.32861">
      <ele>354.009</ele>
    </trkpt>
    <trkpt lat="40.13806" lon="15.3283">
      <ele>352.704</ele>
    </trkpt>
    <trkpt lat="40.13813" lon="15.32736">
      <ele>336.101</ele>
    </trkpt>
    <trkpt lat="40.13815" lon="15.32722">
      <ele>331.949</ele>
    </trkpt>
    <trkpt lat="40.13818" lon="15.32696">
      <ele>326.238</ele>
    </trkpt>
    <trkpt lat="40.13821" lon="15.3269">
      <ele>325.792</ele>
    </trkpt>
    <trkpt lat="40.13824" lon="15.32688">
      <ele>325.864</ele>
    </trkpt>
    <trkpt lat="40.13827" lon="15.32688">
      <ele>326.08</ele>
    </trkpt>
    <trkpt lat="40.13831" lon="15.3269">
      <ele>326.512</ele>
    </trkpt>
    <trkpt lat="40.13831" lon="15.3269">
      <ele>326.512</ele>
    </trkpt>
    <trkpt lat="40.13831" lon="15.3269">
      <ele>326.512</ele>
    </trkpt>
    <trkpt lat="40.13853" lon="15.32727">
      <ele>328.371</ele>
    </trkpt>
    <trkpt lat="40.13866" lon="15.32746">
      <ele>334.525</ele>
    </trkpt>
    <trkpt lat="40.13882" lon="15.32757">
      <ele>336.447</ele>
    </trkpt>
    <trkpt lat="40.13909" lon="15.3277">
      <ele>335.744</ele>
    </trkpt>
    <trkpt lat="40.13933" lon="15.32779">
      <ele>335.702</ele>
    </trkpt>
    <trkpt lat="40.1394" lon="15.32779">
      <ele>335.461</ele>
    </trkpt>
    <trkpt lat="40.13945" lon="15.32774">
      <ele>334.033</ele>
    </trkpt>
    <trkpt lat="40.13949" lon="15.32763">
      <ele>331.286</ele>
    </trkpt>
    <trkpt lat="40.13948" lon="15.32748">
      <ele>327.84</ele>
    </trkpt>
    <trkpt lat="40.13965" lon="15.32735">
      <ele>326.58</ele>
    </trkpt>
    <trkpt lat="40.13971" lon="15.32725">
      <ele>325.356</ele>
    </trkpt>
    <trkpt lat="40.13978" lon="15.32704">
      <ele>322.544</ele>
    </trkpt>
    <trkpt lat="40.13984" lon="15.32682">
      <ele>320.188</ele>
    </trkpt>
    <trkpt lat="40.13992" lon="15.32661">
      <ele>318.533</ele>
    </trkpt>
    <trkpt lat="40.14" lon="15.32648">
      <ele>317.656</ele>
    </trkpt>
    <trkpt lat="40.14004" lon="15.32653">
      <ele>317.438</ele>
    </trkpt>
    <trkpt lat="40.14009" lon="15.32664">
      <ele>317.25</ele>
    </trkpt>
    <trkpt lat="40.14018" lon="15.32684">
      <ele>316.384</ele>
    </trkpt>
    <trkpt lat="40.14027" lon="15.32708">
      <ele>316.116</ele>
    </trkpt>
    <trkpt lat="40.14041" lon="15.32743">
      <ele>315.404</ele>
    </trkpt>
    <trkpt lat="40.14053" lon="15.32766">
      <ele>313.743</ele>
    </trkpt>
    <trkpt lat="40.14061" lon="15.32771">
      <ele>313.565</ele>
    </trkpt>
    <trkpt lat="40.14087" lon="15.32776">
      <ele>314.169</ele>
    </trkpt>
    <trkpt lat="40.14099" lon="15.32781">
      <ele>313.244</ele>
    </trkpt>
    <trkpt lat="40.14112" lon="15.32793">
      <ele>312.626</ele>
    </trkpt>
    <trkpt lat="40.14116" lon="15.32796">
      <ele>312.853</ele>
    </trkpt>
    <trkpt lat="40.14127" lon="15.32801">
      <ele>313.03</ele>
    </trkpt>
    <trkpt lat="40.14134" lon="15.32799">
      <ele>312.662</ele>
    </trkpt>
    <trkpt lat="40.14138" lon="15.32794">
      <ele>312.187</ele>
    </trkpt>
    <trkpt lat="40.14161" lon="15.32712">
      <ele>307.508</ele>
    </trkpt>
    <trkpt lat="40.14168" lon="15.32698">
      <ele>306.656</ele>
    </trkpt>
    <trkpt lat="40.14197" lon="15.32658">
      <ele>305.311</ele>
    </trkpt>
    <trkpt lat="40.14216" lon="15.32636">
      <ele>304.263</ele>
    </trkpt>
    <trkpt lat="40.14226" lon="15.3263">
      <ele>303.583</ele>
    </trkpt>
    <trkpt lat="40.14243" lon="15.32624">
      <ele>301.202</ele>
    </trkpt>
    <trkpt lat="40.14276" lon="15.32626">
      <ele>300.034</ele>
    </trkpt>
    <trkpt lat="40.14282" lon="15.32628">
      <ele>300.092</ele>
    </trkpt>
    <trkpt lat="40.14294" lon="15.32635">
      <ele>300.502</ele>
    </trkpt>
    <trkpt lat="40.14312" lon="15.3265">
      <ele>300.693</ele>
    </trkpt>
    <trkpt lat="40.14319" lon="15.32654">
      <ele>300.719</ele>
    </trkpt>
    <trkpt lat="40.14334" lon="15.32664">
      <ele>301.0</ele>
    </trkpt>
    <trkpt lat="40.14346" lon="15.32666">
      <ele>301.0</ele>
    </trkpt>
    <trkpt lat="40.14358" lon="15.32662">
      <ele>301.0</ele>
    </trkpt>
    <trkpt lat="40.14369" lon="15.32655">
      <ele>301.165</ele>
    </trkpt>
    <trkpt lat="40.14375" lon="15.32651">
      <ele>301.218</ele>
    </trkpt>
    <trkpt lat="40.14375" lon="15.32651">
      <ele>301.218</ele>
    </trkpt>
    <trkpt lat="40.14375" lon="15.32651">
      <ele>301.218</ele>
    </trkpt>
    <trkpt lat="40.14417" lon="15.32624">
      <ele>301.012</ele>
    </trkpt>
    <trkpt lat="40.14462" lon="15.32603">
      <ele>306.871</ele>
    </trkpt>
    <trkpt lat="40.14472" lon="15.32595">
      <ele>309.361</ele>
    </trkpt>
    <trkpt lat="40.14478" lon="15.32581">
      <ele>310.311</ele>
    </trkpt>
    <trkpt lat="40.14484" lon="15.32532">
      <ele>305.295</ele>
    </trkpt>
    <trkpt lat="40.14486" lon="15.32525">
      <ele>305.566</ele>
    </trkpt>
    <trkpt lat="40.14489" lon="15.3252">
      <ele>306.6</ele>
    </trkpt>
    <trkpt lat="40.14498" lon="15.32509">
      <ele>308.871</ele>
    </trkpt>
    <trkpt lat="40.14502" lon="15.32499">
      <ele>309.748</ele>
    </trkpt>
    <trkpt lat="40.14503" lon="15.32494">
      <ele>310.874</ele>
    </trkpt>
    <trkpt lat="40.14503" lon="15.32489">
      <ele>311.716</ele>
    </trkpt>
    <trkpt lat="40.14496" lon="15.32418">
      <ele>313.752</ele>
    </trkpt>
    <trkpt lat="40.14494" lon="15.32386">
      <ele>318.413</ele>
    </trkpt>
    <trkpt lat="40.14496" lon="15.32376">
      <ele>320.23</ele>
    </trkpt>
    <trkpt lat="40.14497" lon="15.32371">
      <ele>321.099</ele>
    </trkpt>
    <trkpt lat="40.145" lon="15.32366">
      <ele>322.472</ele>
    </trkpt>
    <trkpt lat="40.14503" lon="15.32365">
      <ele>323.213</ele>
    </trkpt>
    <trkpt lat="40.14503" lon="15.32365">
      <ele>323.213</ele>
    </trkpt>
    <trkpt lat="40.14506" lon="15.32365">
      <ele>323.846</ele>
    </trkpt>
    <trkpt lat="40.14507" lon="15.32347">
      <ele>324.764</ele>
    </trkpt>
    <trkpt lat="40.1451" lon="15.32339">
      <ele>325.383</ele>
    </trkpt>
    <trkpt lat="40.1452" lon="15.32324">
      <ele>327.122</ele>
    </trkpt>
    <trkpt lat="40.14524" lon="15.32316">
      <ele>327.995</ele>
    </trkpt>
    <trkpt lat="40.14525" lon="15.32307">
      <ele>328.453</ele>
    </trkpt>
    <trkpt lat="40.14518" lon="15.32266">
      <ele>332.181</ele>
    </trkpt>
    <trkpt lat="40.14512" lon="15.32258">
      <ele>333.058</ele>
    </trkpt>
    <trkpt lat="40.14503" lon="15.32251">
      <ele>333.944</ele>
    </trkpt>
    <trkpt lat="40.14498" lon="15.32245">
      <ele>335.198</ele>
    </trkpt>
    <trkpt lat="40.14484" lon="15.32223">
      <ele>337.992</ele>
    </trkpt>
    <trkpt lat="40.14466" lon="15.322">
      <ele>341.456</ele>
    </trkpt>
    <trkpt lat="40.14459" lon="15.32194">
      <ele>342.072</ele>
    </trkpt>
    <trkpt lat="40.14445" lon="15.32188">
      <ele>338.187</ele>
    </trkpt>
    <trkpt lat="40.1444" lon="15.32185">
      <ele>336.517</ele>
    </trkpt>
    <trkpt lat="40.14439" lon="15.32177">
      <ele>334.943</ele>
    </trkpt>
    <trkpt lat="40.14443" lon="15.32162">
      <ele>333.188</ele>
    </trkpt>
    <trkpt lat="40.14452" lon="15.32141">
      <ele>328.968</ele>
    </trkpt>
    <trkpt lat="40.14463" lon="15.32127">
      <ele>327.058</ele>
    </trkpt>
    <trkpt lat="40.14486" lon="15.32113">
      <ele>326.528</ele>
    </trkpt>
    <trkpt lat="40.1452" lon="15.32092">
      <ele>323.904</ele>
    </trkpt>
    <trkpt lat="40.14546" lon="15.32085">
      <ele>323.115</ele>
    </trkpt>
    <trkpt lat="40.14569" lon="15.3207">
      <ele>323.732</ele>
    </trkpt>
    <trkpt lat="40.14578" lon="15.32058">
      <ele>324.129</ele>
    </trkpt>
    <trkpt lat="40.14585" lon="15.32044">
      <ele>324.257</ele>
    </trkpt>
    <trkpt lat="40.14599" lon="15.31982">
      <ele>323.049</ele>
    </trkpt>
    <trkpt lat="40.14604" lon="15.3197">
      <ele>322.908</ele>
    </trkpt>
    <trkpt lat="40.14629" lon="15.31936">
      <ele>321.216</ele>
    </trkpt>
    <trkpt lat="40.14637" lon="15.31917">
      <ele>317.935</ele>
    </trkpt>
    <trkpt lat="40.14638" lon="15.31908">
      <ele>316.376</ele>
    </trkpt>
    <trkpt lat="40.14638" lon="15.3189">
      <ele>313.136</ele>
    </trkpt>
    <trkpt lat="40.14639" lon="15.31881">
      <ele>311.589</ele>
    </trkpt>
    <trkpt lat="40.14643" lon="15.31872">
      <ele>310.346</ele>
    </trkpt>
    <trkpt lat="40.14643" lon="15.31872">
      <ele>310.346</ele>
    </trkpt>
    <trkpt lat="40.14643" lon="15.31872">
      <ele>310.346</ele>
    </trkpt>
    <trkpt lat="40.14663" lon="15.3185">
      <ele>309.298</ele>
    </trkpt>
    <trkpt lat="40.14671" lon="15.31835">
      <ele>308.823</ele>
    </trkpt>
    <trkpt lat="40.1469" lon="15.31813">
      <ele>309.662</ele>
    </trkpt>
    <trkpt lat="40.14699" lon="15.31808">
      <ele>310.996</ele>
    </trkpt>
    <trkpt lat="40.14706" lon="15.31807">
      <ele>312.184</ele>
    </trkpt>
    <trkpt lat="40.14718" lon="15.31814">
      <ele>314.848</ele>
    </trkpt>
    <trkpt lat="40.14721" lon="15.31814">
      <ele>315.388</ele>
    </trkpt>
    <trkpt lat="40.14729" lon="15.31806">
      <ele>316.256</ele>
    </trkpt>
    <trkpt lat="40.14732" lon="15.31804">
      <ele>316.724</ele>
    </trkpt>
    <trkpt lat="40.14737" lon="15.31805">
      <ele>317.651</ele>
    </trkpt>
    <trkpt lat="40.14775" lon="15.31839">
      <ele>327.704</ele>
    </trkpt>
    <trkpt lat="40.1481" lon="15.31877">
      <ele>337.288</ele>
    </trkpt>
    <trkpt lat="40.14845" lon="15.31915">
      <ele>347.045</ele>
    </trkpt>
    <trkpt lat="40.14886" lon="15.31944">
      <ele>355.638</ele>
    </trkpt>
    <trkpt lat="40.14908" lon="15.31956">
      <ele>359.182</ele>
    </trkpt>
    <trkpt lat="40.14911" lon="15.31959">
      <ele>359.853</ele>
    </trkpt>
    <trkpt lat="40.14911" lon="15.31966">
      <ele>360.558</ele>
    </trkpt>
    <trkpt lat="40.14911" lon="15.31966">
      <ele>360.558</ele>
    </trkpt>
    <trkpt lat="40.14911" lon="15.31966">
      <ele>360.558</ele>
    </trkpt>
    <trkpt lat="40.14913" lon="15.3197">
      <ele>361.243</ele>
    </trkpt>
    <trkpt lat="40.14954" lon="15.31997">
      <ele>368.978</ele>
    </trkpt>
    <trkpt lat="40.14969" lon="15.32014">
      <ele>373.048</ele>
    </trkpt>
    <trkpt lat="40.14971" lon="15.32014">
      <ele>373.336</ele>
    </trkpt>
    <trkpt lat="40.1499" lon="15.31997">
      <ele>373.38</ele>
    </trkpt>
    <trkpt lat="40.14995" lon="15.31996">
      <ele>373.74</ele>
    </trkpt>
    <trkpt lat="40.15001" lon="15.31996">
      <ele>374.332</ele>
    </trkpt>
    <trkpt lat="40.15015" lon="15.32004">
      <ele>376.793</ele>
    </trkpt>
    <trkpt lat="40.15021" lon="15.32008">
      <ele>378.573</ele>
    </trkpt>
    <trkpt lat="40.15034" lon="15.32026">
      <ele>387.221</ele>
    </trkpt>
    <trkpt lat="40.15038" lon="15.32029">
      <ele>388.741</ele>
    </trkpt>
    <trkpt lat="40.15071" lon="15.32032">
      <ele>394.996</ele>
    </trkpt>
    <trkpt lat="40.15074" lon="15.32034">
      <ele>396.112</ele>
    </trkpt>
    <trkpt lat="40.15075" lon="15.32038">
      <ele>397.444</ele>
    </trkpt>
    <trkpt lat="40.15078" lon="15.32041">
      <ele>398.848</ele>
    </trkpt>
    <trkpt lat="40.15087" lon="15.32044">
      <ele>401.046</ele>
    </trkpt>
    <trkpt lat="40.15095" lon="15.32048">
      <ele>402.892</ele>
    </trkpt>
    <trkpt lat="40.15109" lon="15.32064">
      <ele>407.884</ele>
    </trkpt>
    <trkpt lat="40.1511" lon="15.32068">
      <ele>408.984</ele>
    </trkpt>
    <trkpt lat="40.1511" lon="15.32073">
      <ele>410.216</ele>
    </trkpt>
    <trkpt lat="40.15104" lon="15.32077">
      <ele>410.101</ele>
    </trkpt>
    <trkpt lat="40.15085" lon="15.32104">
      <ele>408.803</ele>
    </trkpt>
    <trkpt lat="40.151" lon="15.32121">
      <ele>411.929</ele>
    </trkpt>
    <trkpt lat="40.15117" lon="15.32148">
      <ele>415.375</ele>
    </trkpt>
    <trkpt lat="40.15131" lon="15.32194">
      <ele>422.246</ele>
    </trkpt>
    <trkpt lat="40.15149" lon="15.32241">
      <ele>433.146</ele>
    </trkpt>
    <trkpt lat="40.15156" lon="15.32253">
      <ele>436.185</ele>
    </trkpt>
    <trkpt lat="40.15159" lon="15.32268">
      <ele>438.267</ele>
    </trkpt>
    <trkpt lat="40.15159" lon="15.32268">
      <ele>438.267</ele>
    </trkpt>
    <trkpt lat="40.15159" lon="15.32268">
      <ele>438.267</ele>
    </trkpt>
    <trkpt lat="40.15167" lon="15.32265">
      <ele>440.176</ele>
    </trkpt>
    <trkpt lat="40.15178" lon="15.32253">
      <ele>442.48</ele>
    </trkpt>
    <trkpt lat="40.15194" lon="15.32245">
      <ele>445.978</ele>
    </trkpt>
    <trkpt lat="40.15218" lon="15.32241">
      <ele>445.607</ele>
    </trkpt>
    <trkpt lat="40.15225" lon="15.3224">
      <ele>445.62</ele>
    </trkpt>
    <trkpt lat="40.15234" lon="15.32237">
      <ele>445.512</ele>
    </trkpt>
    <trkpt lat="40.15239" lon="15.32233">
      <ele>445.62</ele>
    </trkpt>
    <trkpt lat="40.15241" lon="15.32228">
      <ele>445.908</ele>
    </trkpt>
    <trkpt lat="40.15241" lon="15.32226">
      <ele>446.052</ele>
    </trkpt>
    <trkpt lat="40.15241" lon="15.32223">
      <ele>446.268</ele>
    </trkpt>
    <trkpt lat="40.15249" lon="15.32223">
      <ele>445.98</ele>
    </trkpt>
    <trkpt lat="40.15254" lon="15.32225">
      <ele>447.614</ele>
    </trkpt>
    <trkpt lat="40.15265" lon="15.3224">
      <ele>450.358</ele>
    </trkpt>
    <trkpt lat="40.15265" lon="15.32245">
      <ele>449.609</ele>
    </trkpt>
    <trkpt lat="40.15261" lon="15.32251">
      <ele>447.715</ele>
    </trkpt>
    <trkpt lat="40.15249" lon="15.32262">
      <ele>446.118</ele>
    </trkpt>
    <trkpt lat="40.15245" lon="15.32266">
      <ele>446.542</ele>
    </trkpt>
    <trkpt lat="40.15245" lon="15.32266">
      <ele>446.542</ele>
    </trkpt>
    <trkpt lat="40.15245" lon="15.32266">
      <ele>446.542</ele>
    </trkpt>
    <trkpt lat="40.1524" lon="15.3227">
      <ele>446.664</ele>
    </trkpt>
    <trkpt lat="40.15244" lon="15.32273">
      <ele>447.462</ele>
    </trkpt>
    <trkpt lat="40.15262" lon="15.32298">
      <ele>456.078</ele>
    </trkpt>
    <trkpt lat="40.15264" lon="15.32307">
      <ele>458.284</ele>
    </trkpt>
    <trkpt lat="40.15265" lon="15.32329">
      <ele>462.392</ele>
    </trkpt>
    <trkpt lat="40.15266" lon="15.32351">
      <ele>466.581</ele>
    </trkpt>
    <trkpt lat="40.15268" lon="15.32368">
      <ele>469.297</ele>
    </trkpt>
    <trkpt lat="40.15274" lon="15.32389">
      <ele>472.052</ele>
    </trkpt>
    <trkpt lat="40.1528" lon="15.32403">
      <ele>474.068</ele>
    </trkpt>
    <trkpt lat="40.1529" lon="15.32421">
      <ele>477.236</ele>
    </trkpt>
    <trkpt lat="40.15304" lon="15.32432">
      <ele>481.16</ele>
    </trkpt>
    <trkpt lat="40.15315" lon="15.32442">
      <ele>484.632</ele>
    </trkpt>
    <trkpt lat="40.15319" lon="15.32448">
      <ele>485.938</ele>
    </trkpt>
    <trkpt lat="40.15323" lon="15.32458">
      <ele>487.206</ele>
    </trkpt>
    <trkpt lat="40.15325" lon="15.32473">
      <ele>487.973</ele>
    </trkpt>
    <trkpt lat="40.15326" lon="15.32485">
      <ele>489.315</ele>
    </trkpt>
    <trkpt lat="40.15326" lon="15.32485">
      <ele>489.315</ele>
    </trkpt>
    <trkpt lat="40.15326" lon="15.32485">
      <ele>489.315</ele>
    </trkpt>
    <trkpt lat="40.15333" lon="15.32481">
      <ele>490.556</ele>
    </trkpt>
    <trkpt lat="40.15341" lon="15.32473">
      <ele>492.256</ele>
    </trkpt>
    <trkpt lat="40.15344" lon="15.32465">
      <ele>493.072</ele>
    </trkpt>
    <trkpt lat="40.15344" lon="15.32431">
      <ele>492.588</ele>
    </trkpt>
    <trkpt lat="40.15345" lon="15.32379">
      <ele>491.424</ele>
    </trkpt>
    <trkpt lat="40.15345" lon="15.32368">
      <ele>491.028</ele>
    </trkpt>
    <trkpt lat="40.15352" lon="15.32349">
      <ele>490.868</ele>
    </trkpt>
    <trkpt lat="40.15358" lon="15.32342">
      <ele>491.552</ele>
    </trkpt>
    <trkpt lat="40.15375" lon="15.32332">
      <ele>493.712</ele>
    </trkpt>
    <trkpt lat="40.15382" lon="15.32332">
      <ele>495.224</ele>
    </trkpt>
    <trkpt lat="40.15399" lon="15.32332">
      <ele>498.185</ele>
    </trkpt>
    <trkpt lat="40.15411" lon="15.32329">
      <ele>499.372</ele>
    </trkpt>
    <trkpt lat="40.15422" lon="15.32321">
      <ele>500.678</ele>
    </trkpt>
    <trkpt lat="40.1544" lon="15.32297">
      <ele>505.856</ele>
    </trkpt>
    <trkpt lat="40.15441" lon="15.32291">
      <ele>506.684</ele>
    </trkpt>
    <trkpt lat="40.15441" lon="15.32291">
      <ele>506.684</ele>
    </trkpt>
    <trkpt lat="40.15441" lon="15.32291">
      <ele>506.684</ele>
    </trkpt>
    <trkpt lat="40.15442" lon="15.32285">
      <ele>507.512</ele>
    </trkpt>
    <trkpt lat="40.15436" lon="15.32261">
      <ele>510.541</ele>
    </trkpt>
    <trkpt lat="40.1543" lon="15.32246">
      <ele>511.44</ele>
    </trkpt>
    <trkpt lat="40.15417" lon="15.32206">
      <ele>512.081</ele>
    </trkpt>
    <trkpt lat="40.1541" lon="15.32182">
      <ele>513.84</ele>
    </trkpt>
    <trkpt lat="40.15407" lon="15.3216">
      <ele>517.044</ele>
    </trkpt>
    <trkpt lat="40.15402" lon="15.32141">
      <ele>519.752</ele>
    </trkpt>
    <trkpt lat="40.15384" lon="15.32114">
      <ele>515.772</ele>
    </trkpt>
    <trkpt lat="40.15378" lon="15.32104">
      <ele>513.964</ele>
    </trkpt>
    <trkpt lat="40.15373" lon="15.32089">
      <ele>513.069</ele>
    </trkpt>
    <trkpt lat="40.15372" lon="15.32071">
      <ele>513.54</ele>
    </trkpt>
    <trkpt lat="40.15372" lon="15.32071">
      <ele>513.54</ele>
    </trkpt>
    <trkpt lat="40.15372" lon="15.32071">
      <ele>513.54</ele>
    </trkpt>
    <trkpt lat="40.15372" lon="15.32063">
      <ele>513.828</ele>
    </trkpt>
    <trkpt lat="40.15385" lon="15.32031">
      <ele>516.768</ele>
    </trkpt>
    <trkpt lat="40.1539" lon="15.32003">
      <ele>514.064</ele>
    </trkpt>
    <trkpt lat="40.15394" lon="15.31951">
      <ele>510.864</ele>
    </trkpt>
    <trkpt lat="40.15394" lon="15.31931">
      <ele>511.182</ele>
    </trkpt>
    <trkpt lat="40.15397" lon="15.31916">
      <ele>513.276</ele>
    </trkpt>
    <trkpt lat="40.15404" lon="15.319">
      <ele>516.373</ele>
    </trkpt>
    <trkpt lat="40.1542" lon="15.31886">
      <ele>516.716</ele>
    </trkpt>
    <trkpt lat="40.15469" lon="15.31853">
      <ele>506.432</ele>
    </trkpt>
    <trkpt lat="40.1549" lon="15.31838">
      <ele>504.796</ele>
    </trkpt>
    <trkpt lat="40.15493" lon="15.31831">
      <ele>503.32</ele>
    </trkpt>
    <trkpt lat="40.15493" lon="15.31826">
      <ele>501.88</ele>
    </trkpt>
    <trkpt lat="40.15488" lon="15.31824">
      <ele>500.584</ele>
    </trkpt>
    <trkpt lat="40.15462" lon="15.31827">
      <ele>498.608</ele>
    </trkpt>
    <trkpt lat="40.15415" lon="15.31826">
      <ele>498.22</ele>
    </trkpt>
    <trkpt lat="40.15408" lon="15.31823">
      <ele>498.816</ele>
    </trkpt>
    <trkpt lat="40.15406" lon="15.31816">
      <ele>497.407</ele>
    </trkpt>
    <trkpt lat="40.15409" lon="15.31809">
      <ele>494.856</ele>
    </trkpt>
    <trkpt lat="40.15454" lon="15.31772">
      <ele>484.577</ele>
    </trkpt>
    <trkpt lat="40.15487" lon="15.31738">
      <ele>479.205</ele>
    </trkpt>
    <trkpt lat="40.15492" lon="15.3173">
      <ele>478.901</ele>
    </trkpt>
    <trkpt lat="40.15492" lon="15.3173">
      <ele>478.901</ele>
    </trkpt>
    <trkpt lat="40.15492" lon="15.3173">
      <ele>478.901</ele>
    </trkpt>
    <trkpt lat="40.15496" lon="15.31724">
      <ele>478.467</ele>
    </trkpt>
    <trkpt lat="40.1551" lon="15.31721">
      <ele>481.268</ele>
    </trkpt>
    <trkpt lat="40.15532" lon="15.31718">
      <ele>485.415</ele>
    </trkpt>
    <trkpt lat="40.15542" lon="15.31719">
      <ele>486.783</ele>
    </trkpt>
    <trkpt lat="40.15548" lon="15.31724">
      <ele>488.568</ele>
    </trkpt>
    <trkpt lat="40.15554" lon="15.31729">
      <ele>490.296</ele>
    </trkpt>
    <trkpt lat="40.15571" lon="15.31755">
      <ele>493.3</ele>
    </trkpt>
    <trkpt lat="40.1558" lon="15.31778">
      <ele>496.648</ele>
    </trkpt>
    <trkpt lat="40.15585" lon="15.31801">
      <ele>500.376</ele>
    </trkpt>
    <trkpt lat="40.15586" lon="15.31816">
      <ele>501.356</ele>
    </trkpt>
    <trkpt lat="40.15585" lon="15.31845">
      <ele>503.316</ele>
    </trkpt>
    <trkpt lat="40.15587" lon="15.31861">
      <ele>504.066</ele>
    </trkpt>
    <trkpt lat="40.1559" lon="15.3187">
      <ele>503.947</ele>
    </trkpt>
    <trkpt lat="40.15595" lon="15.31879">
      <ele>503.786</ele>
    </trkpt>
    <trkpt lat="40.15603" lon="15.31885">
      <ele>503.34</ele>
    </trkpt>
    <trkpt lat="40.15613" lon="15.31887">
      <ele>502.655</ele>
    </trkpt>
    <trkpt lat="40.1563" lon="15.31887">
      <ele>502.614</ele>
    </trkpt>
    <trkpt lat="40.15639" lon="15.3189">
      <ele>503.056</ele>
    </trkpt>
    <trkpt lat="40.15644" lon="15.31897">
      <ele>502.426</ele>
    </trkpt>
    <trkpt lat="40.15649" lon="15.31911">
      <ele>502.118</ele>
    </trkpt>
    <trkpt lat="40.1566" lon="15.31978">
      <ele>504.942</ele>
    </trkpt>
    <trkpt lat="40.15664" lon="15.31992">
      <ele>505.644</ele>
    </trkpt>
    <trkpt lat="40.15669" lon="15.31997">
      <ele>505.466</ele>
    </trkpt>
    <trkpt lat="40.15673" lon="15.31999">
      <ele>505.612</ele>
    </trkpt>
    <trkpt lat="40.15679" lon="15.31999">
      <ele>505.38</ele>
    </trkpt>
    <trkpt lat="40.15691" lon="15.31995">
      <ele>504.089</ele>
    </trkpt>
    <trkpt lat="40.15701" lon="15.31993">
      <ele>504.551</ele>
    </trkpt>
    <trkpt lat="40.15726" lon="15.31993">
      <ele>508.774</ele>
    </trkpt>
    <trkpt lat="40.15741" lon="15.31989">
      <ele>511.204</ele>
    </trkpt>
    <trkpt lat="40.15791" lon="15.31975">
      <ele>509.028</ele>
    </trkpt>
    <trkpt lat="40.15801" lon="15.31974">
      <ele>509.166</ele>
    </trkpt>
    <trkpt lat="40.15801" lon="15.31974">
      <ele>509.166</ele>
    </trkpt>
    <trkpt lat="40.15801" lon="15.31974">
      <ele>509.166</ele>
    </trkpt>
    <trkpt lat="40.15814" lon="15.3196">
      <ele>507.272</ele>
    </trkpt>
    <trkpt lat="40.15821" lon="15.3195">
      <ele>505.868</ele>
    </trkpt>
    <trkpt lat="40.15825" lon="15.31938">
      <ele>503.847</ele>
    </trkpt>
    <trkpt lat="40.15825" lon="15.3193">
      <ele>502.292</ele>
    </trkpt>
    <trkpt lat="40.15824" lon="15.31909">
      <ele>498.101</ele>
    </trkpt>
    <trkpt lat="40.15824" lon="15.31909">
      <ele>498.101</ele>
    </trkpt>
    <trkpt lat="40.15859" lon="15.31865">
      <ele>487.657</ele>
    </trkpt>
    <trkpt lat="40.15894" lon="15.3182">
      <ele>488.024</ele>
    </trkpt>
    <trkpt lat="40.15929" lon="15.31776">
      <ele>488.607</ele>
    </trkpt>
    <trkpt lat="40.15965" lon="15.31732">
      <ele>483.412</ele>
    </trkpt>
    <trkpt lat="40.16" lon="15.31688">
      <ele>472.536</ele>
    </trkpt>
    <trkpt lat="40.16035" lon="15.31643">
      <ele>474.374</ele>
    </trkpt>
    <trkpt lat="40.1607" lon="15.31599">
      <ele>478.64</ele>
    </trkpt>
    <trkpt lat="40.1607" lon="15.31599">
      <ele>478.64</ele>
    </trkpt>
    <trkpt lat="40.16071" lon="15.31597">
      <ele>478.892</ele>
    </trkpt>
    <trkpt lat="40.16093" lon="15.31581">
      <ele>485.439</ele>
    </trkpt>
    <trkpt lat="40.16098" lon="15.31577">
      <ele>487.544</ele>
    </trkpt>
    <trkpt lat="40.16101" lon="15.31569">
      <ele>489.46</ele>
    </trkpt>
    <trkpt lat="40.16104" lon="15.31543">
      <ele>492.751</ele>
    </trkpt>
    <trkpt lat="40.1611" lon="15.31559">
      <ele>493.303</ele>
    </trkpt>
    <trkpt lat="40.16114" lon="15.31565">
      <ele>493.675</ele>
    </trkpt>
    <trkpt lat="40.16136" lon="15.31576">
      <ele>498.487</ele>
    </trkpt>
    <trkpt lat="40.16153" lon="15.31581">
      <ele>503.357</ele>
    </trkpt>
    <trkpt lat="40.16164" lon="15.31586">
      <ele>507.031</ele>
    </trkpt>
    <trkpt lat="40.16194" lon="15.31615">
      <ele>516.978</ele>
    </trkpt>
    <trkpt lat="40.162" lon="15.31626">
      <ele>518.872</ele>
    </trkpt>
    <trkpt lat="40.16202" lon="15.31644">
      <ele>520.448</ele>
    </trkpt>
    <trkpt lat="40.16205" lon="15.3165">
      <ele>521.42</ele>
    </trkpt>
    <trkpt lat="40.1621" lon="15.3165">
      <ele>523.04</ele>
    </trkpt>
    <trkpt lat="40.16217" lon="15.31648">
      <ele>525.308</ele>
    </trkpt>
    <trkpt lat="40.16227" lon="15.31648">
      <ele>528.314</ele>
    </trkpt>
    <trkpt lat="40.16245" lon="15.31662">
      <ele>535.331</ele>
    </trkpt>
    <trkpt lat="40.16255" lon="15.31666">
      <ele>539.851</ele>
    </trkpt>
    <trkpt lat="40.16261" lon="15.31662">
      <ele>541.383</ele>
    </trkpt>
    <trkpt lat="40.16264" lon="15.31654">
      <ele>540.804</ele>
    </trkpt>
    <trkpt lat="40.16276" lon="15.31637">
      <ele>540.757</ele>
    </trkpt>
    <trkpt lat="40.16294" lon="15.31624">
      <ele>542.793</ele>
    </trkpt>
    <trkpt lat="40.16303" lon="15.31619">
      <ele>544.57</ele>
    </trkpt>
    <trkpt lat="40.16331" lon="15.3161">
      <ele>547.26</ele>
    </trkpt>
    <trkpt lat="40.16338" lon="15.31605">
      <ele>547.006</ele>
    </trkpt>
    <trkpt lat="40.16348" lon="15.31596">
      <ele>545.714</ele>
    </trkpt>
    <trkpt lat="40.16351" lon="15.31595">
      <ele>545.802</ele>
    </trkpt>
    <trkpt lat="40.16353" lon="15.31597">
      <ele>546.757</ele>
    </trkpt>
    <trkpt lat="40.16353" lon="15.31597">
      <ele>546.757</ele>
    </trkpt>
    <trkpt lat="40.16351" lon="15.31595">
      <ele>545.802</ele>
    </trkpt>
    <trkpt lat="40.16374" lon="15.31554">
      <ele>537.396</ele>
    </trkpt>
    <trkpt lat="40.1639" lon="15.31529">
      <ele>533.396</ele>
    </trkpt>
    <trkpt lat="40.16407" lon="15.31509">
      <ele>527.803</ele>
    </trkpt>
    <trkpt lat="40.16425" lon="15.31494">
      <ele>523.442</ele>
    </trkpt>
    <trkpt lat="40.16447" lon="15.31483">
      <ele>519.343</ele>
    </trkpt>
    <trkpt lat="40.16447" lon="15.31483">
      <ele>519.343</ele>
    </trkpt>
    <trkpt lat="40.16472" lon="15.31431">
      <ele>508.445</ele>
    </trkpt>
    <trkpt lat="40.16497" lon="15.31378">
      <ele>521.999</ele>
    </trkpt>
    <trkpt lat="40.16497" lon="15.31378">
      <ele>521.999</ele>
    </trkpt>
    <trkpt lat="40.16497" lon="15.31379">
      <ele>521.746</ele>
    </trkpt>
    <trkpt lat="40.16489" lon="15.31355">
      <ele>523.731</ele>
    </trkpt>
    <trkpt lat="40.16484" lon="15.31328">
      <ele>529.704</ele>
    </trkpt>
    <trkpt lat="40.16478" lon="15.31312">
      <ele>530.496</ele>
    </trkpt>
    <trkpt lat="40.16471" lon="15.31299">
      <ele>529.854</ele>
    </trkpt>
    <trkpt lat="40.16443" lon="15.31242">
      <ele>530.957</ele>
    </trkpt>
    <trkpt lat="40.16436" lon="15.31233">
      <ele>530.138</ele>
    </trkpt>
    <trkpt lat="40.16425" lon="15.31224">
      <ele>527.725</ele>
    </trkpt>
    <trkpt lat="40.1642" lon="15.31216">
      <ele>527.517</ele>
    </trkpt>
    <trkpt lat="40.16417" lon="15.31202">
      <ele>529.479</ele>
    </trkpt>
    <trkpt lat="40.16405" lon="15.31175">
      <ele>530.72</ele>
    </trkpt>
    <trkpt lat="40.16403" lon="15.31167">
      <ele>531.512</ele>
    </trkpt>
    <trkpt lat="40.16404" lon="15.31139">
      <ele>535.426</ele>
    </trkpt>
    <trkpt lat="40.16403" lon="15.31131">
      <ele>535.653</ele>
    </trkpt>
    <trkpt lat="40.16399" lon="15.31118">
      <ele>534.939</ele>
    </trkpt>
    <trkpt lat="40.16397" lon="15.31106">
      <ele>535.393</ele>
    </trkpt>
    <trkpt lat="40.16396" lon="15.31081">
      <ele>539.362</ele>
    </trkpt>
    <trkpt lat="40.16395" lon="15.31074">
      <ele>540.03</ele>
    </trkpt>
    <trkpt lat="40.16391" lon="15.31064">
      <ele>540.339</ele>
    </trkpt>
    <trkpt lat="40.16389" lon="15.31049">
      <ele>541.74</ele>
    </trkpt>
    <trkpt lat="40.16387" lon="15.31009">
      <ele>545.394</ele>
    </trkpt>
    <trkpt lat="40.16387" lon="15.31009">
      <ele>545.394</ele>
    </trkpt>
    <trkpt lat="40.16387" lon="15.31009">
      <ele>545.394</ele>
    </trkpt>
    <trkpt lat="40.16387" lon="15.30991">
      <ele>548.008</ele>
    </trkpt>
    <trkpt lat="40.16386" lon="15.30974">
      <ele>550.744</ele>
    </trkpt>
    <trkpt lat="40.1638" lon="15.30954">
      <ele>553.502</ele>
    </trkpt>
    <trkpt lat="40.16379" lon="15.30947">
      <ele>554.829</ele>
    </trkpt>
    <trkpt lat="40.16381" lon="15.30931">
      <ele>559.548</ele>
    </trkpt>
    <trkpt lat="40.16379" lon="15.3091">
      <ele>562.851</ele>
    </trkpt>
    <trkpt lat="40.16381" lon="15.30902">
      <ele>563.988</ele>
    </trkpt>
    <trkpt lat="40.16392" lon="15.30871">
      <ele>570.592</ele>
    </trkpt>
    <trkpt lat="40.16392" lon="15.30862">
      <ele>571.779</ele>
    </trkpt>
    <trkpt lat="40.16387" lon="15.30854">
      <ele>573.253</ele>
    </trkpt>
    <trkpt lat="40.16382" lon="15.30852">
      <ele>573.125</ele>
    </trkpt>
    <trkpt lat="40.1637" lon="15.30853">
      <ele>570.803</ele>
    </trkpt>
    <trkpt lat="40.16361" lon="15.3085">
      <ele>570.202</ele>
    </trkpt>
    <trkpt lat="40.16349" lon="15.30838">
      <ele>574.019</ele>
    </trkpt>
    <trkpt lat="40.16346" lon="15.30838">
      <ele>574.109</ele>
    </trkpt>
    <trkpt lat="40.16318" lon="15.30845">
      <ele>571.668</ele>
    </trkpt>
    <trkpt lat="40.16311" lon="15.30844">
      <ele>571.74</ele>
    </trkpt>
    <trkpt lat="40.16284" lon="15.30824">
      <ele>579.623</ele>
    </trkpt>
    <trkpt lat="40.16277" lon="15.30823">
      <ele>580.158</ele>
    </trkpt>
    <trkpt lat="40.16263" lon="15.30825">
      <ele>580.524</ele>
    </trkpt>
    <trkpt lat="40.16258" lon="15.30824">
      <ele>581.359</ele>
    </trkpt>
    <trkpt lat="40.16252" lon="15.30819">
      <ele>584.011</ele>
    </trkpt>
    <trkpt lat="40.16244" lon="15.30805">
      <ele>589.772</ele>
    </trkpt>
    <trkpt lat="40.16209" lon="15.30772">
      <ele>597.65</ele>
    </trkpt>
    <trkpt lat="40.16196" lon="15.30754">
      <ele>599.32</ele>
    </trkpt>
    <trkpt lat="40.16196" lon="15.30754">
      <ele>599.32</ele>
    </trkpt>
    <trkpt lat="40.16196" lon="15.30754">
      <ele>599.32</ele>
    </trkpt>
    <trkpt lat="40.16206" lon="15.30744">
      <ele>601.122</ele>
    </trkpt>
    <trkpt lat="40.16224" lon="15.30732">
      <ele>603.166</ele>
    </trkpt>
    <trkpt lat="40.16333" lon="15.30672">
      <ele>615.521</ele>
    </trkpt>
    <trkpt lat="40.16366" lon="15.30662">
      <ele>621.462</ele>
    </trkpt>
    <trkpt lat="40.16393" lon="15.30657">
      <ele>623.311</ele>
    </trkpt>
    <trkpt lat="40.16393" lon="15.30657">
      <ele>623.311</ele>
    </trkpt>
    <trkpt lat="40.16393" lon="15.30657">
      <ele>623.311</ele>
    </trkpt>
    <trkpt lat="40.16395" lon="15.30648">
      <ele>622.88</ele>
    </trkpt>
    <trkpt lat="40.16428" lon="15.30593">
      <ele>619.842</ele>
    </trkpt>
    <trkpt lat="40.16434" lon="15.30578">
      <ele>619.264</ele>
    </trkpt>
    <trkpt lat="40.16441" lon="15.3055">
      <ele>615.963</ele>
    </trkpt>
    <trkpt lat="40.16448" lon="15.30531">
      <ele>614.687</ele>
    </trkpt>
    <trkpt lat="40.16471" lon="15.30486">
      <ele>620.005</ele>
    </trkpt>
    <trkpt lat="40.1652" lon="15.30378">
      <ele>625.258</ele>
    </trkpt>
    <trkpt lat="40.16525" lon="15.30362">
      <ele>626.135</ele>
    </trkpt>
    <trkpt lat="40.16539" lon="15.30292">
      <ele>632.232</ele>
    </trkpt>
    <trkpt lat="40.1654" lon="15.3028">
      <ele>632.52</ele>
    </trkpt>
    <trkpt lat="40.16536" lon="15.30231">
      <ele>635.457</ele>
    </trkpt>
    <trkpt lat="40.16534" lon="15.3022">
      <ele>635.444</ele>
    </trkpt>
    <trkpt lat="40.16527" lon="15.30203">
      <ele>634.863</ele>
    </trkpt>
    <trkpt lat="40.16527" lon="15.30203">
      <ele>634.863</ele>
    </trkpt>
    <trkpt lat="40.16527" lon="15.30203">
      <ele>634.863</ele>
    </trkpt>
    <trkpt lat="40.1654" lon="15.30175">
      <ele>640.696</ele>
    </trkpt>
    <trkpt lat="40.16547" lon="15.30154">
      <ele>640.811</ele>
    </trkpt>
    <trkpt lat="40.16553" lon="15.3013">
      <ele>639.047</ele>
    </trkpt>
    <trkpt lat="40.16563" lon="15.3011">
      <ele>639.292</ele>
    </trkpt>
    <trkpt lat="40.1657" lon="15.30099">
      <ele>640.372</ele>
    </trkpt>
    <trkpt lat="40.16581" lon="15.30091">
      <ele>643.072</ele>
    </trkpt>
    <trkpt lat="40.16587" lon="15.30085">
      <ele>644.516</ele>
    </trkpt>
    <trkpt lat="40.16593" lon="15.30078">
      <ele>645.837</ele>
    </trkpt>
    <trkpt lat="40.16615" lon="15.3003">
      <ele>646.474</ele>
    </trkpt>
    <trkpt lat="40.16624" lon="15.30006">
      <ele>646.667</ele>
    </trkpt>
    <trkpt lat="40.16624" lon="15.29998">
      <ele>646.204</ele>
    </trkpt>
    <trkpt lat="40.1662" lon="15.29982">
      <ele>645.142</ele>
    </trkpt>
    <trkpt lat="40.1662" lon="15.29974">
      <ele>645.419</ele>
    </trkpt>
    <trkpt lat="40.16622" lon="15.29964">
      <ele>646.964</ele>
    </trkpt>
    <trkpt lat="40.1663" lon="15.29938">
      <ele>652.536</ele>
    </trkpt>
    <trkpt lat="40.1664" lon="15.29919">
      <ele>659.398</ele>
    </trkpt>
    <trkpt lat="40.16647" lon="15.29897">
      <ele>663.672</ele>
    </trkpt>
    <trkpt lat="40.16649" lon="15.29884">
      <ele>665.272</ele>
    </trkpt>
    <trkpt lat="40.16648" lon="15.29873">
      <ele>665.786</ele>
    </trkpt>
    <trkpt lat="40.16647" lon="15.29864">
      <ele>666.209</ele>
    </trkpt>
    <trkpt lat="40.16645" lon="15.29851">
      <ele>666.288</ele>
    </trkpt>
    <trkpt lat="40.16647" lon="15.29806">
      <ele>673.297</ele>
    </trkpt>
    <trkpt lat="40.16648" lon="15.29774">
      <ele>677.96</ele>
    </trkpt>
    <trkpt lat="40.16646" lon="15.29752">
      <ele>681.2</ele>
    </trkpt>
    <trkpt lat="40.16649" lon="15.29719">
      <ele>690.199</ele>
    </trkpt>
    <trkpt lat="40.16649" lon="15.29719">
      <ele>690.199</ele>
    </trkpt>
    <trkpt lat="40.16649" lon="15.29719">
      <ele>690.199</ele>
    </trkpt>
    <trkpt lat="40.16645" lon="15.29697">
      <ele>693.357</ele>
    </trkpt>
    <trkpt lat="40.16633" lon="15.29667">
      <ele>692.775</ele>
    </trkpt>
    <trkpt lat="40.1663" lon="15.29661">
      <ele>691.317</ele>
    </trkpt>
    <trkpt lat="40.16625" lon="15.29658">
      <ele>690.472</ele>
    </trkpt>
    <trkpt lat="40.16611" lon="15.29656">
      <ele>689.693</ele>
    </trkpt>
    <trkpt lat="40.16596" lon="15.29651">
      <ele>688.825</ele>
    </trkpt>
    <trkpt lat="40.16586" lon="15.29645">
      <ele>688.839</ele>
    </trkpt>
    <trkpt lat="40.16547" lon="15.2961">
      <ele>687.388</ele>
    </trkpt>
    <trkpt lat="40.16531" lon="15.29602">
      <ele>687.09</ele>
    </trkpt>
    <trkpt lat="40.16513" lon="15.29602">
      <ele>687.892</ele>
    </trkpt>
    <trkpt lat="40.16484" lon="15.29605">
      <ele>690.179</ele>
    </trkpt>
    <trkpt lat="40.16473" lon="15.29606">
      <ele>691.203</ele>
    </trkpt>
    <trkpt lat="40.16442" lon="15.29599">
      <ele>693.162</ele>
    </trkpt>
    <trkpt lat="40.16383" lon="15.29583">
      <ele>697.352</ele>
    </trkpt>
    <trkpt lat="40.16345" lon="15.29568">
      <ele>697.108</ele>
    </trkpt>
    <trkpt lat="40.1632" lon="15.29556">
      <ele>697.032</ele>
    </trkpt>
    <trkpt lat="40.16298" lon="15.29543">
      <ele>697.556</ele>
    </trkpt>
    <trkpt lat="40.16291" lon="15.2954">
      <ele>697.772</ele>
    </trkpt>
    <trkpt lat="40.16291" lon="15.2954">
      <ele>697.772</ele>
    </trkpt>
    <trkpt lat="40.16291" lon="15.2954">
      <ele>697.772</ele>
    </trkpt>
    <trkpt lat="40.16283" lon="15.2954">
      <ele>698.636</ele>
    </trkpt>
    <trkpt lat="40.16228" lon="15.2956">
      <ele>711.008</ele>
    </trkpt>
    <trkpt lat="40.16217" lon="15.29561">
      <ele>712.204</ele>
    </trkpt>
    <trkpt lat="40.16182" lon="15.29551">
      <ele>711.529</ele>
    </trkpt>
    <trkpt lat="40.16154" lon="15.29546">
      <ele>705.64</ele>
    </trkpt>
    <trkpt lat="40.1614" lon="15.29538">
      <ele>703.768</ele>
    </trkpt>
    <trkpt lat="40.16128" lon="15.29524">
      <ele>702.285</ele>
    </trkpt>
    <trkpt lat="40.1612" lon="15.29508">
      <ele>699.984</ele>
    </trkpt>
    <trkpt lat="40.16117" lon="15.29488">
      <ele>698.659</ele>
    </trkpt>
    <trkpt lat="40.1612" lon="15.29466">
      <ele>699.215</ele>
    </trkpt>
    <trkpt lat="40.16137" lon="15.29414">
      <ele>704.78</ele>
    </trkpt>
    <trkpt lat="40.16157" lon="15.29372">
      <ele>707.194</ele>
    </trkpt>
    <trkpt lat="40.16165" lon="15.29359">
      <ele>710.525</ele>
    </trkpt>
    <trkpt lat="40.16171" lon="15.29345">
      <ele>710.13</ele>
    </trkpt>
    <trkpt lat="40.16173" lon="15.2933">
      <ele>709.845</ele>
    </trkpt>
    <trkpt lat="40.16171" lon="15.29313">
      <ele>711.414</ele>
    </trkpt>
    <trkpt lat="40.16166" lon="15.29294">
      <ele>712.49</ele>
    </trkpt>
    <trkpt lat="40.16136" lon="15.29221">
      <ele>715.315</ele>
    </trkpt>
    <trkpt lat="40.16134" lon="15.29212">
      <ele>714.597</ele>
    </trkpt>
    <trkpt lat="40.16136" lon="15.29197">
      <ele>714.127</ele>
    </trkpt>
    <trkpt lat="40.16157" lon="15.29118">
      <ele>711.869</ele>
    </trkpt>
    <trkpt lat="40.16167" lon="15.29097">
      <ele>709.423</ele>
    </trkpt>
    <trkpt lat="40.16179" lon="15.29086">
      <ele>708.333</ele>
    </trkpt>
    <trkpt lat="40.16212" lon="15.29048">
      <ele>704.744</ele>
    </trkpt>
    <trkpt lat="40.16226" lon="15.29029">
      <ele>706.632</ele>
    </trkpt>
    <trkpt lat="40.16226" lon="15.29029">
      <ele>706.632</ele>
    </trkpt>
    <trkpt lat="40.16226" lon="15.29029">
      <ele>706.632</ele>
    </trkpt>
    <trkpt lat="40.16217" lon="15.29034">
      <ele>705.172</ele>
    </trkpt>
    <trkpt lat="40.16214" lon="15.29035">
      <ele>703.98</ele>
    </trkpt>
    <trkpt lat="40.16209" lon="15.29034">
      <ele>701.686</ele>
    </trkpt>
    <trkpt lat="40.16194" lon="15.29025">
      <ele>693.601</ele>
    </trkpt>
    <trkpt lat="40.1618" lon="15.29012">
      <ele>688.585</ele>
    </trkpt>
    <trkpt lat="40.16175" lon="15.29007">
      <ele>686.509</ele>
    </trkpt>
    <trkpt lat="40.16167" lon="15.28991">
      <ele>682.456</ele>
    </trkpt>
    <trkpt lat="40.16157" lon="15.28977">
      <ele>678.044</ele>
    </trkpt>
    <trkpt lat="40.16139" lon="15.28955">
      <ele>671.042</ele>
    </trkpt>
    <trkpt lat="40.16136" lon="15.28948">
      <ele>669.896</ele>
    </trkpt>
    <trkpt lat="40.16129" lon="15.28932">
      <ele>666.765</ele>
    </trkpt>
    <trkpt lat="40.16125" lon="15.28917">
      <ele>664.512</ele>
    </trkpt>
    <trkpt lat="40.1612" lon="15.28902">
      <ele>662.857</ele>
    </trkpt>
    <trkpt lat="40.16118" lon="15.28883">
      <ele>662.631</ele>
    </trkpt>
    <trkpt lat="40.16117" lon="15.2887">
      <ele>662.504</ele>
    </trkpt>
    <trkpt lat="40.16115" lon="15.28863">
      <ele>661.762</ele>
    </trkpt>
    <trkpt lat="40.16109" lon="15.28851">
      <ele>660.936</ele>
    </trkpt>
    <trkpt lat="40.16105" lon="15.28848">
      <ele>659.824</ele>
    </trkpt>
    <trkpt lat="40.16089" lon="15.28839">
      <ele>655.062</ele>
    </trkpt>
    <trkpt lat="40.16076" lon="15.28831">
      <ele>651.77</ele>
    </trkpt>
    <trkpt lat="40.16072" lon="15.2883">
      <ele>650.519</ele>
    </trkpt>
    <trkpt lat="40.16064" lon="15.28829">
      <ele>647.939</ele>
    </trkpt>
    <trkpt lat="40.16047" lon="15.28824">
      <ele>642.564</ele>
    </trkpt>
    <trkpt lat="40.1603" lon="15.28816">
      <ele>637.344</ele>
    </trkpt>
    <trkpt lat="40.16027" lon="15.28812">
      <ele>636.516</ele>
    </trkpt>
    <trkpt lat="40.16021" lon="15.28805">
      <ele>634.879</ele>
    </trkpt>
    <trkpt lat="40.16014" lon="15.28802">
      <ele>632.985</ele>
    </trkpt>
    <trkpt lat="40.16" lon="15.28798">
      <ele>628.816</ele>
    </trkpt>
    <trkpt lat="40.15951" lon="15.28787">
      <ele>616.32</ele>
    </trkpt>
    <trkpt lat="40.15945" lon="15.28789">
      <ele>614.736</ele>
    </trkpt>
    <trkpt lat="40.15937" lon="15.28796">
      <ele>612.644</ele>
    </trkpt>
    <trkpt lat="40.15922" lon="15.28812">
      <ele>608.733</ele>
    </trkpt>
    <trkpt lat="40.15911" lon="15.28817">
      <ele>605.748</ele>
    </trkpt>
    <trkpt lat="40.15896" lon="15.28819">
      <ele>601.824</ele>
    </trkpt>
    <trkpt lat="40.15896" lon="15.28819">
      <ele>601.824</ele>
    </trkpt>
    <trkpt lat="40.15831" lon="15.28852">
      <ele>579.348</ele>
    </trkpt>
    <trkpt lat="40.15831" lon="15.28852">
      <ele>579.348</ele>
    </trkpt>
    <trkpt lat="40.15831" lon="15.2885">
      <ele>579.498</ele>
    </trkpt>
    <trkpt lat="40.15829" lon="15.2885">
      <ele>579.238</ele>
    </trkpt>
    <trkpt lat="40.15823" lon="15.28848">
      <ele>578.632</ele>
    </trkpt>
    <trkpt lat="40.15803" lon="15.28852">
      <ele>575.83</ele>
    </trkpt>
    <trkpt lat="40.15794" lon="15.28854">
      <ele>575.042</ele>
    </trkpt>
    <trkpt lat="40.15761" lon="15.28876">
      <ele>573.049</ele>
    </trkpt>
    <trkpt lat="40.15747" lon="15.28883">
      <ele>572.812</ele>
    </trkpt>
    <trkpt lat="40.15735" lon="15.28885">
      <ele>574.54</ele>
    </trkpt>
    <trkpt lat="40.15731" lon="15.28886">
      <ele>575.044</ele>
    </trkpt>
    <trkpt lat="40.15727" lon="15.2889">
      <ele>574.98</ele>
    </trkpt>
    <trkpt lat="40.1572" lon="15.28907">
      <ele>573.928</ele>
    </trkpt>
    <trkpt lat="40.15714" lon="15.28919">
      <ele>573.247</ele>
    </trkpt>
    <trkpt lat="40.15706" lon="15.28927">
      <ele>573.055</ele>
    </trkpt>
    <trkpt lat="40.15693" lon="15.28931">
      <ele>574.596</ele>
    </trkpt>
    <trkpt lat="40.15693" lon="15.28931">
      <ele>574.596</ele>
    </trkpt>
    <trkpt lat="40.15651" lon="15.28956">
      <ele>574.76</ele>
    </trkpt>
    <trkpt lat="40.1561" lon="15.2898">
      <ele>578.075</ele>
    </trkpt>
    <trkpt lat="40.15568" lon="15.29005">
      <ele>575.579</ele>
    </trkpt>
    <trkpt lat="40.15568" lon="15.29005">
      <ele>575.579</ele>
    </trkpt>
    <trkpt lat="40.15567" lon="15.29">
      <ele>577.0</ele>
    </trkpt>
    <trkpt lat="40.15561" lon="15.29001">
      <ele>576.734</ele>
    </trkpt>
    <trkpt lat="40.15549" lon="15.29004">
      <ele>578.016</ele>
    </trkpt>
    <trkpt lat="40.1554" lon="15.29006">
      <ele>580.452</ele>
    </trkpt>
    <trkpt lat="40.15537" lon="15.2901">
      <ele>580.786</ele>
    </trkpt>
    <trkpt lat="40.15534" lon="15.29016">
      <ele>580.964</ele>
    </trkpt>
    <trkpt lat="40.15535" lon="15.2903">
      <ele>578.939</ele>
    </trkpt>
    <trkpt lat="40.1554" lon="15.29074">
      <ele>575.288</ele>
    </trkpt>
    <trkpt lat="40.1554" lon="15.29081">
      <ele>574.532</ele>
    </trkpt>
    <trkpt lat="40.15537" lon="15.29087">
      <ele>574.408</ele>
    </trkpt>
    <trkpt lat="40.155" lon="15.29132">
      <ele>569.232</ele>
    </trkpt>
    <trkpt lat="40.1547" lon="15.29157">
      <ele>566.748</ele>
    </trkpt>
    <trkpt lat="40.15462" lon="15.2916">
      <ele>565.272</ele>
    </trkpt>
    <trkpt lat="40.15456" lon="15.2916">
      <ele>565.056</ele>
    </trkpt>
    <trkpt lat="40.15444" lon="15.29158">
      <ele>565.55</ele>
    </trkpt>
    <trkpt lat="40.15425" lon="15.29153">
      <ele>572.323</ele>
    </trkpt>
    <trkpt lat="40.1542" lon="15.29155">
      <ele>572.921</ele>
    </trkpt>
    <trkpt lat="40.15413" lon="15.29158">
      <ele>573.996</ele>
    </trkpt>
    <trkpt lat="40.15402" lon="15.29172">
      <ele>573.307</ele>
    </trkpt>
    <trkpt lat="40.154" lon="15.2918">
      <ele>571.752</ele>
    </trkpt>
    <trkpt lat="40.154" lon="15.2919">
      <ele>569.016</ele>
    </trkpt>
    <trkpt lat="40.154" lon="15.2919">
      <ele>569.016</ele>
    </trkpt>
    <trkpt lat="40.154" lon="15.2919">
      <ele>569.016</ele>
    </trkpt>
    <trkpt lat="40.154" lon="15.29203">
      <ele>565.829</ele>
    </trkpt>
    <trkpt lat="40.15394" lon="15.29216">
      <ele>563.891</ele>
    </trkpt>
    <trkpt lat="40.15372" lon="15.29234">
      <ele>563.956</ele>
    </trkpt>
    <trkpt lat="40.15363" lon="15.29248">
      <ele>561.302</ele>
    </trkpt>
    <trkpt lat="40.15354" lon="15.29263">
      <ele>558.46</ele>
    </trkpt>
    <trkpt lat="40.15345" lon="15.29277">
      <ele>555.748</ele>
    </trkpt>
    <trkpt lat="40.15329" lon="15.29285">
      <ele>555.666</ele>
    </trkpt>
    <trkpt lat="40.15322" lon="15.29287">
      <ele>555.146</ele>
    </trkpt>
    <trkpt lat="40.15319" lon="15.29289">
      <ele>554.682</ele>
    </trkpt>
    <trkpt lat="40.1531" lon="15.29284">
      <ele>555.897</ele>
    </trkpt>
    <trkpt lat="40.15296" lon="15.29283">
      <ele>556.189</ele>
    </trkpt>
    <trkpt lat="40.15296" lon="15.29283">
      <ele>556.189</ele>
    </trkpt>
    <trkpt lat="40.15296" lon="15.29283">
      <ele>556.189</ele>
    </trkpt>
    <trkpt lat="40.15289" lon="15.29282">
      <ele>556.421</ele>
    </trkpt>
    <trkpt lat="40.15278" lon="15.29273">
      <ele>557.524</ele>
    </trkpt>
    <trkpt lat="40.15272" lon="15.29268">
      <ele>558.888</ele>
    </trkpt>
    <trkpt lat="40.15269" lon="15.29266">
      <ele>559.536</ele>
    </trkpt>
    <trkpt lat="40.15255" lon="15.29261">
      <ele>562.092</ele>
    </trkpt>
    <trkpt lat="40.15242" lon="15.29266">
      <ele>563.712</ele>
    </trkpt>
    <trkpt lat="40.15231" lon="15.29282">
      <ele>564.172</ele>
    </trkpt>
    <trkpt lat="40.15219" lon="15.29295">
      <ele>566.264</ele>
    </trkpt>
    <trkpt lat="40.15212" lon="15.29307">
      <ele>567.892</ele>
    </trkpt>
    <trkpt lat="40.15209" lon="15.29322">
      <ele>568.216</ele>
    </trkpt>
    <trkpt lat="40.15206" lon="15.29357">
      <ele>566.47</ele>
    </trkpt>
    <trkpt lat="40.15202" lon="15.29375">
      <ele>565.596</ele>
    </trkpt>
    <trkpt lat="40.15193" lon="15.29406">
      <ele>564.308</ele>
    </trkpt>
    <trkpt lat="40.15184" lon="15.29428">
      <ele>562.904</ele>
    </trkpt>
    <trkpt lat="40.15179" lon="15.29437">
      <ele>562.472</ele>
    </trkpt>
    <trkpt lat="40.1517" lon="15.29438">
      <ele>563.336</ele>
    </trkpt>
    <trkpt lat="40.15167" lon="15.29438">
      <ele>563.66</ele>
    </trkpt>
    <trkpt lat="40.1515" lon="15.29434">
      <ele>563.005</ele>
    </trkpt>
    <trkpt lat="40.15126" lon="15.29418">
      <ele>563.878</ele>
    </trkpt>
    <trkpt lat="40.15113" lon="15.29404">
      <ele>564.946</ele>
    </trkpt>
    <trkpt lat="40.15097" lon="15.29377">
      <ele>568.616</ele>
    </trkpt>
    <trkpt lat="40.15082" lon="15.29361">
      <ele>570.02</ele>
    </trkpt>
    <trkpt lat="40.15071" lon="15.29354">
      <ele>571.053</ele>
    </trkpt>
    <trkpt lat="40.15058" lon="15.29355">
      <ele>570.699</ele>
    </trkpt>
    <trkpt lat="40.15044" lon="15.29368">
      <ele>570.855</ele>
    </trkpt>
    <trkpt lat="40.15029" lon="15.29392">
      <ele>571.697</ele>
    </trkpt>
    <trkpt lat="40.15002" lon="15.29461">
      <ele>567.9</ele>
    </trkpt>
    <trkpt lat="40.15001" lon="15.29465">
      <ele>567.929</ele>
    </trkpt>
    <trkpt lat="40.14992" lon="15.29488">
      <ele>565.292</ele>
    </trkpt>
    <trkpt lat="40.14982" lon="15.29534">
      <ele>561.385</ele>
    </trkpt>
    <trkpt lat="40.14975" lon="15.29573">
      <ele>561.107</ele>
    </trkpt>
    <trkpt lat="40.14972" lon="15.29591">
      <ele>562.178</ele>
    </trkpt>
    <trkpt lat="40.14962" lon="15.29648">
      <ele>555.612</ele>
    </trkpt>
    <trkpt lat="40.14963" lon="15.29683">
      <ele>552.771</ele>
    </trkpt>
    <trkpt lat="40.14978" lon="15.29706">
      <ele>552.255</ele>
    </trkpt>
    <trkpt lat="40.14994" lon="15.29747">
      <ele>549.99</ele>
    </trkpt>
    <trkpt lat="40.14998" lon="15.2975">
      <ele>550.568</ele>
    </trkpt>
    <trkpt lat="40.14998" lon="15.2975">
      <ele>550.568</ele>
    </trkpt>
    <trkpt lat="40.14998" lon="15.2975">
      <ele>550.568</ele>
    </trkpt>
    <trkpt lat="40.14997" lon="15.2977">
      <ele>548.834</ele>
    </trkpt>
    <trkpt lat="40.15" lon="15.29784">
      <ele>548.552</ele>
    </trkpt>
    <trkpt lat="40.15002" lon="15.29802">
      <ele>546.861</ele>
    </trkpt>
    <trkpt lat="40.14999" lon="15.29894">
      <ele>537.243</ele>
    </trkpt>
    <trkpt lat="40.14997" lon="15.29915">
      <ele>535.034</ele>
    </trkpt>
    <trkpt lat="40.1499" lon="15.29944">
      <ele>531.219</ele>
    </trkpt>
    <trkpt lat="40.1499" lon="15.29951">
      <ele>530.898</ele>
    </trkpt>
    <trkpt lat="40.14993" lon="15.29969">
      <ele>530.418</ele>
    </trkpt>
    <trkpt lat="40.14986" lon="15.29986">
      <ele>528.504</ele>
    </trkpt>
    <trkpt lat="40.14984" lon="15.30003">
      <ele>527.422</ele>
    </trkpt>
    <trkpt lat="40.14986" lon="15.30031">
      <ele>525.718</ele>
    </trkpt>
    <trkpt lat="40.14985" lon="15.30045">
      <ele>524.505</ele>
    </trkpt>
    <trkpt lat="40.14981" lon="15.3006">
      <ele>523.524</ele>
    </trkpt>
    <trkpt lat="40.14976" lon="15.30071">
      <ele>523.308</ele>
    </trkpt>
    <trkpt lat="40.14976" lon="15.30071">
      <ele>523.308</ele>
    </trkpt>
    <trkpt lat="40.14975" lon="15.30073">
      <ele>523.272</ele>
    </trkpt>
    <trkpt lat="40.14976" lon="15.30084">
      <ele>522.878</ele>
    </trkpt>
    <trkpt lat="40.14965" lon="15.30109">
      <ele>523.924</ele>
    </trkpt>
    <trkpt lat="40.14947" lon="15.30159">
      <ele>524.067</ele>
    </trkpt>
    <trkpt lat="40.14941" lon="15.30187">
      <ele>523.686</ele>
    </trkpt>
    <trkpt lat="40.1494" lon="15.30207">
      <ele>523.825</ele>
    </trkpt>
    <trkpt lat="40.14948" lon="15.3023">
      <ele>523.944</ele>
    </trkpt>
    <trkpt lat="40.14949" lon="15.30256">
      <ele>524.129</ele>
    </trkpt>
    <trkpt lat="40.14947" lon="15.30287">
      <ele>524.031</ele>
    </trkpt>
    <trkpt lat="40.14943" lon="15.30306">
      <ele>524.067</ele>
    </trkpt>
    <trkpt lat="40.14929" lon="15.30336">
      <ele>525.0</ele>
    </trkpt>
    <trkpt lat="40.14922" lon="15.30368">
      <ele>524.8</ele>
    </trkpt>
    <trkpt lat="40.14922" lon="15.30395">
      <ele>523.616</ele>
    </trkpt>
    <trkpt lat="40.14925" lon="15.30398">
      <ele>523.513</ele>
    </trkpt>
    <trkpt lat="40.14925" lon="15.30398">
      <ele>523.513</ele>
    </trkpt>
    <trkpt lat="40.14922" lon="15.30395">
      <ele>523.616</ele>
    </trkpt>
    <trkpt lat="40.14955" lon="15.30422">
      <ele>521.927</ele>
    </trkpt>
    <trkpt lat="40.14975" lon="15.30441">
      <ele>518.047</ele>
    </trkpt>
    <trkpt lat="40.14995" lon="15.30446">
      <ele>515.164</ele>
    </trkpt>
    <trkpt lat="40.15007" lon="15.30473">
      <ele>508.601</ele>
    </trkpt>
    <trkpt lat="40.15015" lon="15.30486">
      <ele>506.288</ele>
    </trkpt>
    <trkpt lat="40.15042" lon="15.30509">
      <ele>501.83</ele>
    </trkpt>
    <trkpt lat="40.1505" lon="15.30513">
      <ele>500.583</ele>
    </trkpt>
    <trkpt lat="40.15061" lon="15.30512">
      <ele>498.791</ele>
    </trkpt>
    <trkpt lat="40.15083" lon="15.30502">
      <ele>494.786</ele>
    </trkpt>
    <trkpt lat="40.15083" lon="15.30502">
      <ele>494.786</ele>
    </trkpt>
    <trkpt lat="40.15108" lon="15.30506">
      <ele>488.616</ele>
    </trkpt>
    <trkpt lat="40.15108" lon="15.30506">
      <ele>488.616</ele>
    </trkpt>
    <trkpt lat="40.15095" lon="15.30561">
      <ele>476.646</ele>
    </trkpt>
    <trkpt lat="40.15095" lon="15.30561">
      <ele>476.646</ele>
    </trkpt>
    <trkpt lat="40.15095" lon="15.30561">
      <ele>476.646</ele>
    </trkpt>
    <trkpt lat="40.15088" lon="15.30572">
      <ele>475.043</ele>
    </trkpt>
    <trkpt lat="40.15072" lon="15.30577">
      <ele>475.427</ele>
    </trkpt>
    <trkpt lat="40.15057" lon="15.3058">
      <ele>475.464</ele>
    </trkpt>
    <trkpt lat="40.15052" lon="15.30585">
      <ele>473.744</ele>
    </trkpt>
    <trkpt lat="40.15021" lon="15.30599">
      <ele>471.202</ele>
    </trkpt>
    <trkpt lat="40.15012" lon="15.30601">
      <ele>470.885</ele>
    </trkpt>
    <trkpt lat="40.15" lon="15.30598">
      <ele>470.944</ele>
    </trkpt>
    <trkpt lat="40.14988" lon="15.306">
      <ele>470.973</ele>
    </trkpt>
    <trkpt lat="40.14971" lon="15.3061">
      <ele>470.162</ele>
    </trkpt>
    <trkpt lat="40.14971" lon="15.3061">
      <ele>470.162</ele>
    </trkpt>
    <trkpt lat="40.14971" lon="15.3061">
      <ele>470.162</ele>
    </trkpt>
    <trkpt lat="40.14956" lon="15.30627">
      <ele>469.44</ele>
    </trkpt>
    <trkpt lat="40.14948" lon="15.30637">
      <ele>469.008</ele>
    </trkpt>
    <trkpt lat="40.14939" lon="15.30644">
      <ele>468.644</ele>
    </trkpt>
    <trkpt lat="40.14934" lon="15.30645">
      <ele>468.716</ele>
    </trkpt>
    <trkpt lat="40.14924" lon="15.30643">
      <ele>469.292</ele>
    </trkpt>
    <trkpt lat="40.14919" lon="15.30644">
      <ele>469.364</ele>
    </trkpt>
    <trkpt lat="40.14915" lon="15.30646">
      <ele>469.472</ele>
    </trkpt>
    <trkpt lat="40.14905" lon="15.30659">
      <ele>469.508</ele>
    </trkpt>
    <trkpt lat="40.14901" lon="15.30662">
      <ele>469.76</ele>
    </trkpt>
    <trkpt lat="40.14896" lon="15.30663">
      <ele>470.372</ele>
    </trkpt>
    <trkpt lat="40.14892" lon="15.3066">
      <ele>471.272</ele>
    </trkpt>
    <trkpt lat="40.14887" lon="15.30653">
      <ele>472.237</ele>
    </trkpt>
    <trkpt lat="40.14881" lon="15.30649">
      <ele>471.953</ele>
    </trkpt>
    <trkpt lat="40.14877" lon="15.30649">
      <ele>471.468</ele>
    </trkpt>
    <trkpt lat="40.1487" lon="15.30651">
      <ele>470.356</ele>
    </trkpt>
    <trkpt lat="40.1486" lon="15.30656">
      <ele>468.302</ele>
    </trkpt>
    <trkpt lat="40.14854" lon="15.30657">
      <ele>466.867</ele>
    </trkpt>
    <trkpt lat="40.1484" lon="15.30657">
      <ele>463.865</ele>
    </trkpt>
    <trkpt lat="40.14833" lon="15.30659">
      <ele>461.927</ele>
    </trkpt>
    <trkpt lat="40.14822" lon="15.30664">
      <ele>460.342</ele>
    </trkpt>
    <trkpt lat="40.14795" lon="15.30673">
      <ele>458.316</ele>
    </trkpt>
    <trkpt lat="40.14787" lon="15.30674">
      <ele>458.892</ele>
    </trkpt>
    <trkpt lat="40.14758" lon="15.30673">
      <ele>462.862</ele>
    </trkpt>
    <trkpt lat="40.14749" lon="15.30674">
      <ele>463.636</ele>
    </trkpt>
    <trkpt lat="40.14732" lon="15.30681">
      <ele>462.38</ele>
    </trkpt>
    <trkpt lat="40.14728" lon="15.30684">
      <ele>462.063</ele>
    </trkpt>
    <trkpt lat="40.14722" lon="15.30691">
      <ele>461.461</ele>
    </trkpt>
    <trkpt lat="40.14717" lon="15.30693">
      <ele>460.427</ele>
    </trkpt>
    <trkpt lat="40.14711" lon="15.30694">
      <ele>459.429</ele>
    </trkpt>
    <trkpt lat="40.14711" lon="15.30694">
      <ele>459.429</ele>
    </trkpt>
    <trkpt lat="40.14711" lon="15.30694">
      <ele>459.429</ele>
    </trkpt>
    <trkpt lat="40.1471" lon="15.30703">
      <ele>458.55</ele>
    </trkpt>
    <trkpt lat="40.14699" lon="15.30729">
      <ele>456.84</ele>
    </trkpt>
    <trkpt lat="40.14691" lon="15.30742">
      <ele>456.168</ele>
    </trkpt>
    <trkpt lat="40.14679" lon="15.30756">
      <ele>453.06</ele>
    </trkpt>
    <trkpt lat="40.14653" lon="15.30783">
      <ele>450.405</ele>
    </trkpt>
    <trkpt lat="40.14637" lon="15.30795">
      <ele>449.588</ele>
    </trkpt>
    <trkpt lat="40.1463" lon="15.30803">
      <ele>449.444</ele>
    </trkpt>
    <trkpt lat="40.14594" lon="15.30856">
      <ele>445.499</ele>
    </trkpt>
    <trkpt lat="40.14589" lon="15.30861">
      <ele>445.399</ele>
    </trkpt>
    <trkpt lat="40.14589" lon="15.30861">
      <ele>445.399</ele>
    </trkpt>
    <trkpt lat="40.14589" lon="15.30861">
      <ele>445.399</ele>
    </trkpt>
    <trkpt lat="40.14584" lon="15.30865">
      <ele>445.024</ele>
    </trkpt>
    <trkpt lat="40.14561" lon="15.30876">
      <ele>441.469</ele>
    </trkpt>
    <trkpt lat="40.14549" lon="15.30885">
      <ele>439.928</ele>
    </trkpt>
    <trkpt lat="40.14541" lon="15.30889">
      <ele>438.34</ele>
    </trkpt>
    <trkpt lat="40.14522" lon="15.30899">
      <ele>434.064</ele>
    </trkpt>
    <trkpt lat="40.14497" lon="15.30919">
      <ele>428.352</ele>
    </trkpt>
    <trkpt lat="40.1448" lon="15.30943">
      <ele>424.68</ele>
    </trkpt>
    <trkpt lat="40.14458" lon="15.3098">
      <ele>421.744</ele>
    </trkpt>
    <trkpt lat="40.14437" lon="15.31005">
      <ele>420.688</ele>
    </trkpt>
    <trkpt lat="40.14419" lon="15.31027">
      <ele>420.278</ele>
    </trkpt>
    <trkpt lat="40.14412" lon="15.31037">
      <ele>420.16</ele>
    </trkpt>
    <trkpt lat="40.14402" lon="15.31043">
      <ele>419.512</ele>
    </trkpt>
    <trkpt lat="40.14378" lon="15.3105">
      <ele>417.738</ele>
    </trkpt>
    <trkpt lat="40.14349" lon="15.31059">
      <ele>416.172</ele>
    </trkpt>
    <trkpt lat="40.1432" lon="15.31065">
      <ele>415.22</ele>
    </trkpt>
    <trkpt lat="40.14312" lon="15.31067">
      <ele>415.292</ele>
    </trkpt>
    <trkpt lat="40.14308" lon="15.31068">
      <ele>415.328</ele>
    </trkpt>
    <trkpt lat="40.14272" lon="15.31077">
      <ele>413.822</ele>
    </trkpt>
    <trkpt lat="40.14272" lon="15.31077">
      <ele>413.822</ele>
    </trkpt>
    <trkpt lat="40.14272" lon="15.31077">
      <ele>413.822</ele>
    </trkpt>
    <trkpt lat="40.14268" lon="15.31074">
      <ele>412.665</ele>
    </trkpt>
    <trkpt lat="40.14255" lon="15.31061">
      <ele>409.681</ele>
    </trkpt>
    <trkpt lat="40.14248" lon="15.31053">
      <ele>408.397</ele>
    </trkpt>
    <trkpt lat="40.14228" lon="15.31017">
      <ele>403.202</ele>
    </trkpt>
    <trkpt lat="40.14212" lon="15.30997">
      <ele>400.204</ele>
    </trkpt>
    <trkpt lat="40.14207" lon="15.30992">
      <ele>398.944</ele>
    </trkpt>
    <trkpt lat="40.14201" lon="15.30989">
      <ele>397.756</ele>
    </trkpt>
    <trkpt lat="40.14151" lon="15.30971">
      <ele>385.945</ele>
    </trkpt>
    <trkpt lat="40.14143" lon="15.30971">
      <ele>383.941</ele>
    </trkpt>
    <trkpt lat="40.14137" lon="15.3097">
      <ele>382.369</ele>
    </trkpt>
    <trkpt lat="40.14124" lon="15.30958">
      <ele>378.498</ele>
    </trkpt>
    <trkpt lat="40.14083" lon="15.30944">
      <ele>369.916</ele>
    </trkpt>
    <trkpt lat="40.14067" lon="15.30938">
      <ele>366.02</ele>
    </trkpt>
    <trkpt lat="40.14055" lon="15.30928">
      <ele>363.46</ele>
    </trkpt>
    <trkpt lat="40.14054" lon="15.30926">
      <ele>363.291</ele>
    </trkpt>
    <trkpt lat="40.14054" lon="15.30926">
      <ele>363.291</ele>
    </trkpt>
    <trkpt lat="40.14054" lon="15.30926">
      <ele>363.291</ele>
    </trkpt>
    <trkpt lat="40.1405" lon="15.30921">
      <ele>362.475</ele>
    </trkpt>
    <trkpt lat="40.14046" lon="15.30916">
      <ele>361.616</ele>
    </trkpt>
    <trkpt lat="40.1403" lon="15.30899">
      <ele>358.196</ele>
    </trkpt>
    <trkpt lat="40.14016" lon="15.30889">
      <ele>355.45</ele>
    </trkpt>
    <trkpt lat="40.14007" lon="15.30885">
      <ele>353.792</ele>
    </trkpt>
    <trkpt lat="40.13987" lon="15.30878">
      <ele>350.261</ele>
    </trkpt>
    <trkpt lat="40.13982" lon="15.30874">
      <ele>349.485</ele>
    </trkpt>
    <trkpt lat="40.13975" lon="15.30864">
      <ele>348.486</ele>
    </trkpt>
    <trkpt lat="40.1397" lon="15.30859">
      <ele>347.758</ele>
    </trkpt>
    <trkpt lat="40.13966" lon="15.30858">
      <ele>347.129</ele>
    </trkpt>
    <trkpt lat="40.13961" lon="15.30856">
      <ele>346.422</ele>
    </trkpt>
    <trkpt lat="40.1394" lon="15.30844">
      <ele>344.048</ele>
    </trkpt>
    <trkpt lat="40.13932" lon="15.30841">
      <ele>342.932</ele>
    </trkpt>
    <trkpt lat="40.13917" lon="15.30829">
      <ele>341.524</ele>
    </trkpt>
    <trkpt lat="40.13895" lon="15.30805">
      <ele>340.831</ele>
    </trkpt>
    <trkpt lat="40.13886" lon="15.30797">
      <ele>338.928</ele>
    </trkpt>
    <trkpt lat="40.13883" lon="15.30796">
      <ele>338.398</ele>
    </trkpt>
    <trkpt lat="40.13879" lon="15.30796">
      <ele>337.777</ele>
    </trkpt>
    <trkpt lat="40.13867" lon="15.30799">
      <ele>335.96</ele>
    </trkpt>
    <trkpt lat="40.13859" lon="15.308">
      <ele>334.666</ele>
    </trkpt>
    <trkpt lat="40.13846" lon="15.30796">
      <ele>332.841</ele>
    </trkpt>
    <trkpt lat="40.13818" lon="15.30779">
      <ele>330.66</ele>
    </trkpt>
    <trkpt lat="40.13809" lon="15.30775">
      <ele>329.184</ele>
    </trkpt>
    <trkpt lat="40.13799" lon="15.30772">
      <ele>327.953</ele>
    </trkpt>
    <trkpt lat="40.13769" lon="15.30764">
      <ele>325.373</ele>
    </trkpt>
    <trkpt lat="40.13763" lon="15.3076">
      <ele>324.805</ele>
    </trkpt>
    <trkpt lat="40.13749" lon="15.3075">
      <ele>323.82</ele>
    </trkpt>
    <trkpt lat="40.13741" lon="15.30741">
      <ele>320.961</ele>
    </trkpt>
    <trkpt lat="40.13734" lon="15.30726">
      <ele>318.424</ele>
    </trkpt>
    <trkpt lat="40.13732" lon="15.30723">
      <ele>318.077</ele>
    </trkpt>
    <trkpt lat="40.13723" lon="15.30702">
      <ele>315.047</ele>
    </trkpt>
    <trkpt lat="40.13709" lon="15.30687">
      <ele>311.95</ele>
    </trkpt>
    <trkpt lat="40.13702" lon="15.30681">
      <ele>311.049</ele>
    </trkpt>
    <trkpt lat="40.13698" lon="15.3068">
      <ele>310.95</ele>
    </trkpt>
    <trkpt lat="40.13676" lon="15.3068">
      <ele>306.657</ele>
    </trkpt>
    <trkpt lat="40.13649" lon="15.3068">
      <ele>299.392</ele>
    </trkpt>
    <trkpt lat="40.1362" lon="15.30672">
      <ele>290.072</ele>
    </trkpt>
    <trkpt lat="40.13591" lon="15.3067">
      <ele>281.241</ele>
    </trkpt>
    <trkpt lat="40.13574" lon="15.30678">
      <ele>276.984</ele>
    </trkpt>
    <trkpt lat="40.13548" lon="15.30687">
      <ele>271.985</ele>
    </trkpt>
    <trkpt lat="40.13518" lon="15.307">
      <ele>267.592</ele>
    </trkpt>
    <trkpt lat="40.13482" lon="15.30717">
      <ele>262.408</ele>
    </trkpt>
    <trkpt lat="40.13462" lon="15.30726">
      <ele>258.752</ele>
    </trkpt>
    <trkpt lat="40.13447" lon="15.30741">
      <ele>254.432</ele>
    </trkpt>
    <trkpt lat="40.13425" lon="15.30773">
      <ele>249.199</ele>
    </trkpt>
    <trkpt lat="40.1342" lon="15.30779">
      <ele>248.671</ele>
    </trkpt>
    <trkpt lat="40.13412" lon="15.30782">
      <ele>247.451</ele>
    </trkpt>
    <trkpt lat="40.13402" lon="15.30783">
      <ele>245.619</ele>
    </trkpt>
    <trkpt lat="40.13396" lon="15.30785">
      <ele>244.367</ele>
    </trkpt>
    <trkpt lat="40.1339" lon="15.30791">
      <ele>242.734</ele>
    </trkpt>
    <trkpt lat="40.13386" lon="15.30793">
      <ele>241.809</ele>
    </trkpt>
    <trkpt lat="40.13379" lon="15.30794">
      <ele>240.44</ele>
    </trkpt>
    <trkpt lat="40.13374" lon="15.30792">
      <ele>239.548</ele>
    </trkpt>
    <trkpt lat="40.13369" lon="15.30788">
      <ele>238.485</ele>
    </trkpt>
    <trkpt lat="40.13364" lon="15.30781">
      <ele>237.004</ele>
    </trkpt>
    <trkpt lat="40.13354" lon="15.30753">
      <ele>229.464</ele>
    </trkpt>
    <trkpt lat="40.13353" lon="15.30747">
      <ele>228.416</ele>
    </trkpt>
    <trkpt lat="40.13354" lon="15.3074">
      <ele>228.14</ele>
    </trkpt>
    <trkpt lat="40.13355" lon="15.30736">
      <ele>228.121</ele>
    </trkpt>
    <trkpt lat="40.1336" lon="15.30732">
      <ele>229.358</ele>
    </trkpt>
    <trkpt lat="40.13365" lon="15.30729">
      <ele>231.1</ele>
    </trkpt>
    <trkpt lat="40.13367" lon="15.30719">
      <ele>231.312</ele>
    </trkpt>
    <trkpt lat="40.13367" lon="15.30711">
      <ele>230.736</ele>
    </trkpt>
    <trkpt lat="40.13366" lon="15.307">
      <ele>229.512</ele>
    </trkpt>
    <trkpt lat="40.13359" lon="15.30685">
      <ele>226.104</ele>
    </trkpt>
    <trkpt lat="40.13359" lon="15.30685">
      <ele>226.104</ele>
    </trkpt>
    <trkpt lat="40.13359" lon="15.30685">
      <ele>226.104</ele>
    </trkpt>
    <trkpt lat="40.13357" lon="15.3068">
      <ele>225.45</ele>
    </trkpt>
    <trkpt lat="40.13349" lon="15.30669">
      <ele>223.395</ele>
    </trkpt>
    <trkpt lat="40.13341" lon="15.30662">
      <ele>221.807</ele>
    </trkpt>
    <trkpt lat="40.13338" lon="15.30655">
      <ele>221.566</ele>
    </trkpt>
    <trkpt lat="40.13336" lon="15.30647">
      <ele>221.72</ele>
    </trkpt>
    <trkpt lat="40.13336" lon="15.30631">
      <ele>222.962</ele>
    </trkpt>
    <trkpt lat="40.13338" lon="15.30619">
      <ele>224.123</ele>
    </trkpt>
    <trkpt lat="40.13341" lon="15.30614">
      <ele>224.498</ele>
    </trkpt>
    <trkpt lat="40.13342" lon="15.30609">
      <ele>225.249</ele>
    </trkpt>
    <trkpt lat="40.13341" lon="15.30601">
      <ele>227.435</ele>
    </trkpt>
    <trkpt lat="40.13335" lon="15.30584">
      <ele>232.631</ele>
    </trkpt>
    <trkpt lat="40.13325" lon="15.30563">
      <ele>238.556</ele>
    </trkpt>
    <trkpt lat="40.13319" lon="15.30549">
      <ele>241.892</ele>
    </trkpt>
    <trkpt lat="40.1332" lon="15.30532">
      <ele>245.642</ele>
    </trkpt>
    <trkpt lat="40.13325" lon="15.30501">
      <ele>251.438</ele>
    </trkpt>
    <trkpt lat="40.13334" lon="15.30455">
      <ele>259.209</ele>
    </trkpt>
    <trkpt lat="40.13341" lon="15.30446">
      <ele>260.071</ele>
    </trkpt>
    <trkpt lat="40.13345" lon="15.30438">
      <ele>261.64</ele>
    </trkpt>
    <trkpt lat="40.13345" lon="15.30433">
      <ele>262.587</ele>
    </trkpt>
    <trkpt lat="40.13344" lon="15.30422">
      <ele>264.547</ele>
    </trkpt>
    <trkpt lat="40.13345" lon="15.30413">
      <ele>266.506</ele>
    </trkpt>
    <trkpt lat="40.13346" lon="15.30407">
      <ele>268.04</ele>
    </trkpt>
    <trkpt lat="40.13349" lon="15.30387">
      <ele>273.288</ele>
    </trkpt>
    <trkpt lat="40.13359" lon="15.30358">
      <ele>280.813</ele>
    </trkpt>
    <trkpt lat="40.13365" lon="15.3035">
      <ele>282.648</ele>
    </trkpt>
    <trkpt lat="40.13376" lon="15.30331">
      <ele>286.977</ele>
    </trkpt>
    <trkpt lat="40.13392" lon="15.30295">
      <ele>293.281</ele>
    </trkpt>
    <trkpt lat="40.13413" lon="15.30271">
      <ele>299.6</ele>
    </trkpt>
    <trkpt lat="40.13416" lon="15.30264">
      <ele>300.3</ele>
    </trkpt>
    <trkpt lat="40.1342" lon="15.30253">
      <ele>300.75</ele>
    </trkpt>
    <trkpt lat="40.13423" lon="15.30248">
      <ele>301.273</ele>
    </trkpt>
    <trkpt lat="40.1343" lon="15.30241">
      <ele>302.699</ele>
    </trkpt>
    <trkpt lat="40.13434" lon="15.30235">
      <ele>303.675</ele>
    </trkpt>
    <trkpt lat="40.13437" lon="15.30223">
      <ele>304.583</ele>
    </trkpt>
    <trkpt lat="40.13446" lon="15.30185">
      <ele>311.151</ele>
    </trkpt>
    <trkpt lat="40.13449" lon="15.30174">
      <ele>312.657</ele>
    </trkpt>
    <trkpt lat="40.13456" lon="15.3016">
      <ele>315.168</ele>
    </trkpt>
    <trkpt lat="40.13457" lon="15.30154">
      <ele>316.136</ele>
    </trkpt>
    <trkpt lat="40.13457" lon="15.30151">
      <ele>316.558</ele>
    </trkpt>
    <trkpt lat="40.13457" lon="15.30151">
      <ele>316.558</ele>
    </trkpt>
    <trkpt lat="40.13457" lon="15.30154">
      <ele>316.136</ele>
    </trkpt>
    <trkpt lat="40.13456" lon="15.30131">
      <ele>319.098</ele>
    </trkpt>
    <trkpt lat="40.13452" lon="15.30131">
      <ele>318.419</ele>
    </trkpt>
    <trkpt lat="40.13448" lon="15.30128">
      <ele>318.158</ele>
    </trkpt>
    <trkpt lat="40.13418" lon="15.30092">
      <ele>312.638</ele>
    </trkpt>
    <trkpt lat="40.13411" lon="15.30081">
      <ele>312.311</ele>
    </trkpt>
    <trkpt lat="40.13408" lon="15.30066">
      <ele>314.896</ele>
    </trkpt>
    <trkpt lat="40.13404" lon="15.30043">
      <ele>317.05</ele>
    </trkpt>
    <trkpt lat="40.13403" lon="15.3003">
      <ele>317.451</ele>
    </trkpt>
    <trkpt lat="40.13405" lon="15.30006">
      <ele>318.22</ele>
    </trkpt>
    <trkpt lat="40.13404" lon="15.29995">
      <ele>317.896</ele>
    </trkpt>
    <trkpt lat="40.13391" lon="15.29889">
      <ele>330.592</ele>
    </trkpt>
    <trkpt lat="40.13386" lon="15.29853">
      <ele>330.168</ele>
    </trkpt>
    <trkpt lat="40.13386" lon="15.29841">
      <ele>330.168</ele>
    </trkpt>
    <trkpt lat="40.13387" lon="15.29833">
      <ele>330.468</ele>
    </trkpt>
    <trkpt lat="40.13393" lon="15.29811">
      <ele>332.988</ele>
    </trkpt>
    <trkpt lat="40.13394" lon="15.298">
      <ele>333.198</ele>
    </trkpt>
    <trkpt lat="40.13393" lon="15.2979">
      <ele>332.458</ele>
    </trkpt>
    <trkpt lat="40.13389" lon="15.29777">
      <ele>331.08</ele>
    </trkpt>
    <trkpt lat="40.13387" lon="15.29761">
      <ele>331.8</ele>
    </trkpt>
    <trkpt lat="40.13386" lon="15.29727">
      <ele>332.376</ele>
    </trkpt>
    <trkpt lat="40.13388" lon="15.29709">
      <ele>330.428</ele>
    </trkpt>
    <trkpt lat="40.13393" lon="15.29672">
      <ele>330.732</ele>
    </trkpt>
    <trkpt lat="40.13394" lon="15.29659">
      <ele>331.668</ele>
    </trkpt>
    <trkpt lat="40.13393" lon="15.29645">
      <ele>331.704</ele>
    </trkpt>
    <trkpt lat="40.13389" lon="15.29622">
      <ele>330.658</ele>
    </trkpt>
    <trkpt lat="40.13384" lon="15.29602">
      <ele>329.744</ele>
    </trkpt>
    <trkpt lat="40.13375" lon="15.29577">
      <ele>327.956</ele>
    </trkpt>
    <trkpt lat="40.13374" lon="15.29568">
      <ele>328.24</ele>
    </trkpt>
    <trkpt lat="40.13374" lon="15.29563">
      <ele>328.587</ele>
    </trkpt>
    <trkpt lat="40.13376" lon="15.2956">
      <ele>329.564</ele>
    </trkpt>
    <trkpt lat="40.13376" lon="15.29548">
      <ele>329.459</ele>
    </trkpt>
    <trkpt lat="40.13381" lon="15.29526">
      <ele>329.353</ele>
    </trkpt>
    <trkpt lat="40.13382" lon="15.2952">
      <ele>328.334</ele>
    </trkpt>
    <trkpt lat="40.13382" lon="15.2952">
      <ele>328.334</ele>
    </trkpt>
    <trkpt lat="40.13382" lon="15.2952">
      <ele>328.334</ele>
    </trkpt>
    <trkpt lat="40.13383" lon="15.2951">
      <ele>326.367</ele>
    </trkpt>
    <trkpt lat="40.13392" lon="15.29443">
      <ele>320.496</ele>
    </trkpt>
    <trkpt lat="40.13397" lon="15.29426">
      <ele>320.408</ele>
    </trkpt>
    <trkpt lat="40.13415" lon="15.29385">
      <ele>319.943</ele>
    </trkpt>
    <trkpt lat="40.13423" lon="15.29366">
      <ele>321.964</ele>
    </trkpt>
    <trkpt lat="40.13441" lon="15.29322">
      <ele>322.863</ele>
    </trkpt>
    <trkpt lat="40.13442" lon="15.29314">
      <ele>322.405</ele>
    </trkpt>
    <trkpt lat="40.13442" lon="15.29308">
      <ele>321.992</ele>
    </trkpt>
    <trkpt lat="40.13439" lon="15.29299">
      <ele>322.126</ele>
    </trkpt>
    <trkpt lat="40.13432" lon="15.29283">
      <ele>323.092</ele>
    </trkpt>
    <trkpt lat="40.13425" lon="15.29268">
      <ele>324.004</ele>
    </trkpt>
    <trkpt lat="40.13413" lon="15.29251">
      <ele>324.791</ele>
    </trkpt>
    <trkpt lat="40.13411" lon="15.2924">
      <ele>325.156</ele>
    </trkpt>
    <trkpt lat="40.13411" lon="15.29231">
      <ele>325.48</ele>
    </trkpt>
    <trkpt lat="40.13414" lon="15.29221">
      <ele>325.984</ele>
    </trkpt>
    <trkpt lat="40.13414" lon="15.29221">
      <ele>325.984</ele>
    </trkpt>
    <trkpt lat="40.13414" lon="15.29221">
      <ele>325.984</ele>
    </trkpt>
    <trkpt lat="40.13417" lon="15.29211">
      <ele>326.837</ele>
    </trkpt>
    <trkpt lat="40.13417" lon="15.29199">
      <ele>327.706</ele>
    </trkpt>
  </trkseg>
</trk>
<trk>
  <name>CSN 8 - SAN NAZARIO PALINURO PULITA</name>
  <trkseg>
    <trkpt lat="40.13417" lon="15.29198">
      <ele>327.778</ele>
    </trkpt>
    <trkpt lat="40.13417" lon="15.29198">
      <ele>327.778</ele>
    </trkpt>
    <trkpt lat="40.13417" lon="15.29211">
      <ele>326.837</ele>
    </trkpt>
    <trkpt lat="40.13414" lon="15.29221">
      <ele>325.984</ele>
    </trkpt>
    <trkpt lat="40.13411" lon="15.29201">
      <ele>327.012</ele>
    </trkpt>
    <trkpt lat="40.1341" lon="15.29193">
      <ele>327.332</ele>
    </trkpt>
    <trkpt lat="40.13402" lon="15.29187">
      <ele>326.684</ele>
    </trkpt>
    <trkpt lat="40.13393" lon="15.29179">
      <ele>326.0</ele>
    </trkpt>
    <trkpt lat="40.13393" lon="15.29179">
      <ele>326.0</ele>
    </trkpt>
    <trkpt lat="40.13393" lon="15.29179">
      <ele>326.0</ele>
    </trkpt>
    <trkpt lat="40.13395" lon="15.29169">
      <ele>326.576</ele>
    </trkpt>
    <trkpt lat="40.1339" lon="15.2916">
      <ele>326.6</ele>
    </trkpt>
    <trkpt lat="40.1339" lon="15.2916">
      <ele>326.6</ele>
    </trkpt>
    <trkpt lat="40.1339" lon="15.2916">
      <ele>326.6</ele>
    </trkpt>
    <trkpt lat="40.13387" lon="15.29155">
      <ele>326.869</ele>
    </trkpt>
    <trkpt lat="40.13382" lon="15.29171">
      <ele>325.844</ele>
    </trkpt>
    <trkpt lat="40.13379" lon="15.29182">
      <ele>325.448</ele>
    </trkpt>
    <trkpt lat="40.13367" lon="15.29195">
      <ele>325.0</ele>
    </trkpt>
    <trkpt lat="40.13351" lon="15.29205">
      <ele>326.405</ele>
    </trkpt>
    <trkpt lat="40.13343" lon="15.29216">
      <ele>326.742</ele>
    </trkpt>
    <trkpt lat="40.1334" lon="15.29224">
      <ele>326.441</ele>
    </trkpt>
    <trkpt lat="40.13338" lon="15.29242">
      <ele>325.832</ele>
    </trkpt>
    <trkpt lat="40.13336" lon="15.29246">
      <ele>325.87</ele>
    </trkpt>
    <trkpt lat="40.13329" lon="15.29246">
      <ele>327.125</ele>
    </trkpt>
    <trkpt lat="40.13326" lon="15.29241">
      <ele>328.079</ele>
    </trkpt>
    <trkpt lat="40.13327" lon="15.29223">
      <ele>328.783</ele>
    </trkpt>
    <trkpt lat="40.13327" lon="15.29223">
      <ele>328.783</ele>
    </trkpt>
    <trkpt lat="40.13327" lon="15.29223">
      <ele>328.783</ele>
    </trkpt>
    <trkpt lat="40.13318" lon="15.29237">
      <ele>330.297</ele>
    </trkpt>
    <trkpt lat="40.13298" lon="15.29265">
      <ele>331.593</ele>
    </trkpt>
    <trkpt lat="40.13244" lon="15.29339">
      <ele>329.684</ele>
    </trkpt>
    <trkpt lat="40.13233" lon="15.2935">
      <ele>330.872</ele>
    </trkpt>
    <trkpt lat="40.13224" lon="15.29354">
      <ele>332.384</ele>
    </trkpt>
    <trkpt lat="40.13213" lon="15.29354">
      <ele>332.436</ele>
    </trkpt>
    <trkpt lat="40.13204" lon="15.29351">
      <ele>332.436</ele>
    </trkpt>
    <trkpt lat="40.13191" lon="15.29339">
      <ele>332.669</ele>
    </trkpt>
    <trkpt lat="40.13191" lon="15.29339">
      <ele>332.669</ele>
    </trkpt>
    <trkpt lat="40.13191" lon="15.29339">
      <ele>332.669</ele>
    </trkpt>
    <trkpt lat="40.13174" lon="15.2932">
      <ele>331.504</ele>
    </trkpt>
    <trkpt lat="40.13143" lon="15.29276">
      <ele>331.199</ele>
    </trkpt>
    <trkpt lat="40.13134" lon="15.29265">
      <ele>331.244</ele>
    </trkpt>
    <trkpt lat="40.13123" lon="15.29261">
      <ele>329.588</ele>
    </trkpt>
    <trkpt lat="40.13107" lon="15.29261">
      <ele>326.607</ele>
    </trkpt>
    <trkpt lat="40.13038" lon="15.29273">
      <ele>316.572</ele>
    </trkpt>
    <trkpt lat="40.13004" lon="15.29276">
      <ele>321.221</ele>
    </trkpt>
    <trkpt lat="40.12931" lon="15.29304">
      <ele>323.73</ele>
    </trkpt>
    <trkpt lat="40.12912" lon="15.29316">
      <ele>324.314</ele>
    </trkpt>
    <trkpt lat="40.1288" lon="15.29348">
      <ele>323.735</ele>
    </trkpt>
    <trkpt lat="40.1288" lon="15.29348">
      <ele>323.735</ele>
    </trkpt>
    <trkpt lat="40.1288" lon="15.29348">
      <ele>323.735</ele>
    </trkpt>
    <trkpt lat="40.12871" lon="15.29357">
      <ele>323.679</ele>
    </trkpt>
    <trkpt lat="40.12859" lon="15.29372">
      <ele>323.702</ele>
    </trkpt>
    <trkpt lat="40.12855" lon="15.29382">
      <ele>323.981</ele>
    </trkpt>
    <trkpt lat="40.12856" lon="15.29388">
      <ele>323.346</ele>
    </trkpt>
    <trkpt lat="40.12857" lon="15.29406">
      <ele>322.42</ele>
    </trkpt>
    <trkpt lat="40.12864" lon="15.29435">
      <ele>320.584</ele>
    </trkpt>
    <trkpt lat="40.12874" lon="15.29464">
      <ele>321.633</ele>
    </trkpt>
    <trkpt lat="40.12886" lon="15.2948">
      <ele>321.64</ele>
    </trkpt>
    <trkpt lat="40.12939" lon="15.29544">
      <ele>320.124</ele>
    </trkpt>
    <trkpt lat="40.12944" lon="15.29552">
      <ele>319.728</ele>
    </trkpt>
    <trkpt lat="40.12947" lon="15.29567">
      <ele>320.7</ele>
    </trkpt>
    <trkpt lat="40.12947" lon="15.29586">
      <ele>322.33</ele>
    </trkpt>
    <trkpt lat="40.12944" lon="15.29604">
      <ele>323.12</ele>
    </trkpt>
    <trkpt lat="40.12931" lon="15.29641">
      <ele>324.946</ele>
    </trkpt>
    <trkpt lat="40.12928" lon="15.29653">
      <ele>326.337</ele>
    </trkpt>
    <trkpt lat="40.12927" lon="15.29675">
      <ele>328.557</ele>
    </trkpt>
    <trkpt lat="40.12929" lon="15.29703">
      <ele>331.459</ele>
    </trkpt>
    <trkpt lat="40.12933" lon="15.29728">
      <ele>331.148</ele>
    </trkpt>
    <trkpt lat="40.12934" lon="15.29746">
      <ele>330.032</ele>
    </trkpt>
    <trkpt lat="40.12932" lon="15.29765">
      <ele>329.558</ele>
    </trkpt>
    <trkpt lat="40.12926" lon="15.29784">
      <ele>329.224</ele>
    </trkpt>
    <trkpt lat="40.1291" lon="15.29818">
      <ele>325.938</ele>
    </trkpt>
    <trkpt lat="40.12901" lon="15.29837">
      <ele>324.292</ele>
    </trkpt>
    <trkpt lat="40.12892" lon="15.29861">
      <ele>322.456</ele>
    </trkpt>
    <trkpt lat="40.12877" lon="15.29913">
      <ele>325.14</ele>
    </trkpt>
    <trkpt lat="40.12869" lon="15.29944">
      <ele>325.317</ele>
    </trkpt>
    <trkpt lat="40.12867" lon="15.29956">
      <ele>325.312</ele>
    </trkpt>
    <trkpt lat="40.12866" lon="15.29994">
      <ele>324.16</ele>
    </trkpt>
    <trkpt lat="40.12862" lon="15.30016">
      <ele>324.232</ele>
    </trkpt>
    <trkpt lat="40.12859" lon="15.3003">
      <ele>324.064</ele>
    </trkpt>
    <trkpt lat="40.12822" lon="15.30108">
      <ele>321.239</ele>
    </trkpt>
    <trkpt lat="40.12817" lon="15.30128">
      <ele>321.69</ele>
    </trkpt>
    <trkpt lat="40.12815" lon="15.30148">
      <ele>321.96</ele>
    </trkpt>
    <trkpt lat="40.12813" lon="15.30171">
      <ele>322.506</ele>
    </trkpt>
    <trkpt lat="40.12814" lon="15.30194">
      <ele>322.861</ele>
    </trkpt>
    <trkpt lat="40.12826" lon="15.30241">
      <ele>327.026</ele>
    </trkpt>
    <trkpt lat="40.1283" lon="15.30266">
      <ele>328.687</ele>
    </trkpt>
    <trkpt lat="40.12829" lon="15.30285">
      <ele>328.572</ele>
    </trkpt>
    <trkpt lat="40.12818" lon="15.30341">
      <ele>327.884</ele>
    </trkpt>
    <trkpt lat="40.12818" lon="15.30344">
      <ele>327.716</ele>
    </trkpt>
    <trkpt lat="40.12818" lon="15.30344">
      <ele>327.716</ele>
    </trkpt>
    <trkpt lat="40.12818" lon="15.30344">
      <ele>327.716</ele>
    </trkpt>
    <trkpt lat="40.12813" lon="15.3036">
      <ele>327.729</ele>
    </trkpt>
    <trkpt lat="40.12803" lon="15.30382">
      <ele>328.662</ele>
    </trkpt>
    <trkpt lat="40.12791" lon="15.304">
      <ele>328.686</ele>
    </trkpt>
    <trkpt lat="40.12763" lon="15.30426">
      <ele>328.762</ele>
    </trkpt>
    <trkpt lat="40.12743" lon="15.30441">
      <ele>328.093</ele>
    </trkpt>
    <trkpt lat="40.1273" lon="15.30453">
      <ele>327.565</ele>
    </trkpt>
    <trkpt lat="40.12721" lon="15.30473">
      <ele>327.163</ele>
    </trkpt>
    <trkpt lat="40.12714" lon="15.30488">
      <ele>327.176</ele>
    </trkpt>
    <trkpt lat="40.12706" lon="15.30499">
      <ele>327.429</ele>
    </trkpt>
    <trkpt lat="40.12667" lon="15.30536">
      <ele>327.488</ele>
    </trkpt>
    <trkpt lat="40.12651" lon="15.30556">
      <ele>326.233</ele>
    </trkpt>
    <trkpt lat="40.12642" lon="15.30578">
      <ele>326.654</ele>
    </trkpt>
    <trkpt lat="40.12638" lon="15.30596">
      <ele>327.102</ele>
    </trkpt>
    <trkpt lat="40.12633" lon="15.30607">
      <ele>327.338</ele>
    </trkpt>
    <trkpt lat="40.12625" lon="15.30616">
      <ele>326.884</ele>
    </trkpt>
    <trkpt lat="40.12577" lon="15.30647">
      <ele>325.956</ele>
    </trkpt>
    <trkpt lat="40.12535" lon="15.30668">
      <ele>317.644</ele>
    </trkpt>
    <trkpt lat="40.12497" lon="15.30675">
      <ele>313.9</ele>
    </trkpt>
    <trkpt lat="40.12481" lon="15.30688">
      <ele>313.371</ele>
    </trkpt>
    <trkpt lat="40.12464" lon="15.307">
      <ele>311.563</ele>
    </trkpt>
    <trkpt lat="40.12452" lon="15.30705">
      <ele>310.269</ele>
    </trkpt>
    <trkpt lat="40.12437" lon="15.30707">
      <ele>309.351</ele>
    </trkpt>
    <trkpt lat="40.12417" lon="15.30705">
      <ele>308.737</ele>
    </trkpt>
    <trkpt lat="40.1237" lon="15.30692">
      <ele>302.36</ele>
    </trkpt>
    <trkpt lat="40.12332" lon="15.30677">
      <ele>296.752</ele>
    </trkpt>
    <trkpt lat="40.12313" lon="15.30671">
      <ele>295.84</ele>
    </trkpt>
    <trkpt lat="40.1228" lon="15.30666">
      <ele>293.356</ele>
    </trkpt>
    <trkpt lat="40.12248" lon="15.30658">
      <ele>293.418</ele>
    </trkpt>
    <trkpt lat="40.12248" lon="15.30658">
      <ele>293.418</ele>
    </trkpt>
    <trkpt lat="40.12248" lon="15.30659">
      <ele>293.204</ele>
    </trkpt>
    <trkpt lat="40.12242" lon="15.30657">
      <ele>292.26</ele>
    </trkpt>
    <trkpt lat="40.1222" lon="15.30649">
      <ele>288.518</ele>
    </trkpt>
    <trkpt lat="40.12201" lon="15.3063">
      <ele>284.84</ele>
    </trkpt>
    <trkpt lat="40.12195" lon="15.30606">
      <ele>284.579</ele>
    </trkpt>
    <trkpt lat="40.12203" lon="15.30541">
      <ele>291.878</ele>
    </trkpt>
    <trkpt lat="40.12204" lon="15.30529">
      <ele>293.262</ele>
    </trkpt>
    <trkpt lat="40.122" lon="15.30522">
      <ele>293.59</ele>
    </trkpt>
    <trkpt lat="40.12195" lon="15.30519">
      <ele>293.338</ele>
    </trkpt>
    <trkpt lat="40.1219" lon="15.30519">
      <ele>293.845</ele>
    </trkpt>
    <trkpt lat="40.12182" lon="15.30525">
      <ele>293.834</ele>
    </trkpt>
    <trkpt lat="40.12151" lon="15.30576">
      <ele>286.425</ele>
    </trkpt>
    <trkpt lat="40.1214" lon="15.3059">
      <ele>283.979</ele>
    </trkpt>
    <trkpt lat="40.12129" lon="15.30599">
      <ele>282.757</ele>
    </trkpt>
    <trkpt lat="40.12091" lon="15.30625">
      <ele>281.396</ele>
    </trkpt>
    <trkpt lat="40.12079" lon="15.30631">
      <ele>280.663</ele>
    </trkpt>
    <trkpt lat="40.12069" lon="15.30631">
      <ele>278.916</ele>
    </trkpt>
    <trkpt lat="40.12061" lon="15.30624">
      <ele>278.171</ele>
    </trkpt>
    <trkpt lat="40.12053" lon="15.30599">
      <ele>278.704</ele>
    </trkpt>
    <trkpt lat="40.12043" lon="15.30559">
      <ele>281.312</ele>
    </trkpt>
    <trkpt lat="40.12034" lon="15.30545">
      <ele>281.345</ele>
    </trkpt>
    <trkpt lat="40.12027" lon="15.30544">
      <ele>280.267</ele>
    </trkpt>
    <trkpt lat="40.12018" lon="15.30551">
      <ele>279.371</ele>
    </trkpt>
    <trkpt lat="40.12001" lon="15.30569">
      <ele>275.167</ele>
    </trkpt>
    <trkpt lat="40.11979" lon="15.30595">
      <ele>274.137</ele>
    </trkpt>
    <trkpt lat="40.11945" lon="15.30623">
      <ele>269.527</ele>
    </trkpt>
    <trkpt lat="40.11911" lon="15.30645">
      <ele>271.227</ele>
    </trkpt>
    <trkpt lat="40.11895" lon="15.3065">
      <ele>270.848</ele>
    </trkpt>
    <trkpt lat="40.1188" lon="15.30645">
      <ele>271.933</ele>
    </trkpt>
    <trkpt lat="40.11867" lon="15.30633">
      <ele>271.317</ele>
    </trkpt>
    <trkpt lat="40.11853" lon="15.30609">
      <ele>268.27</ele>
    </trkpt>
    <trkpt lat="40.11838" lon="15.3059">
      <ele>265.64</ele>
    </trkpt>
    <trkpt lat="40.11821" lon="15.30567">
      <ele>264.4</ele>
    </trkpt>
    <trkpt lat="40.11793" lon="15.30528">
      <ele>265.52</ele>
    </trkpt>
    <trkpt lat="40.11779" lon="15.30507">
      <ele>265.891</ele>
    </trkpt>
    <trkpt lat="40.11772" lon="15.30492">
      <ele>263.98</ele>
    </trkpt>
    <trkpt lat="40.11761" lon="15.30454">
      <ele>262.668</ele>
    </trkpt>
    <trkpt lat="40.11754" lon="15.30443">
      <ele>262.238</ele>
    </trkpt>
    <trkpt lat="40.11745" lon="15.30437">
      <ele>262.436</ele>
    </trkpt>
    <trkpt lat="40.11722" lon="15.30432">
      <ele>264.151</ele>
    </trkpt>
    <trkpt lat="40.11703" lon="15.3043">
      <ele>266.052</ele>
    </trkpt>
    <trkpt lat="40.11691" lon="15.3043">
      <ele>267.236</ele>
    </trkpt>
    <trkpt lat="40.11678" lon="15.30435">
      <ele>267.819</ele>
    </trkpt>
    <trkpt lat="40.11648" lon="15.30448">
      <ele>267.406</ele>
    </trkpt>
    <trkpt lat="40.11622" lon="15.30451">
      <ele>267.601</ele>
    </trkpt>
    <trkpt lat="40.11607" lon="15.30456">
      <ele>266.758</ele>
    </trkpt>
    <trkpt lat="40.11613" lon="15.30451">
      <ele>267.736</ele>
    </trkpt>
    <trkpt lat="40.11613" lon="15.30451">
      <ele>267.736</ele>
    </trkpt>
    <trkpt lat="40.11613" lon="15.30451">
      <ele>267.736</ele>
    </trkpt>
    <trkpt lat="40.11607" lon="15.30456">
      <ele>266.758</ele>
    </trkpt>
    <trkpt lat="40.11571" lon="15.30475">
      <ele>259.336</ele>
    </trkpt>
    <trkpt lat="40.11557" lon="15.30496">
      <ele>256.312</ele>
    </trkpt>
    <trkpt lat="40.11554" lon="15.30507">
      <ele>254.88</ele>
    </trkpt>
    <trkpt lat="40.11556" lon="15.3053">
      <ele>252.784</ele>
    </trkpt>
    <trkpt lat="40.11556" lon="15.30543">
      <ele>250.867</ele>
    </trkpt>
    <trkpt lat="40.11554" lon="15.3055">
      <ele>249.61</ele>
    </trkpt>
    <trkpt lat="40.11533" lon="15.3057">
      <ele>243.866</ele>
    </trkpt>
    <trkpt lat="40.1153" lon="15.3056">
      <ele>245.427</ele>
    </trkpt>
    <trkpt lat="40.11527" lon="15.30543">
      <ele>246.767</ele>
    </trkpt>
    <trkpt lat="40.11526" lon="15.3053">
      <ele>247.466</ele>
    </trkpt>
    <trkpt lat="40.11523" lon="15.30521">
      <ele>247.128</ele>
    </trkpt>
    <trkpt lat="40.11497" lon="15.30482">
      <ele>241.54</ele>
    </trkpt>
    <trkpt lat="40.11482" lon="15.30474">
      <ele>238.336</ele>
    </trkpt>
    <trkpt lat="40.11461" lon="15.30452">
      <ele>233.172</ele>
    </trkpt>
    <trkpt lat="40.11448" lon="15.30423">
      <ele>231.341</ele>
    </trkpt>
    <trkpt lat="40.11437" lon="15.30414">
      <ele>229.706</ele>
    </trkpt>
    <trkpt lat="40.1142" lon="15.3041">
      <ele>226.651</ele>
    </trkpt>
    <trkpt lat="40.11406" lon="15.30413">
      <ele>223.891</ele>
    </trkpt>
    <trkpt lat="40.11401" lon="15.3042">
      <ele>222.436</ele>
    </trkpt>
    <trkpt lat="40.11397" lon="15.3043">
      <ele>220.868</ele>
    </trkpt>
    <trkpt lat="40.11376" lon="15.30447">
      <ele>215.875</ele>
    </trkpt>
    <trkpt lat="40.11356" lon="15.30464">
      <ele>210.578</ele>
    </trkpt>
    <trkpt lat="40.1135" lon="15.30466">
      <ele>209.606</ele>
    </trkpt>
    <trkpt lat="40.11343" lon="15.30473">
      <ele>207.951</ele>
    </trkpt>
    <trkpt lat="40.11327" lon="15.30483">
      <ele>204.852</ele>
    </trkpt>
    <trkpt lat="40.1131" lon="15.30486">
      <ele>202.913</ele>
    </trkpt>
    <trkpt lat="40.11301" lon="15.30489">
      <ele>201.566</ele>
    </trkpt>
    <trkpt lat="40.11267" lon="15.30516">
      <ele>194.097</ele>
    </trkpt>
    <trkpt lat="40.1125" lon="15.30525">
      <ele>191.9</ele>
    </trkpt>
    <trkpt lat="40.11243" lon="15.30528">
      <ele>190.214</ele>
    </trkpt>
    <trkpt lat="40.11207" lon="15.30533">
      <ele>180.907</ele>
    </trkpt>
    <trkpt lat="40.11198" lon="15.30527">
      <ele>178.02</ele>
    </trkpt>
    <trkpt lat="40.11193" lon="15.30516">
      <ele>176.62</ele>
    </trkpt>
    <trkpt lat="40.11182" lon="15.30484">
      <ele>177.064</ele>
    </trkpt>
    <trkpt lat="40.11179" lon="15.30477">
      <ele>177.532</ele>
    </trkpt>
    <trkpt lat="40.11171" lon="15.30469">
      <ele>177.146</ele>
    </trkpt>
    <trkpt lat="40.11155" lon="15.30455">
      <ele>175.861</ele>
    </trkpt>
    <trkpt lat="40.11148" lon="15.30449">
      <ele>175.6</ele>
    </trkpt>
    <trkpt lat="40.11141" lon="15.30446">
      <ele>175.033</ele>
    </trkpt>
    <trkpt lat="40.11135" lon="15.30448">
      <ele>174.518</ele>
    </trkpt>
    <trkpt lat="40.11124" lon="15.30447">
      <ele>175.125</ele>
    </trkpt>
    <trkpt lat="40.11118" lon="15.30448">
      <ele>175.208</ele>
    </trkpt>
    <trkpt lat="40.11115" lon="15.30454">
      <ele>174.436</ele>
    </trkpt>
    <trkpt lat="40.11102" lon="15.30472">
      <ele>173.344</ele>
    </trkpt>
    <trkpt lat="40.11088" lon="15.30486">
      <ele>172.848</ele>
    </trkpt>
    <trkpt lat="40.11072" lon="15.30511">
      <ele>168.959</ele>
    </trkpt>
    <trkpt lat="40.11072" lon="15.30511">
      <ele>168.959</ele>
    </trkpt>
    <trkpt lat="40.11072" lon="15.30511">
      <ele>168.959</ele>
    </trkpt>
    <trkpt lat="40.11069" lon="15.30517">
      <ele>167.864</ele>
    </trkpt>
    <trkpt lat="40.11058" lon="15.30541">
      <ele>164.706</ele>
    </trkpt>
    <trkpt lat="40.11034" lon="15.30568">
      <ele>159.289</ele>
    </trkpt>
    <trkpt lat="40.10997" lon="15.30621">
      <ele>151.111</ele>
    </trkpt>
    <trkpt lat="40.10983" lon="15.30633">
      <ele>149.143</ele>
    </trkpt>
    <trkpt lat="40.10928" lon="15.30661">
      <ele>140.798</ele>
    </trkpt>
    <trkpt lat="40.10922" lon="15.30661">
      <ele>140.278</ele>
    </trkpt>
    <trkpt lat="40.10903" lon="15.30661">
      <ele>136.964</ele>
    </trkpt>
    <trkpt lat="40.10878" lon="15.30649">
      <ele>135.253</ele>
    </trkpt>
    <trkpt lat="40.10841" lon="15.30648">
      <ele>133.308</ele>
    </trkpt>
    <trkpt lat="40.10826" lon="15.30642">
      <ele>133.302</ele>
    </trkpt>
    <trkpt lat="40.10793" lon="15.30636">
      <ele>130.673</ele>
    </trkpt>
    <trkpt lat="40.1076" lon="15.30629">
      <ele>129.044</ele>
    </trkpt>
    <trkpt lat="40.10732" lon="15.30615">
      <ele>126.431</ele>
    </trkpt>
    <trkpt lat="40.10721" lon="15.30598">
      <ele>124.627</ele>
    </trkpt>
    <trkpt lat="40.10713" lon="15.30585">
      <ele>122.032</ele>
    </trkpt>
    <trkpt lat="40.10707" lon="15.30593">
      <ele>120.259</ele>
    </trkpt>
    <trkpt lat="40.10706" lon="15.30603">
      <ele>120.157</ele>
    </trkpt>
    <trkpt lat="40.10696" lon="15.30603">
      <ele>117.172</ele>
    </trkpt>
    <trkpt lat="40.10691" lon="15.30592">
      <ele>115.072</ele>
    </trkpt>
    <trkpt lat="40.10692" lon="15.30577">
      <ele>114.576</ele>
    </trkpt>
    <trkpt lat="40.10699" lon="15.30553">
      <ele>114.641</ele>
    </trkpt>
    <trkpt lat="40.10691" lon="15.30537">
      <ele>113.793</ele>
    </trkpt>
    <trkpt lat="40.1068" lon="15.30535">
      <ele>114.489</ele>
    </trkpt>
    <trkpt lat="40.10652" lon="15.30544">
      <ele>114.057</ele>
    </trkpt>
    <trkpt lat="40.10622" lon="15.30565">
      <ele>110.972</ele>
    </trkpt>
    <trkpt lat="40.106" lon="15.30568">
      <ele>108.394</ele>
    </trkpt>
    <trkpt lat="40.10576" lon="15.3056">
      <ele>103.416</ele>
    </trkpt>
    <trkpt lat="40.10567" lon="15.30557">
      <ele>101.472</ele>
    </trkpt>
    <trkpt lat="40.10554" lon="15.3056">
      <ele>98.767</ele>
    </trkpt>
    <trkpt lat="40.10527" lon="15.30583">
      <ele>93.929</ele>
    </trkpt>
    <trkpt lat="40.10517" lon="15.30593">
      <ele>92.488</ele>
    </trkpt>
    <trkpt lat="40.10512" lon="15.30594">
      <ele>91.912</ele>
    </trkpt>
    <trkpt lat="40.10504" lon="15.30591">
      <ele>91.156</ele>
    </trkpt>
    <trkpt lat="40.105" lon="15.30591">
      <ele>90.724</ele>
    </trkpt>
    <trkpt lat="40.10493" lon="15.30592">
      <ele>90.184</ele>
    </trkpt>
    <trkpt lat="40.10494" lon="15.30597">
      <ele>90.076</ele>
    </trkpt>
    <trkpt lat="40.10494" lon="15.30597">
      <ele>90.076</ele>
    </trkpt>
    <trkpt lat="40.10493" lon="15.30592">
      <ele>90.184</ele>
    </trkpt>
    <trkpt lat="40.10485" lon="15.30559">
      <ele>92.548</ele>
    </trkpt>
    <trkpt lat="40.10469" lon="15.30539">
      <ele>93.418</ele>
    </trkpt>
    <trkpt lat="40.10449" lon="15.30522">
      <ele>91.69</ele>
    </trkpt>
    <trkpt lat="40.1041" lon="15.3049">
      <ele>86.48</ele>
    </trkpt>
    <trkpt lat="40.10316" lon="15.30457">
      <ele>80.362</ele>
    </trkpt>
    <trkpt lat="40.10209" lon="15.30413">
      <ele>78.857</ele>
    </trkpt>
    <trkpt lat="40.10174" lon="15.30394">
      <ele>77.424</ele>
    </trkpt>
    <trkpt lat="40.10129" lon="15.3036">
      <ele>77.778</ele>
    </trkpt>
    <trkpt lat="40.10114" lon="15.30357">
      <ele>77.681</ele>
    </trkpt>
    <trkpt lat="40.10096" lon="15.30356">
      <ele>77.536</ele>
    </trkpt>
    <trkpt lat="40.10081" lon="15.30356">
      <ele>77.269</ele>
    </trkpt>
    <trkpt lat="40.10071" lon="15.30355">
      <ele>76.898</ele>
    </trkpt>
    <trkpt lat="40.10067" lon="15.30352">
      <ele>76.875</ele>
    </trkpt>
    <trkpt lat="40.10067" lon="15.30352">
      <ele>76.875</ele>
    </trkpt>
    <trkpt lat="40.10067" lon="15.30352">
      <ele>76.875</ele>
    </trkpt>
    <trkpt lat="40.1006" lon="15.30348">
      <ele>76.708</ele>
    </trkpt>
    <trkpt lat="40.10082" lon="15.30384">
      <ele>75.304</ele>
    </trkpt>
    <trkpt lat="40.10084" lon="15.30393">
      <ele>74.708</ele>
    </trkpt>
    <trkpt lat="40.1008" lon="15.30405">
      <ele>73.79</ele>
    </trkpt>
    <trkpt lat="40.1007" lon="15.30415">
      <ele>73.091</ele>
    </trkpt>
    <trkpt lat="40.10061" lon="15.30415">
      <ele>73.072</ele>
    </trkpt>
    <trkpt lat="40.1005" lon="15.30409">
      <ele>73.076</ele>
    </trkpt>
    <trkpt lat="40.10039" lon="15.304">
      <ele>73.004</ele>
    </trkpt>
    <trkpt lat="40.10008" lon="15.30369">
      <ele>72.09</ele>
    </trkpt>
    <trkpt lat="40.09995" lon="15.30356">
      <ele>71.677</ele>
    </trkpt>
    <trkpt lat="40.09982" lon="15.30348">
      <ele>70.834</ele>
    </trkpt>
    <trkpt lat="40.09968" lon="15.30344">
      <ele>69.951</ele>
    </trkpt>
    <trkpt lat="40.09958" lon="15.30338">
      <ele>69.386</ele>
    </trkpt>
    <trkpt lat="40.09948" lon="15.30324">
      <ele>69.056</ele>
    </trkpt>
    <trkpt lat="40.09929" lon="15.30293">
      <ele>69.236</ele>
    </trkpt>
    <trkpt lat="40.0992" lon="15.30283">
      <ele>68.984</ele>
    </trkpt>
    <trkpt lat="40.0992" lon="15.30283">
      <ele>68.984</ele>
    </trkpt>
    <trkpt lat="40.0992" lon="15.30283">
      <ele>68.984</ele>
    </trkpt>
    <trkpt lat="40.09918" lon="15.30281">
      <ele>68.912</ele>
    </trkpt>
    <trkpt lat="40.0991" lon="15.30275">
      <ele>68.72</ele>
    </trkpt>
    <trkpt lat="40.09901" lon="15.30275">
      <ele>68.072</ele>
    </trkpt>
    <trkpt lat="40.09893" lon="15.30277">
      <ele>67.352</ele>
    </trkpt>
    <trkpt lat="40.09883" lon="15.30285">
      <ele>67.363</ele>
    </trkpt>
    <trkpt lat="40.09877" lon="15.30284">
      <ele>67.116</ele>
    </trkpt>
    <trkpt lat="40.0986" lon="15.30267">
      <ele>66.76</ele>
    </trkpt>
    <trkpt lat="40.09841" lon="15.30254">
      <ele>67.092</ele>
    </trkpt>
    <trkpt lat="40.09807" lon="15.30232">
      <ele>65.138</ele>
    </trkpt>
    <trkpt lat="40.09794" lon="15.30225">
      <ele>65.458</ele>
    </trkpt>
    <trkpt lat="40.09784" lon="15.30217">
      <ele>65.526</ele>
    </trkpt>
    <trkpt lat="40.09778" lon="15.30206">
      <ele>64.838</ele>
    </trkpt>
    <trkpt lat="40.09725" lon="15.30073">
      <ele>69.844</ele>
    </trkpt>
    <trkpt lat="40.09718" lon="15.30046">
      <ele>71.384</ele>
    </trkpt>
    <trkpt lat="40.09718" lon="15.30046">
      <ele>71.384</ele>
    </trkpt>
    <trkpt lat="40.09718" lon="15.30046">
      <ele>71.384</ele>
    </trkpt>
    <trkpt lat="40.09718" lon="15.30046">
      <ele>71.384</ele>
    </trkpt>
    <trkpt lat="40.09711" lon="15.3003">
      <ele>72.032</ele>
    </trkpt>
    <trkpt lat="40.09663" lon="15.30033">
      <ele>68.36</ele>
    </trkpt>
    <trkpt lat="40.09626" lon="15.30018">
      <ele>66.776</ele>
    </trkpt>
    <trkpt lat="40.09606" lon="15.30017">
      <ele>65.408</ele>
    </trkpt>
    <trkpt lat="40.09539" lon="15.30006">
      <ele>62.376</ele>
    </trkpt>
    <trkpt lat="40.09481" lon="15.29988">
      <ele>59.589</ele>
    </trkpt>
    <trkpt lat="40.09431" lon="15.29952">
      <ele>59.775</ele>
    </trkpt>
    <trkpt lat="40.094" lon="15.29917">
      <ele>58.638</ele>
    </trkpt>
    <trkpt lat="40.09385" lon="15.29892">
      <ele>57.395</ele>
    </trkpt>
    <trkpt lat="40.09357" lon="15.2982">
      <ele>57.634</ele>
    </trkpt>
    <trkpt lat="40.09354" lon="15.29803">
      <ele>57.976</ele>
    </trkpt>
    <trkpt lat="40.09353" lon="15.29772">
      <ele>57.708</ele>
    </trkpt>
    <trkpt lat="40.09349" lon="15.2977">
      <ele>57.564</ele>
    </trkpt>
    <trkpt lat="40.09333" lon="15.29747">
      <ele>56.807</ele>
    </trkpt>
    <trkpt lat="40.09327" lon="15.29738">
      <ele>56.494</ele>
    </trkpt>
    <trkpt lat="40.09319" lon="15.29699">
      <ele>55.462</ele>
    </trkpt>
    <trkpt lat="40.09303" lon="15.2965">
      <ele>57.561</ele>
    </trkpt>
    <trkpt lat="40.09293" lon="15.29622">
      <ele>58.86</ele>
    </trkpt>
    <trkpt lat="40.09292" lon="15.29609">
      <ele>59.725</ele>
    </trkpt>
    <trkpt lat="40.09297" lon="15.29598">
      <ele>61.165</ele>
    </trkpt>
    <trkpt lat="40.09298" lon="15.29585">
      <ele>62.32</ele>
    </trkpt>
    <trkpt lat="40.09295" lon="15.29571">
      <ele>63.572</ele>
    </trkpt>
    <trkpt lat="40.09288" lon="15.29566">
      <ele>63.608</ele>
    </trkpt>
    <trkpt lat="40.09279" lon="15.29565">
      <ele>63.068</ele>
    </trkpt>
    <trkpt lat="40.09263" lon="15.29531">
      <ele>65.118</ele>
    </trkpt>
    <trkpt lat="40.09262" lon="15.29517">
      <ele>66.292</ele>
    </trkpt>
    <trkpt lat="40.09266" lon="15.29508">
      <ele>67.454</ele>
    </trkpt>
    <trkpt lat="40.09262" lon="15.29495">
      <ele>68.404</ele>
    </trkpt>
    <trkpt lat="40.09253" lon="15.29489">
      <ele>68.404</ele>
    </trkpt>
    <trkpt lat="40.09248" lon="15.29481">
      <ele>68.908</ele>
    </trkpt>
    <trkpt lat="40.09239" lon="15.29456">
      <ele>70.96</ele>
    </trkpt>
    <trkpt lat="40.09236" lon="15.29451">
      <ele>71.284</ele>
    </trkpt>
    <trkpt lat="40.09221" lon="15.2944">
      <ele>71.436</ele>
    </trkpt>
    <trkpt lat="40.09203" lon="15.29434">
      <ele>71.436</ele>
    </trkpt>
    <trkpt lat="40.09186" lon="15.29421">
      <ele>71.924</ele>
    </trkpt>
    <trkpt lat="40.09177" lon="15.29418">
      <ele>71.6</ele>
    </trkpt>
    <trkpt lat="40.09147" lon="15.29419">
      <ele>69.921</ele>
    </trkpt>
    <trkpt lat="40.09123" lon="15.29415">
      <ele>70.231</ele>
    </trkpt>
    <trkpt lat="40.09117" lon="15.29413">
      <ele>70.452</ele>
    </trkpt>
    <trkpt lat="40.09114" lon="15.29408">
      <ele>71.001</ele>
    </trkpt>
    <trkpt lat="40.09104" lon="15.29391">
      <ele>71.748</ele>
    </trkpt>
    <trkpt lat="40.091" lon="15.29388">
      <ele>71.528</ele>
    </trkpt>
    <trkpt lat="40.09093" lon="15.29388">
      <ele>70.52</ele>
    </trkpt>
    <trkpt lat="40.09079" lon="15.29398">
      <ele>67.548</ele>
    </trkpt>
    <trkpt lat="40.09073" lon="15.29408">
      <ele>65.82</ele>
    </trkpt>
    <trkpt lat="40.0906" lon="15.29416">
      <ele>63.552</ele>
    </trkpt>
    <trkpt lat="40.0906" lon="15.29416">
      <ele>63.552</ele>
    </trkpt>
    <trkpt lat="40.0906" lon="15.29416">
      <ele>63.552</ele>
    </trkpt>
    <trkpt lat="40.0906" lon="15.29416">
      <ele>63.552</ele>
    </trkpt>
    <trkpt lat="40.09054" lon="15.29417">
      <ele>62.907</ele>
    </trkpt>
    <trkpt lat="40.09059" lon="15.29412">
      <ele>63.876</ele>
    </trkpt>
    <trkpt lat="40.09062" lon="15.29406">
      <ele>64.848</ele>
    </trkpt>
    <trkpt lat="40.09066" lon="15.29367">
      <ele>70.28</ele>
    </trkpt>
    <trkpt lat="40.09064" lon="15.29359">
      <ele>71.14</ele>
    </trkpt>
    <trkpt lat="40.0906" lon="15.29358">
      <ele>70.816</ele>
    </trkpt>
    <trkpt lat="40.09048" lon="15.29364">
      <ele>69.584</ele>
    </trkpt>
    <trkpt lat="40.0904" lon="15.29365">
      <ele>69.44</ele>
    </trkpt>
    <trkpt lat="40.09033" lon="15.29361">
      <ele>70.012</ele>
    </trkpt>
    <trkpt lat="40.0903" lon="15.29356">
      <ele>70.552</ele>
    </trkpt>
    <trkpt lat="40.09026" lon="15.29345">
      <ele>71.686</ele>
    </trkpt>
    <trkpt lat="40.09026" lon="15.29339">
      <ele>72.362</ele>
    </trkpt>
    <trkpt lat="40.08996" lon="15.29328">
      <ele>73.604</ele>
    </trkpt>
    <trkpt lat="40.08966" lon="15.29315">
      <ele>72.876</ele>
    </trkpt>
    <trkpt lat="40.08947" lon="15.29305">
      <ele>72.53</ele>
    </trkpt>
    <trkpt lat="40.08928" lon="15.29293">
      <ele>74.432</ele>
    </trkpt>
    <trkpt lat="40.08916" lon="15.29283">
      <ele>76.4</ele>
    </trkpt>
    <trkpt lat="40.08866" lon="15.29239">
      <ele>77.464</ele>
    </trkpt>
    <trkpt lat="40.08783" lon="15.29165">
      <ele>77.853</ele>
    </trkpt>
    <trkpt lat="40.08772" lon="15.29154">
      <ele>78.05</ele>
    </trkpt>
    <trkpt lat="40.08765" lon="15.29148">
      <ele>77.442</ele>
    </trkpt>
    <trkpt lat="40.08749" lon="15.29134">
      <ele>75.348</ele>
    </trkpt>
    <trkpt lat="40.08744" lon="15.29127">
      <ele>75.204</ele>
    </trkpt>
    <trkpt lat="40.08742" lon="15.29118">
      <ele>75.816</ele>
    </trkpt>
    <trkpt lat="40.08742" lon="15.29093">
      <ele>77.864</ele>
    </trkpt>
    <trkpt lat="40.08741" lon="15.29084">
      <ele>78.332</ele>
    </trkpt>
    <trkpt lat="40.08735" lon="15.29072">
      <ele>78.524</ele>
    </trkpt>
    <trkpt lat="40.08731" lon="15.29063">
      <ele>78.776</ele>
    </trkpt>
    <trkpt lat="40.08714" lon="15.29045">
      <ele>78.759</ele>
    </trkpt>
    <trkpt lat="40.08707" lon="15.29035">
      <ele>79.031</ele>
    </trkpt>
    <trkpt lat="40.08702" lon="15.29025">
      <ele>79.55</ele>
    </trkpt>
    <trkpt lat="40.087" lon="15.29013">
      <ele>81.911</ele>
    </trkpt>
    <trkpt lat="40.08701" lon="15.28994">
      <ele>86.641</ele>
    </trkpt>
    <trkpt lat="40.087" lon="15.28989">
      <ele>87.693</ele>
    </trkpt>
    <trkpt lat="40.08681" lon="15.28924">
      <ele>95.4</ele>
    </trkpt>
    <trkpt lat="40.08674" lon="15.28911">
      <ele>95.722</ele>
    </trkpt>
    <trkpt lat="40.0867" lon="15.289">
      <ele>96.352</ele>
    </trkpt>
    <trkpt lat="40.0866" lon="15.28876">
      <ele>96.488</ele>
    </trkpt>
    <trkpt lat="40.08646" lon="15.28829">
      <ele>97.392</ele>
    </trkpt>
    <trkpt lat="40.08643" lon="15.28819">
      <ele>98.508</ele>
    </trkpt>
    <trkpt lat="40.08634" lon="15.28806">
      <ele>99.944</ele>
    </trkpt>
    <trkpt lat="40.0863" lon="15.288">
      <ele>100.872</ele>
    </trkpt>
    <trkpt lat="40.08622" lon="15.2878">
      <ele>103.481</ele>
    </trkpt>
    <trkpt lat="40.08619" lon="15.28765">
      <ele>105.539</ele>
    </trkpt>
    <trkpt lat="40.08618" lon="15.28749">
      <ele>107.915</ele>
    </trkpt>
    <trkpt lat="40.08616" lon="15.28739">
      <ele>109.438</ele>
    </trkpt>
    <trkpt lat="40.08608" lon="15.28714">
      <ele>113.487</ele>
    </trkpt>
    <trkpt lat="40.08606" lon="15.28706">
      <ele>114.781</ele>
    </trkpt>
    <trkpt lat="40.08605" lon="15.28701">
      <ele>115.548</ele>
    </trkpt>
    <trkpt lat="40.08605" lon="15.28701">
      <ele>115.548</ele>
    </trkpt>
    <trkpt lat="40.08605" lon="15.28698">
      <ele>115.956</ele>
    </trkpt>
    <trkpt lat="40.08603" lon="15.28691">
      <ele>117.132</ele>
    </trkpt>
    <trkpt lat="40.08599" lon="15.28685">
      <ele>118.276</ele>
    </trkpt>
    <trkpt lat="40.08593" lon="15.28677">
      <ele>119.625</ele>
    </trkpt>
    <trkpt lat="40.08583" lon="15.28671">
      <ele>120.584</ele>
    </trkpt>
    <trkpt lat="40.08573" lon="15.28665">
      <ele>122.781</ele>
    </trkpt>
    <trkpt lat="40.08561" lon="15.28659">
      <ele>125.206</ele>
    </trkpt>
    <trkpt lat="40.08549" lon="15.28646">
      <ele>128.236</ele>
    </trkpt>
    <trkpt lat="40.08538" lon="15.28632">
      <ele>131.298</ele>
    </trkpt>
    <trkpt lat="40.08518" lon="15.28599">
      <ele>136.716</ele>
    </trkpt>
    <trkpt lat="40.0851" lon="15.28571">
      <ele>140.928</ele>
    </trkpt>
    <trkpt lat="40.08509" lon="15.28558">
      <ele>142.414</ele>
    </trkpt>
    <trkpt lat="40.08509" lon="15.28538">
      <ele>145.614</ele>
    </trkpt>
    <trkpt lat="40.08508" lon="15.2853">
      <ele>146.922</ele>
    </trkpt>
    <trkpt lat="40.085" lon="15.28511">
      <ele>149.416</ele>
    </trkpt>
    <trkpt lat="40.08497" lon="15.28501">
      <ele>150.86</ele>
    </trkpt>
    <trkpt lat="40.08489" lon="15.28466">
      <ele>156.239</ele>
    </trkpt>
    <trkpt lat="40.08487" lon="15.28461">
      <ele>156.895</ele>
    </trkpt>
    <trkpt lat="40.08481" lon="15.28458">
      <ele>156.842</ele>
    </trkpt>
    <trkpt lat="40.08448" lon="15.28442">
      <ele>156.608</ele>
    </trkpt>
    <trkpt lat="40.08432" lon="15.28434">
      <ele>156.16</ele>
    </trkpt>
    <trkpt lat="40.08424" lon="15.28426">
      <ele>156.448</ele>
    </trkpt>
    <trkpt lat="40.08412" lon="15.28413">
      <ele>157.104</ele>
    </trkpt>
    <trkpt lat="40.08404" lon="15.28389">
      <ele>159.984</ele>
    </trkpt>
    <trkpt lat="40.08402" lon="15.28375">
      <ele>162.0</ele>
    </trkpt>
    <trkpt lat="40.08401" lon="15.28364">
      <ele>163.584</ele>
    </trkpt>
    <trkpt lat="40.08402" lon="15.28352">
      <ele>165.33</ele>
    </trkpt>
    <trkpt lat="40.08403" lon="15.28344">
      <ele>166.454</ele>
    </trkpt>
    <trkpt lat="40.08401" lon="15.28337">
      <ele>167.583</ele>
    </trkpt>
    <trkpt lat="40.08398" lon="15.28334">
      <ele>168.24</ele>
    </trkpt>
    <trkpt lat="40.08385" lon="15.28324">
      <ele>170.773</ele>
    </trkpt>
    <trkpt lat="40.08382" lon="15.28319">
      <ele>171.7</ele>
    </trkpt>
    <trkpt lat="40.08377" lon="15.28302">
      <ele>174.53</ele>
    </trkpt>
    <trkpt lat="40.08372" lon="15.28291">
      <ele>175.983</ele>
    </trkpt>
    <trkpt lat="40.08366" lon="15.28284">
      <ele>176.601</ele>
    </trkpt>
    <trkpt lat="40.08352" lon="15.28272">
      <ele>177.78</ele>
    </trkpt>
    <trkpt lat="40.08345" lon="15.28268">
      <ele>178.384</ele>
    </trkpt>
    <trkpt lat="40.08331" lon="15.28264">
      <ele>179.018</ele>
    </trkpt>
    <trkpt lat="40.08326" lon="15.28261">
      <ele>179.729</ele>
    </trkpt>
    <trkpt lat="40.08313" lon="15.28247">
      <ele>182.224</ele>
    </trkpt>
    <trkpt lat="40.08304" lon="15.28241">
      <ele>182.345</ele>
    </trkpt>
    <trkpt lat="40.08298" lon="15.28238">
      <ele>182.388</ele>
    </trkpt>
    <trkpt lat="40.08294" lon="15.28232">
      <ele>182.132</ele>
    </trkpt>
    <trkpt lat="40.08291" lon="15.28235">
      <ele>182.173</ele>
    </trkpt>
    <trkpt lat="40.08291" lon="15.28235">
      <ele>182.173</ele>
    </trkpt>
    <trkpt lat="40.08294" lon="15.28232">
      <ele>182.132</ele>
    </trkpt>
    <trkpt lat="40.08281" lon="15.28245">
      <ele>183.152</ele>
    </trkpt>
    <trkpt lat="40.08264" lon="15.28256">
      <ele>182.291</ele>
    </trkpt>
    <trkpt lat="40.08249" lon="15.28261">
      <ele>181.633</ele>
    </trkpt>
    <trkpt lat="40.08237" lon="15.28264">
      <ele>180.143</ele>
    </trkpt>
    <trkpt lat="40.0823" lon="15.28271">
      <ele>180.369</ele>
    </trkpt>
    <trkpt lat="40.08219" lon="15.28289">
      <ele>181.23</ele>
    </trkpt>
    <trkpt lat="40.08205" lon="15.28307">
      <ele>181.758</ele>
    </trkpt>
    <trkpt lat="40.0819" lon="15.28323">
      <ele>182.746</ele>
    </trkpt>
    <trkpt lat="40.08175" lon="15.2833">
      <ele>183.92</ele>
    </trkpt>
    <trkpt lat="40.08158" lon="15.28339">
      <ele>183.293</ele>
    </trkpt>
    <trkpt lat="40.08135" lon="15.28365">
      <ele>184.356</ele>
    </trkpt>
    <trkpt lat="40.08116" lon="15.28388">
      <ele>181.747</ele>
    </trkpt>
    <trkpt lat="40.08106" lon="15.28397">
      <ele>179.813</ele>
    </trkpt>
    <trkpt lat="40.08094" lon="15.28403">
      <ele>177.221</ele>
    </trkpt>
    <trkpt lat="40.08069" lon="15.28411">
      <ele>172.174</ele>
    </trkpt>
    <trkpt lat="40.08049" lon="15.28421">
      <ele>167.709</ele>
    </trkpt>
    <trkpt lat="40.08023" lon="15.28432">
      <ele>162.434</ele>
    </trkpt>
    <trkpt lat="40.07991" lon="15.28437">
      <ele>158.308</ele>
    </trkpt>
    <trkpt lat="40.07929" lon="15.2844">
      <ele>149.101</ele>
    </trkpt>
    <trkpt lat="40.07892" lon="15.28444">
      <ele>149.732</ele>
    </trkpt>
    <trkpt lat="40.0788" lon="15.28445">
      <ele>150.314</ele>
    </trkpt>
    <trkpt lat="40.07869" lon="15.28446">
      <ele>150.676</ele>
    </trkpt>
    <trkpt lat="40.0785" lon="15.28448">
      <ele>151.272</ele>
    </trkpt>
    <trkpt lat="40.07829" lon="15.28449">
      <ele>151.836</ele>
    </trkpt>
    <trkpt lat="40.07808" lon="15.28449">
      <ele>151.836</ele>
    </trkpt>
    <trkpt lat="40.07792" lon="15.28454">
      <ele>150.223</ele>
    </trkpt>
    <trkpt lat="40.07774" lon="15.28464">
      <ele>150.031</ele>
    </trkpt>
    <trkpt lat="40.07767" lon="15.2847">
      <ele>150.374</ele>
    </trkpt>
    <trkpt lat="40.07767" lon="15.2847">
      <ele>150.374</ele>
    </trkpt>
    <trkpt lat="40.07767" lon="15.28469">
      <ele>150.166</ele>
    </trkpt>
    <trkpt lat="40.07732" lon="15.28496">
      <ele>150.245</ele>
    </trkpt>
    <trkpt lat="40.07711" lon="15.28506">
      <ele>149.576</ele>
    </trkpt>
    <trkpt lat="40.0769" lon="15.28514">
      <ele>148.848</ele>
    </trkpt>
    <trkpt lat="40.07676" lon="15.28515">
      <ele>148.416</ele>
    </trkpt>
    <trkpt lat="40.07652" lon="15.28509">
      <ele>145.521</ele>
    </trkpt>
    <trkpt lat="40.0764" lon="15.28508">
      <ele>143.605</ele>
    </trkpt>
    <trkpt lat="40.07629" lon="15.28511">
      <ele>142.341</ele>
    </trkpt>
    <trkpt lat="40.07619" lon="15.28518">
      <ele>142.124</ele>
    </trkpt>
    <trkpt lat="40.07602" lon="15.2853">
      <ele>142.509</ele>
    </trkpt>
    <trkpt lat="40.07594" lon="15.28535">
      <ele>142.305</ele>
    </trkpt>
    <trkpt lat="40.07584" lon="15.28535">
      <ele>142.507</ele>
    </trkpt>
    <trkpt lat="40.0757" lon="15.2854">
      <ele>145.222</ele>
    </trkpt>
    <trkpt lat="40.07567" lon="15.28542">
      <ele>145.978</ele>
    </trkpt>
    <trkpt lat="40.07537" lon="15.28551">
      <ele>150.341</ele>
    </trkpt>
    <trkpt lat="40.0752" lon="15.28553">
      <ele>151.468</ele>
    </trkpt>
    <trkpt lat="40.075" lon="15.28553">
      <ele>152.908</ele>
    </trkpt>
    <trkpt lat="40.075" lon="15.28553">
      <ele>152.908</ele>
    </trkpt>
    <trkpt lat="40.075" lon="15.28553">
      <ele>152.908</ele>
    </trkpt>
    <trkpt lat="40.07488" lon="15.28553">
      <ele>153.261</ele>
    </trkpt>
    <trkpt lat="40.07472" lon="15.2855">
      <ele>153.389</ele>
    </trkpt>
    <trkpt lat="40.07465" lon="15.28551">
      <ele>153.163</ele>
    </trkpt>
    <trkpt lat="40.07421" lon="15.28573">
      <ele>155.1</ele>
    </trkpt>
    <trkpt lat="40.0741" lon="15.28576">
      <ele>156.129</ele>
    </trkpt>
    <trkpt lat="40.0738" lon="15.28583">
      <ele>158.312</ele>
    </trkpt>
    <trkpt lat="40.07372" lon="15.28588">
      <ele>157.929</ele>
    </trkpt>
    <trkpt lat="40.0735" lon="15.28611">
      <ele>159.384</ele>
    </trkpt>
    <trkpt lat="40.07334" lon="15.28632">
      <ele>161.428</ele>
    </trkpt>
    <trkpt lat="40.07327" lon="15.28639">
      <ele>161.843</ele>
    </trkpt>
    <trkpt lat="40.07306" lon="15.28642">
      <ele>157.851</ele>
    </trkpt>
    <trkpt lat="40.07284" lon="15.2865">
      <ele>154.406</ele>
    </trkpt>
    <trkpt lat="40.07258" lon="15.2866">
      <ele>153.815</ele>
    </trkpt>
    <trkpt lat="40.07249" lon="15.28663">
      <ele>153.978</ele>
    </trkpt>
    <trkpt lat="40.07231" lon="15.28663">
      <ele>152.205</ele>
    </trkpt>
    <trkpt lat="40.07222" lon="15.28658">
      <ele>150.44</ele>
    </trkpt>
    <trkpt lat="40.07217" lon="15.28658">
      <ele>150.44</ele>
    </trkpt>
    <trkpt lat="40.07214" lon="15.2866">
      <ele>150.8</ele>
    </trkpt>
    <trkpt lat="40.07193" lon="15.28661">
      <ele>151.084</ele>
    </trkpt>
    <trkpt lat="40.0717" lon="15.28658">
      <ele>152.2</ele>
    </trkpt>
    <trkpt lat="40.07091" lon="15.28656">
      <ele>158.846</ele>
    </trkpt>
    <trkpt lat="40.07078" lon="15.2866">
      <ele>158.748</ele>
    </trkpt>
    <trkpt lat="40.07068" lon="15.28666">
      <ele>158.094</ele>
    </trkpt>
    <trkpt lat="40.07061" lon="15.28673">
      <ele>158.129</ele>
    </trkpt>
    <trkpt lat="40.07054" lon="15.28681">
      <ele>159.617</ele>
    </trkpt>
    <trkpt lat="40.07045" lon="15.28689">
      <ele>162.321</ele>
    </trkpt>
    <trkpt lat="40.07029" lon="15.28695">
      <ele>165.569</ele>
    </trkpt>
    <trkpt lat="40.07011" lon="15.28697">
      <ele>166.821</ele>
    </trkpt>
    <trkpt lat="40.07009" lon="15.28699">
      <ele>166.344</ele>
    </trkpt>
    <trkpt lat="40.07003" lon="15.28698">
      <ele>167.555</ele>
    </trkpt>
    <trkpt lat="40.06994" lon="15.28697">
      <ele>168.952</ele>
    </trkpt>
    <trkpt lat="40.06991" lon="15.28697">
      <ele>169.296</ele>
    </trkpt>
    <trkpt lat="40.06983" lon="15.287">
      <ele>169.481</ele>
    </trkpt>
    <trkpt lat="40.06979" lon="15.28701">
      <ele>169.737</ele>
    </trkpt>
    <trkpt lat="40.06972" lon="15.28704">
      <ele>169.982</ele>
    </trkpt>
    <trkpt lat="40.06966" lon="15.28708">
      <ele>170.411</ele>
    </trkpt>
    <trkpt lat="40.06956" lon="15.28708">
      <ele>172.562</ele>
    </trkpt>
    <trkpt lat="40.06949" lon="15.28706">
      <ele>174.38</ele>
    </trkpt>
    <trkpt lat="40.06949" lon="15.28706">
      <ele>174.38</ele>
    </trkpt>
    <trkpt lat="40.06949" lon="15.28706">
      <ele>174.38</ele>
    </trkpt>
    <trkpt lat="40.06944" lon="15.28705">
      <ele>175.598</ele>
    </trkpt>
    <trkpt lat="40.0693" lon="15.287">
      <ele>179.944</ele>
    </trkpt>
    <trkpt lat="40.069" lon="15.28701">
      <ele>186.258</ele>
    </trkpt>
    <trkpt lat="40.06891" lon="15.28709">
      <ele>188.061</ele>
    </trkpt>
    <trkpt lat="40.06882" lon="15.28715">
      <ele>189.226</ele>
    </trkpt>
    <trkpt lat="40.06873" lon="15.28717">
      <ele>190.098</ele>
    </trkpt>
    <trkpt lat="40.06873" lon="15.28717">
      <ele>190.098</ele>
    </trkpt>
    <trkpt lat="40.06873" lon="15.28717">
      <ele>190.098</ele>
    </trkpt>
    <trkpt lat="40.06863" lon="15.28719">
      <ele>191.248</ele>
    </trkpt>
    <trkpt lat="40.06856" lon="15.28717">
      <ele>188.726</ele>
    </trkpt>
    <trkpt lat="40.06847" lon="15.28711">
      <ele>184.305</ele>
    </trkpt>
    <trkpt lat="40.06838" lon="15.28692">
      <ele>181.087</ele>
    </trkpt>
    <trkpt lat="40.06817" lon="15.28665">
      <ele>177.503</ele>
    </trkpt>
    <trkpt lat="40.06809" lon="15.28656">
      <ele>175.68</ele>
    </trkpt>
    <trkpt lat="40.06806" lon="15.28651">
      <ele>174.927</ele>
    </trkpt>
    <trkpt lat="40.06806" lon="15.28651">
      <ele>174.927</ele>
    </trkpt>
    <trkpt lat="40.06806" lon="15.28651">
      <ele>174.927</ele>
    </trkpt>
    <trkpt lat="40.06806" lon="15.28651">
      <ele>174.927</ele>
    </trkpt>
    <trkpt lat="40.06806" lon="15.28641">
      <ele>174.201</ele>
    </trkpt>
    <trkpt lat="40.06791" lon="15.28639">
      <ele>171.373</ele>
    </trkpt>
    <trkpt lat="40.067" lon="15.28554">
      <ele>153.654</ele>
    </trkpt>
    <trkpt lat="40.06694" lon="15.28545">
      <ele>152.14</ele>
    </trkpt>
    <trkpt lat="40.06687" lon="15.28514">
      <ele>147.543</ele>
    </trkpt>
    <trkpt lat="40.06687" lon="15.28514">
      <ele>147.543</ele>
    </trkpt>
    <trkpt lat="40.06687" lon="15.28514">
      <ele>147.543</ele>
    </trkpt>
    <trkpt lat="40.06625" lon="15.28557">
      <ele>138.454</ele>
    </trkpt>
    <trkpt lat="40.06619" lon="15.28561">
      <ele>136.205</ele>
    </trkpt>
    <trkpt lat="40.06614" lon="15.28563">
      <ele>134.92</ele>
    </trkpt>
    <trkpt lat="40.06605" lon="15.28564">
      <ele>133.087</ele>
    </trkpt>
    <trkpt lat="40.06599" lon="15.28565">
      <ele>131.795</ele>
    </trkpt>
    <trkpt lat="40.06544" lon="15.28588">
      <ele>124.378</ele>
    </trkpt>
    <trkpt lat="40.06532" lon="15.28596">
      <ele>123.312</ele>
    </trkpt>
    <trkpt lat="40.06523" lon="15.28601">
      <ele>123.147</ele>
    </trkpt>
    <trkpt lat="40.06512" lon="15.28605">
      <ele>123.31</ele>
    </trkpt>
    <trkpt lat="40.06508" lon="15.28604">
      <ele>123.123</ele>
    </trkpt>
    <trkpt lat="40.06497" lon="15.28603">
      <ele>122.953</ele>
    </trkpt>
    <trkpt lat="40.0648" lon="15.28608">
      <ele>124.75</ele>
    </trkpt>
    <trkpt lat="40.0645" lon="15.28622">
      <ele>130.203</ele>
    </trkpt>
    <trkpt lat="40.06434" lon="15.28627">
      <ele>134.796</ele>
    </trkpt>
    <trkpt lat="40.0642" lon="15.28629">
      <ele>138.651</ele>
    </trkpt>
    <trkpt lat="40.06407" lon="15.28629">
      <ele>141.404</ele>
    </trkpt>
    <trkpt lat="40.06402" lon="15.2863">
      <ele>142.799</ele>
    </trkpt>
    <trkpt lat="40.06396" lon="15.2863">
      <ele>144.026</ele>
    </trkpt>
    <trkpt lat="40.06388" lon="15.28633">
      <ele>146.796</ele>
    </trkpt>
    <trkpt lat="40.06376" lon="15.2864">
      <ele>150.997</ele>
    </trkpt>
    <trkpt lat="40.06354" lon="15.28644">
      <ele>153.808</ele>
    </trkpt>
    <trkpt lat="40.06354" lon="15.28648">
      <ele>154.24</ele>
    </trkpt>
    <trkpt lat="40.06344" lon="15.28649">
      <ele>154.708</ele>
    </trkpt>
    <trkpt lat="40.06337" lon="15.28649">
      <ele>154.96</ele>
    </trkpt>
    <trkpt lat="40.06322" lon="15.28639">
      <ele>154.422</ele>
    </trkpt>
    <trkpt lat="40.06317" lon="15.28639">
      <ele>154.602</ele>
    </trkpt>
    <trkpt lat="40.06303" lon="15.28641">
      <ele>155.63</ele>
    </trkpt>
    <trkpt lat="40.06298" lon="15.28641">
      <ele>156.268</ele>
    </trkpt>
    <trkpt lat="40.06289" lon="15.28634">
      <ele>156.186</ele>
    </trkpt>
    <trkpt lat="40.06256" lon="15.28623">
      <ele>156.8</ele>
    </trkpt>
    <trkpt lat="40.06239" lon="15.2862">
      <ele>156.204</ele>
    </trkpt>
    <trkpt lat="40.06233" lon="15.2862">
      <ele>155.988</ele>
    </trkpt>
    <trkpt lat="40.06227" lon="15.28623">
      <ele>156.312</ele>
    </trkpt>
    <trkpt lat="40.06216" lon="15.28635">
      <ele>158.3</ele>
    </trkpt>
    <trkpt lat="40.06216" lon="15.28635">
      <ele>158.3</ele>
    </trkpt>
    <trkpt lat="40.06216" lon="15.28635">
      <ele>158.3</ele>
    </trkpt>
    <trkpt lat="40.06199" lon="15.28653">
      <ele>160.441</ele>
    </trkpt>
    <trkpt lat="40.06196" lon="15.28654">
      <ele>160.602</ele>
    </trkpt>
    <trkpt lat="40.06183" lon="15.28655">
      <ele>159.158</ele>
    </trkpt>
    <trkpt lat="40.06175" lon="15.28659">
      <ele>158.686</ele>
    </trkpt>
    <trkpt lat="40.0617" lon="15.28671">
      <ele>159.99</ele>
    </trkpt>
    <trkpt lat="40.06167" lon="15.28675">
      <ele>160.507</ele>
    </trkpt>
    <trkpt lat="40.06156" lon="15.28676">
      <ele>158.76</ele>
    </trkpt>
    <trkpt lat="40.06153" lon="15.28678">
      <ele>158.58</ele>
    </trkpt>
    <trkpt lat="40.06143" lon="15.287">
      <ele>159.933</ele>
    </trkpt>
    <trkpt lat="40.06127" lon="15.28712">
      <ele>158.237</ele>
    </trkpt>
    <trkpt lat="40.06123" lon="15.28712">
      <ele>157.555</ele>
    </trkpt>
    <trkpt lat="40.06106" lon="15.28712">
      <ele>155.344</ele>
    </trkpt>
    <trkpt lat="40.06096" lon="15.28702">
      <ele>153.544</ele>
    </trkpt>
    <trkpt lat="40.06092" lon="15.287">
      <ele>153.112</ele>
    </trkpt>
    <trkpt lat="40.06074" lon="15.28704">
      <ele>154.268</ele>
    </trkpt>
    <trkpt lat="40.06063" lon="15.28701">
      <ele>154.967</ele>
    </trkpt>
    <trkpt lat="40.06055" lon="15.28695">
      <ele>155.158</ele>
    </trkpt>
    <trkpt lat="40.06038" lon="15.28685">
      <ele>156.8</ele>
    </trkpt>
    <trkpt lat="40.06026" lon="15.28676">
      <ele>157.343</ele>
    </trkpt>
    <trkpt lat="40.06005" lon="15.28645">
      <ele>154.34</ele>
    </trkpt>
    <trkpt lat="40.05998" lon="15.28639">
      <ele>153.94</ele>
    </trkpt>
    <trkpt lat="40.05992" lon="15.28639">
      <ele>153.724</ele>
    </trkpt>
    <trkpt lat="40.05982" lon="15.28631">
      <ele>152.316</ele>
    </trkpt>
    <trkpt lat="40.05977" lon="15.28631">
      <ele>152.085</ele>
    </trkpt>
    <trkpt lat="40.05974" lon="15.2863">
      <ele>151.804</ele>
    </trkpt>
    <trkpt lat="40.05971" lon="15.28626">
      <ele>150.954</ele>
    </trkpt>
    <trkpt lat="40.05965" lon="15.28626">
      <ele>150.021</ele>
    </trkpt>
    <trkpt lat="40.05958" lon="15.28634">
      <ele>150.821</ele>
    </trkpt>
    <trkpt lat="40.05951" lon="15.28637">
      <ele>150.94</ele>
    </trkpt>
    <trkpt lat="40.05946" lon="15.28635">
      <ele>149.891</ele>
    </trkpt>
    <trkpt lat="40.05933" lon="15.28635">
      <ele>148.446</ele>
    </trkpt>
    <trkpt lat="40.05924" lon="15.28634">
      <ele>147.078</ele>
    </trkpt>
    <trkpt lat="40.05915" lon="15.28637">
      <ele>147.088</ele>
    </trkpt>
    <trkpt lat="40.05911" lon="15.28641">
      <ele>147.381</ele>
    </trkpt>
    <trkpt lat="40.05905" lon="15.28641">
      <ele>146.484</ele>
    </trkpt>
    <trkpt lat="40.05891" lon="15.28641">
      <ele>144.392</ele>
    </trkpt>
    <trkpt lat="40.05886" lon="15.28645">
      <ele>143.307</ele>
    </trkpt>
    <trkpt lat="40.05872" lon="15.28651">
      <ele>139.229</ele>
    </trkpt>
    <trkpt lat="40.05865" lon="15.28651">
      <ele>137.071</ele>
    </trkpt>
    <trkpt lat="40.05848" lon="15.28659">
      <ele>137.131</ele>
    </trkpt>
    <trkpt lat="40.05836" lon="15.28662">
      <ele>138.168</ele>
    </trkpt>
    <trkpt lat="40.05829" lon="15.28662">
      <ele>139.341</ele>
    </trkpt>
    <trkpt lat="40.05825" lon="15.28663">
      <ele>140.453</ele>
    </trkpt>
    <trkpt lat="40.05814" lon="15.28663">
      <ele>143.068</ele>
    </trkpt>
    <trkpt lat="40.05802" lon="15.28671">
      <ele>146.684</ele>
    </trkpt>
    <trkpt lat="40.05797" lon="15.28672">
      <ele>146.945</ele>
    </trkpt>
    <trkpt lat="40.0578" lon="15.28668">
      <ele>146.324</ele>
    </trkpt>
    <trkpt lat="40.05779" lon="15.28669">
      <ele>146.577</ele>
    </trkpt>
    <trkpt lat="40.05779" lon="15.28669">
      <ele>146.577</ele>
    </trkpt>
    <trkpt lat="40.05779" lon="15.28669">
      <ele>146.577</ele>
    </trkpt>
    <trkpt lat="40.05768" lon="15.2867">
      <ele>146.53</ele>
    </trkpt>
    <trkpt lat="40.05759" lon="15.28672">
      <ele>146.798</ele>
    </trkpt>
    <trkpt lat="40.0574" lon="15.2867">
      <ele>147.357</ele>
    </trkpt>
    <trkpt lat="40.05723" lon="15.28666">
      <ele>148.624</ele>
    </trkpt>
    <trkpt lat="40.05693" lon="15.28667">
      <ele>146.837</ele>
    </trkpt>
    <trkpt lat="40.05687" lon="15.28666">
      <ele>145.396</ele>
    </trkpt>
    <trkpt lat="40.05672" lon="15.28663">
      <ele>141.508</ele>
    </trkpt>
    <trkpt lat="40.05659" lon="15.28663">
      <ele>139.96</ele>
    </trkpt>
    <trkpt lat="40.05655" lon="15.28662">
      <ele>139.241</ele>
    </trkpt>
    <trkpt lat="40.05633" lon="15.28666">
      <ele>138.652</ele>
    </trkpt>
    <trkpt lat="40.05611" lon="15.2867">
      <ele>136.056</ele>
    </trkpt>
    <trkpt lat="40.05607" lon="15.28674">
      <ele>136.527</ele>
    </trkpt>
    <trkpt lat="40.05599" lon="15.28674">
      <ele>134.875</ele>
    </trkpt>
    <trkpt lat="40.05591" lon="15.28678">
      <ele>134.623</ele>
    </trkpt>
    <trkpt lat="40.05584" lon="15.28683">
      <ele>135.01</ele>
    </trkpt>
    <trkpt lat="40.0558" lon="15.28693">
      <ele>137.88</ele>
    </trkpt>
    <trkpt lat="40.05539" lon="15.28719">
      <ele>139.641</ele>
    </trkpt>
    <trkpt lat="40.05534" lon="15.28711">
      <ele>136.574</ele>
    </trkpt>
    <trkpt lat="40.0552" lon="15.28708">
      <ele>133.927</ele>
    </trkpt>
    <trkpt lat="40.05517" lon="15.28709">
      <ele>133.825</ele>
    </trkpt>
    <trkpt lat="40.0551" lon="15.28716">
      <ele>134.791</ele>
    </trkpt>
    <trkpt lat="40.055" lon="15.28719">
      <ele>134.188</ele>
    </trkpt>
    <trkpt lat="40.05476" lon="15.28719">
      <ele>131.496</ele>
    </trkpt>
    <trkpt lat="40.05474" lon="15.28718">
      <ele>130.986</ele>
    </trkpt>
    <trkpt lat="40.05474" lon="15.28718">
      <ele>130.986</ele>
    </trkpt>
    <trkpt lat="40.05474" lon="15.28718">
      <ele>130.986</ele>
    </trkpt>
    <trkpt lat="40.05472" lon="15.28718">
      <ele>130.752</ele>
    </trkpt>
    <trkpt lat="40.05452" lon="15.28725">
      <ele>129.106</ele>
    </trkpt>
    <trkpt lat="40.05436" lon="15.28727">
      <ele>127.113</ele>
    </trkpt>
    <trkpt lat="40.05431" lon="15.28733">
      <ele>127.015</ele>
    </trkpt>
    <trkpt lat="40.05421" lon="15.28738">
      <ele>126.63</ele>
    </trkpt>
    <trkpt lat="40.05411" lon="15.28738">
      <ele>124.784</ele>
    </trkpt>
    <trkpt lat="40.05399" lon="15.28742">
      <ele>122.482</ele>
    </trkpt>
    <trkpt lat="40.05393" lon="15.28742">
      <ele>121.0</ele>
    </trkpt>
    <trkpt lat="40.05386" lon="15.28747">
      <ele>120.412</ele>
    </trkpt>
    <trkpt lat="40.05378" lon="15.28747">
      <ele>118.108</ele>
    </trkpt>
    <trkpt lat="40.05373" lon="15.28751">
      <ele>117.465</ele>
    </trkpt>
    <trkpt lat="40.05364" lon="15.28753">
      <ele>115.026</ele>
    </trkpt>
    <trkpt lat="40.05356" lon="15.28752">
      <ele>112.896</ele>
    </trkpt>
    <trkpt lat="40.05353" lon="15.28753">
      <ele>112.267</ele>
    </trkpt>
    <trkpt lat="40.05305" lon="15.28763">
      <ele>104.209</ele>
    </trkpt>
    <trkpt lat="40.05298" lon="15.28766">
      <ele>103.133</ele>
    </trkpt>
    <trkpt lat="40.05292" lon="15.28763">
      <ele>101.152</ele>
    </trkpt>
    <trkpt lat="40.05286" lon="15.28765">
      <ele>100.152</ele>
    </trkpt>
    <trkpt lat="40.05279" lon="15.28774">
      <ele>100.454</ele>
    </trkpt>
    <trkpt lat="40.05272" lon="15.28778">
      <ele>99.946</ele>
    </trkpt>
    <trkpt lat="40.05263" lon="15.28778">
      <ele>98.328</ele>
    </trkpt>
    <trkpt lat="40.0524" lon="15.28771">
      <ele>92.968</ele>
    </trkpt>
    <trkpt lat="40.05232" lon="15.28771">
      <ele>92.104</ele>
    </trkpt>
    <trkpt lat="40.05221" lon="15.28775">
      <ele>91.958</ele>
    </trkpt>
    <trkpt lat="40.05208" lon="15.28776">
      <ele>89.58</ele>
    </trkpt>
    <trkpt lat="40.05204" lon="15.28776">
      <ele>88.762</ele>
    </trkpt>
    <trkpt lat="40.052" lon="15.28771">
      <ele>87.224</ele>
    </trkpt>
    <trkpt lat="40.05199" lon="15.28771">
      <ele>87.052</ele>
    </trkpt>
    <trkpt lat="40.05197" lon="15.28773">
      <ele>86.957</ele>
    </trkpt>
    <trkpt lat="40.05194" lon="15.28772">
      <ele>86.287</ele>
    </trkpt>
    <trkpt lat="40.05191" lon="15.28768">
      <ele>85.382</ele>
    </trkpt>
    <trkpt lat="40.05161" lon="15.28763">
      <ele>81.516</ele>
    </trkpt>
    <trkpt lat="40.05151" lon="15.2876">
      <ele>80.868</ele>
    </trkpt>
    <trkpt lat="40.0514" lon="15.28744">
      <ele>79.159</ele>
    </trkpt>
    <trkpt lat="40.05124" lon="15.2874">
      <ele>76.688</ele>
    </trkpt>
    <trkpt lat="40.05124" lon="15.2874">
      <ele>76.688</ele>
    </trkpt>
    <trkpt lat="40.05124" lon="15.28739">
      <ele>76.364</ele>
    </trkpt>
    <trkpt lat="40.05113" lon="15.28737">
      <ele>74.924</ele>
    </trkpt>
    <trkpt lat="40.05098" lon="15.28725">
      <ele>70.286</ele>
    </trkpt>
    <trkpt lat="40.05085" lon="15.28708">
      <ele>62.977</ele>
    </trkpt>
    <trkpt lat="40.05077" lon="15.28711">
      <ele>63.701</ele>
    </trkpt>
    <trkpt lat="40.05078" lon="15.28721">
      <ele>67.746</ele>
    </trkpt>
    <trkpt lat="40.05074" lon="15.28732">
      <ele>69.531</ele>
    </trkpt>
    <trkpt lat="40.05069" lon="15.28735">
      <ele>69.221</ele>
    </trkpt>
    <trkpt lat="40.05066" lon="15.28734">
      <ele>68.519</ele>
    </trkpt>
    <trkpt lat="40.0506" lon="15.2874">
      <ele>68.405</ele>
    </trkpt>
    <trkpt lat="40.05033" lon="15.28748">
      <ele>63.145</ele>
    </trkpt>
    <trkpt lat="40.05014" lon="15.28757">
      <ele>63.72</ele>
    </trkpt>
    <trkpt lat="40.0496" lon="15.28783">
      <ele>75.327</ele>
    </trkpt>
    <trkpt lat="40.04948" lon="15.28786">
      <ele>75.272</ele>
    </trkpt>
    <trkpt lat="40.04915" lon="15.2879">
      <ele>75.279</ele>
    </trkpt>
    <trkpt lat="40.04915" lon="15.2879">
      <ele>75.279</ele>
    </trkpt>
    <trkpt lat="40.04915" lon="15.2879">
      <ele>75.279</ele>
    </trkpt>
    <trkpt lat="40.04912" lon="15.28791">
      <ele>75.332</ele>
    </trkpt>
    <trkpt lat="40.04901" lon="15.28795">
      <ele>75.781</ele>
    </trkpt>
    <trkpt lat="40.04893" lon="15.288">
      <ele>76.741</ele>
    </trkpt>
    <trkpt lat="40.04879" lon="15.28813">
      <ele>76.722</ele>
    </trkpt>
    <trkpt lat="40.04838" lon="15.28851">
      <ele>79.359</ele>
    </trkpt>
    <trkpt lat="40.04829" lon="15.28856">
      <ele>80.296</ele>
    </trkpt>
    <trkpt lat="40.04794" lon="15.28864">
      <ele>81.388</ele>
    </trkpt>
    <trkpt lat="40.04784" lon="15.2887">
      <ele>80.746</ele>
    </trkpt>
    <trkpt lat="40.04774" lon="15.28883">
      <ele>81.229</ele>
    </trkpt>
    <trkpt lat="40.04764" lon="15.28894">
      <ele>79.341</ele>
    </trkpt>
    <trkpt lat="40.04752" lon="15.28902">
      <ele>76.84</ele>
    </trkpt>
    <trkpt lat="40.04741" lon="15.28903">
      <ele>75.037</ele>
    </trkpt>
    <trkpt lat="40.04741" lon="15.28903">
      <ele>75.037</ele>
    </trkpt>
    <trkpt lat="40.04741" lon="15.28903">
      <ele>75.037</ele>
    </trkpt>
    <trkpt lat="40.0474" lon="15.28903">
      <ele>74.874</ele>
    </trkpt>
    <trkpt lat="40.04735" lon="15.28903">
      <ele>74.056</ele>
    </trkpt>
    <trkpt lat="40.04732" lon="15.28897">
      <ele>74.05</ele>
    </trkpt>
    <trkpt lat="40.04731" lon="15.28855">
      <ele>67.796</ele>
    </trkpt>
    <trkpt lat="40.04729" lon="15.28851">
      <ele>66.644</ele>
    </trkpt>
    <trkpt lat="40.04732" lon="15.28841">
      <ele>65.492</ele>
    </trkpt>
    <trkpt lat="40.04737" lon="15.28828">
      <ele>63.926</ele>
    </trkpt>
    <trkpt lat="40.04791" lon="15.28766">
      <ele>54.58</ele>
    </trkpt>
    <trkpt lat="40.04806" lon="15.28754">
      <ele>51.401</ele>
    </trkpt>
    <trkpt lat="40.04809" lon="15.28749">
      <ele>50.715</ele>
    </trkpt>
    <trkpt lat="40.04809" lon="15.28744">
      <ele>49.95</ele>
    </trkpt>
    <trkpt lat="40.04803" lon="15.28721">
      <ele>45.808</ele>
    </trkpt>
    <trkpt lat="40.048" lon="15.28716">
      <ele>45.218</ele>
    </trkpt>
    <trkpt lat="40.04797" lon="15.28715">
      <ele>44.932</ele>
    </trkpt>
    <trkpt lat="40.04718" lon="15.2873">
      <ele>42.344</ele>
    </trkpt>
    <trkpt lat="40.04701" lon="15.28728">
      <ele>38.337</ele>
    </trkpt>
    <trkpt lat="40.04687" lon="15.28718">
      <ele>34.77</ele>
    </trkpt>
    <trkpt lat="40.0468" lon="15.28707">
      <ele>32.489</ele>
    </trkpt>
    <trkpt lat="40.04666" lon="15.28674">
      <ele>26.469</ele>
    </trkpt>
    <trkpt lat="40.04659" lon="15.28678">
      <ele>26.213</ele>
    </trkpt>
    <trkpt lat="40.04659" lon="15.28678">
      <ele>26.213</ele>
    </trkpt>
    <trkpt lat="40.04659" lon="15.28678">
      <ele>26.213</ele>
    </trkpt>
    <trkpt lat="40.04613" lon="15.28708">
      <ele>29.44</ele>
    </trkpt>
    <trkpt lat="40.04594" lon="15.28718">
      <ele>30.811</ele>
    </trkpt>
    <trkpt lat="40.04583" lon="15.28723">
      <ele>31.184</ele>
    </trkpt>
    <trkpt lat="40.0452" lon="15.28746">
      <ele>38.112</ele>
    </trkpt>
    <trkpt lat="40.04514" lon="15.28749">
      <ele>37.918</ele>
    </trkpt>
    <trkpt lat="40.04484" lon="15.2877">
      <ele>37.703</ele>
    </trkpt>
    <trkpt lat="40.04412" lon="15.28824">
      <ele>41.488</ele>
    </trkpt>
    <trkpt lat="40.04387" lon="15.28848">
      <ele>41.448</ele>
    </trkpt>
    <trkpt lat="40.0431" lon="15.28913">
      <ele>44.903</ele>
    </trkpt>
    <trkpt lat="40.04272" lon="15.28945">
      <ele>44.42</ele>
    </trkpt>
    <trkpt lat="40.04254" lon="15.28961">
      <ele>44.134</ele>
    </trkpt>
    <trkpt lat="40.04244" lon="15.28966">
      <ele>43.68</ele>
    </trkpt>
    <trkpt lat="40.04236" lon="15.28975">
      <ele>43.438</ele>
    </trkpt>
    <trkpt lat="40.04233" lon="15.28981">
      <ele>42.971</ele>
    </trkpt>
    <trkpt lat="40.04233" lon="15.28981">
      <ele>42.971</ele>
    </trkpt>
    <trkpt lat="40.04233" lon="15.28981">
      <ele>42.971</ele>
    </trkpt>
    <trkpt lat="40.04233" lon="15.28979">
      <ele>43.015</ele>
    </trkpt>
    <trkpt lat="40.04233" lon="15.28977">
      <ele>43.059</ele>
    </trkpt>
    <trkpt lat="40.04231" lon="15.28975">
      <ele>42.88</ele>
    </trkpt>
    <trkpt lat="40.04229" lon="15.28973">
      <ele>42.711</ele>
    </trkpt>
    <trkpt lat="40.04227" lon="15.28971">
      <ele>42.384</ele>
    </trkpt>
    <trkpt lat="40.04223" lon="15.28969">
      <ele>41.736</ele>
    </trkpt>
    <trkpt lat="40.04215" lon="15.28964">
      <ele>41.189</ele>
    </trkpt>
    <trkpt lat="40.04201" lon="15.28959">
      <ele>40.936</ele>
    </trkpt>
    <trkpt lat="40.04175" lon="15.28949">
      <ele>43.243</ele>
    </trkpt>
    <trkpt lat="40.04108" lon="15.28931">
      <ele>46.714</ele>
    </trkpt>
    <trkpt lat="40.04036" lon="15.28916">
      <ele>48.639</ele>
    </trkpt>
    <trkpt lat="40.04012" lon="15.28914">
      <ele>49.28</ele>
    </trkpt>
    <trkpt lat="40.03985" lon="15.28912">
      <ele>50.036</ele>
    </trkpt>
    <trkpt lat="40.03888" lon="15.28901">
      <ele>55.262</ele>
    </trkpt>
    <trkpt lat="40.03885" lon="15.28901">
      <ele>55.539</ele>
    </trkpt>
    <trkpt lat="40.03844" lon="15.28894">
      <ele>58.584</ele>
    </trkpt>
    <trkpt lat="40.0384" lon="15.28894">
      <ele>59.016</ele>
    </trkpt>
    <trkpt lat="40.03812" lon="15.28884">
      <ele>60.6</ele>
    </trkpt>
    <trkpt lat="40.03793" lon="15.28875">
      <ele>60.904</ele>
    </trkpt>
    <trkpt lat="40.03771" lon="15.28868">
      <ele>61.663</ele>
    </trkpt>
    <trkpt lat="40.03771" lon="15.28868">
      <ele>61.663</ele>
    </trkpt>
    <trkpt lat="40.03771" lon="15.28868">
      <ele>61.663</ele>
    </trkpt>
    <trkpt lat="40.03761" lon="15.28865">
      <ele>62.287</ele>
    </trkpt>
    <trkpt lat="40.03737" lon="15.28854">
      <ele>62.792</ele>
    </trkpt>
    <trkpt lat="40.03716" lon="15.28845">
      <ele>62.1</ele>
    </trkpt>
    <trkpt lat="40.03702" lon="15.2884">
      <ele>61.2</ele>
    </trkpt>
    <trkpt lat="40.03692" lon="15.28836">
      <ele>60.472</ele>
    </trkpt>
    <trkpt lat="40.03687" lon="15.28835">
      <ele>60.284</ele>
    </trkpt>
    <trkpt lat="40.0367" lon="15.28831">
      <ele>59.59</ele>
    </trkpt>
    <trkpt lat="40.03666" lon="15.2883">
      <ele>59.376</ele>
    </trkpt>
    <trkpt lat="40.03651" lon="15.28828">
      <ele>58.476</ele>
    </trkpt>
    <trkpt lat="40.03643" lon="15.28825">
      <ele>57.648</ele>
    </trkpt>
    <trkpt lat="40.03628" lon="15.28827">
      <ele>57.076</ele>
    </trkpt>
    <trkpt lat="40.03588" lon="15.28833">
      <ele>55.286</ele>
    </trkpt>
    <trkpt lat="40.03582" lon="15.28836">
      <ele>55.384</ele>
    </trkpt>
    <trkpt lat="40.03574" lon="15.28839">
      <ele>55.348</ele>
    </trkpt>
    <trkpt lat="40.03571" lon="15.2884">
      <ele>55.312</ele>
    </trkpt>
    <trkpt lat="40.03561" lon="15.28842">
      <ele>54.952</ele>
    </trkpt>
    <trkpt lat="40.03518" lon="15.28839">
      <ele>52.596</ele>
    </trkpt>
    <trkpt lat="40.03516" lon="15.28839">
      <ele>52.51</ele>
    </trkpt>
    <trkpt lat="40.03495" lon="15.28839">
      <ele>51.636</ele>
    </trkpt>
    <trkpt lat="40.03474" lon="15.28843">
      <ele>51.456</ele>
    </trkpt>
    <trkpt lat="40.03439" lon="15.28858">
      <ele>53.552</ele>
    </trkpt>
    <trkpt lat="40.03411" lon="15.28869">
      <ele>54.932</ele>
    </trkpt>
    <trkpt lat="40.03402" lon="15.28871">
      <ele>54.896</ele>
    </trkpt>
    <trkpt lat="40.03397" lon="15.28871">
      <ele>54.716</ele>
    </trkpt>
    <trkpt lat="40.03389" lon="15.2887">
      <ele>54.284</ele>
    </trkpt>
  </trkseg>
</trk>
</gpx>
